seller_id,seller_state,product_category_name_english,total_revenue,total_orders,avg_review_score,avg_freight
0015a82c2db000af6aaaf3ae2ecb0532,SP,small_appliances,2685.0,3,3.6666666666666665,21.02
001cca7ae9ae17fb1caed9dfb1094831,ES,construction_tools_construction,2925.73,23,4.037037037037037,47.00333333333333
001cca7ae9ae17fb1caed9dfb1094831,ES,garden_tools,21561.3,172,3.9558823529411766,35.68492753623188
002100f778ceb8431b7a1020ff7ab48f,SP,furniture_decor,1216.6,50,4.037037037037037,14.417777777777777
004c9cd9d87a3c30c522c48c4fc07416,SP,bed_bath_table,17698.71,145,4.162337662337662,19.35679487179487
00720abe85ba0859807595bbf045a33b,SP,housewares,1007.5,13,3.6538461538461537,12.153076923076924
00ab3eff1b5192e5f1a63bcecfee11c8,SP,health_beauty,98.0,1,5.0,12.08
00d8b143d12632bad99c0ad66ad52825,MG,fashion_bags_accessories,86.0,1,5.0,51.1
00ee68308b45bc5e2660cd833c3f81cc,SP,bed_bath_table,18400.0,113,4.3355704697986575,15.0128
00ee68308b45bc5e2660cd833c3f81cc,SP,furniture_mattress_and_upholstery,1860.0,22,4.2727272727272725,42.21545454545455
00fc707aaaad2d31347cf883cd2dfe10,PR,computers_accessories,12684.9,103,3.791044776119403,16.926592592592595
010543a62bd80aa422851e79a3bc7540,SP,computers_accessories,1416.0,2,4.5,15.975000000000001
010da0602d7774602cd1b3f5fb7b709e,SP,kitchen_dining_laundry_garden_furniture,849.5,1,1.0,46.05
011b0eaba87386a2ae96a7d32bb531d1,SP,health_beauty,99.98,1,4.0,14.59
01266d4c46afa519678d16a8b683d325,PR,costruction_tools_tools,90.25,3,5.0,15.743333333333334
013900e863eace745d3ec7614cab5b1a,PR,baby,581.8,8,4.6,19.998
013900e863eace745d3ec7614cab5b1a,PR,fashion_shoes,993.0,14,4.8,17.039333333333335
013900e863eace745d3ec7614cab5b1a,PR,stationery,44.9,1,5.0,14.1
014c0679dd340a0e338872e7ec85666a,MG,garden_tools,589.0,1,5.0,93.35
014c0679dd340a0e338872e7ec85666a,MG,kitchen_dining_laundry_garden_furniture,5073.0,10,3.9,43.299
014c0679dd340a0e338872e7ec85666a,MG,signaling_and_security,1396.0,3,2.75,25.4925
014d9a685fd57276679edd00e07089e5,PR,cool_stuff,209.96999999999997,3,1.6666666666666667,2.4033333333333333
014d9a685fd57276679edd00e07089e5,PR,stationery,519.91,8,4.555555555555555,15.524444444444445
0176f73cc1195f367f7b32db1e5b3aa8,SP,bed_bath_table,4643.2,37,4.052631578947368,33.47552631578947
01bcc9d254a0143f0ce9791b960b2a47,GO,health_beauty,1393.21,10,4.4,25.148
01c97ebb5cdac52891c0ed1c37ba0012,SP,computers_accessories,577.5,9,4.083333333333333,14.875
01cf7e3d21494c41fb86034f2e714fa1,PR,air_conditioning,1441.1,18,4.4,16.3735
01cf7e3d21494c41fb86034f2e714fa1,PR,baby,415.26,3,5.0,36.54666666666667
01cf7e3d21494c41fb86034f2e714fa1,PR,bed_bath_table,125.9,1,1.0,38.43
01cf7e3d21494c41fb86034f2e714fa1,PR,cool_stuff,493.45,6,4.666666666666667,16.74833333333333
01cf7e3d21494c41fb86034f2e714fa1,PR,home_appliances,629.9,1,5.0,117.35
01cf7e3d21494c41fb86034f2e714fa1,PR,home_appliances_2,3179.59,12,3.727272727272727,58.92916666666667
01cf7e3d21494c41fb86034f2e714fa1,PR,housewares,1662.2,14,4.111111111111111,20.80777777777778
01cf7e3d21494c41fb86034f2e714fa1,PR,small_appliances,748.9,2,5.0,24.085
01ed254b9ff8407dfb9d99ba1e17d923,SP,watches_gifts,1465.99,5,5.0,13.544
01fd077212124329bac32490e8ef80d9,SP,baby,26.0,2,4.5,15.51
01fd077212124329bac32490e8ef80d9,SP,construction_tools_construction,102.0,1,5.0,12.79
01fd077212124329bac32490e8ef80d9,SP,garden_tools,137.0,5,3.4,17.716
01fd077212124329bac32490e8ef80d9,SP,health_beauty,521.0,13,4.214285714285714,15.437857142857142
01fd077212124329bac32490e8ef80d9,SP,home_construction,12.0,1,1.0,12.79
01fd077212124329bac32490e8ef80d9,SP,sports_leisure,65.0,2,5.0,18.32
01fd077212124329bac32490e8ef80d9,SP,toys,345.0,7,4.666666666666667,12.606666666666667
01fdefa7697d26ad920e9e0346d4bd1b,PR,health_beauty,14802.53,128,4.372093023255814,21.002
0241d4d5d36f10f80c644447315af0bd,PR,furniture_decor,31397.7,238,4.3061224489795915,27.86142276422764
0249d282d911d23cb8b869ab49c99f53,SP,sports_leisure,393.0,11,4.2727272727272725,12.625454545454545
024b564ae893ce8e9bfa02c10a401ece,SP,market_place,467.40000000000003,1,5.0,26.3
024b564ae893ce8e9bfa02c10a401ece,SP,musical_instruments,239.0,1,4.0,27.1
02b72cdeb9cfcc429f1af6f4e3f3b737,SP,baby,522.65,4,4.75,56.4975
02c988090b766852e088c69d7fb3b551,SP,fashion_shoes,646.19,4,5.0,16.8325
02c988090b766852e088c69d7fb3b551,SP,signaling_and_security,918.1800000000001,8,4.583333333333333,11.603333333333333
02d35243ea2e497335cd0f076b45675d,RN,furniture_decor,5794.0,14,2.6875,37.871875
02dcd3e8e25bee036e32512bcf175493,MG,stationery,1341.9,13,3.933333333333333,18.772666666666666
02ecc2a19303f05e59ce133fd923fff7,SP,furniture_decor,1158.48,6,4.666666666666667,20.26
02ecc2a19303f05e59ce133fd923fff7,SP,garden_tools,2051.77,8,4.222222222222222,22.226666666666667
02ecc2a19303f05e59ce133fd923fff7,SP,home_construction,2053.94,8,4.777777777777778,17.401111111111113
02f5837340d7eb4f653d676c7256523a,PR,luggage_accessories,3883.05,30,4.833333333333333,19.361
02f623a8eb246f3c5f7c2f96462654e6,SP,health_beauty,420.0,3,4.333333333333333,17.80333333333333
02f623a8eb246f3c5f7c2f96462654e6,SP,sports_leisure,5958.0,41,4.575,18.93219512195122
0307f7565ff85b299b6e5ef162b1b1a9,SP,cool_stuff,3666.0,4,3.5,51.6325
0307f7565ff85b299b6e5ef162b1b1a9,SP,perfumery,16.9,1,2.0,10.96
0307f7565ff85b299b6e5ef162b1b1a9,SP,small_appliances,1029.0,1,5.0,39.5
0336182e1b3e92f029d5354832045fdf,SP,furniture_decor,29.8,1,2.0,8.785
034b9387752bfa309f350a70cd45ffa3,SC,toys,96.0,8,4.5,18.0325
038b75b729c8a9a04b0d07cba7eabe86,SP,housewares,467.0,2,3.5,45.425
039b29ff3b3473435d0cd59040575de9,SP,dvds_blu_ray,35.6,4,4.5,9.35
039b29ff3b3473435d0cd59040575de9,SP,music,79.30000000000001,5,4.4,12.65
039e6ad9dae79614493083e241147386,SP,garden_tools,12925.0,5,4.0,69.684
03a2a6dcbe45d639c4dc2a0d24769c40,SP,garden_tools,1078.41,9,4.111111111111111,19.13888888888889
03bd479e1d9484cdb14104d3023f7321,MG,auto,359.70000000000005,3,4.333333333333333,19.24
0417b067eeab773d2f7061a726dc477f,SC,auto,1859.18,13,3.923076923076923,49.42846153846154
042573af89b6d931f672efaf789d8358,SP,small_appliances,354.98,2,3.0,26.59
042573af89b6d931f672efaf789d8358,SP,sports_leisure,58.5,1,5.0,11.91
04308b1ee57b6625f47df1d56f00eedf,SC,health_beauty,58991.799999999996,92,3.9456521739130435,32.05239130434783
0432ead42b6c8a0bdf68154add917fdf,SP,consoles_games,114.69999999999999,3,4.666666666666667,13.683333333333332
0432ead42b6c8a0bdf68154add917fdf,SP,housewares,79.9,1,1.0,7.81
0432ead42b6c8a0bdf68154add917fdf,SP,toys,7379.8,78,4.590361445783133,13.628192771084338
044668ccd5316b12a7cf0d54a156e3e9,SP,food,137.8,3,5.0,13.3875
04843805947f0fc584fc1969b6e50fe7,RS,bed_bath_table,1400.0,1,5.0,37.38
048c2757535328e0d7dac690ad3c0aae,SP,fashion_shoes,9065.08,50,4.244897959183674,24.9466
04aa0a1c5ce6b222003403a3e11c3cc0,SP,auto,5409.0,10,3.5,45.218125
04aa0a1c5ce6b222003403a3e11c3cc0,SP,sports_leisure,109.0,1,4.0,98.02
04aba03279157f6d4e0fe8ccaf21963c,RJ,health_beauty,2416.0,15,4.533333333333333,21.282
04e38a233f726ef161074ab1c9b0399a,SP,baby,183.5,5,4.6,9.623999999999999
04e38a233f726ef161074ab1c9b0399a,SP,housewares,355.2,6,4.25,16.41875
04e38a233f726ef161074ab1c9b0399a,SP,sports_leisure,452.9,8,3.909090909090909,16.01818181818182
04ee0ec01589969663ba5967c0e0bdc0,RS,arts_and_craftmanship,289.49,1,5.0,24.83
04fdea0c111866e6cf812f1570d6b5bd,SP,computers_accessories,665.0,7,3.7142857142857144,22.099999999999998
04fdea0c111866e6cf812f1570d6b5bd,SP,electronics,200.0,1,2.0,18.65
0509040ea3fe50071181bbc359eb7738,MG,bed_bath_table,45.9,1,5.0,12.48
0509040ea3fe50071181bbc359eb7738,MG,housewares,319.05,7,4.0,15.805555555555555
0509040ea3fe50071181bbc359eb7738,MG,sports_leisure,3324.4,79,4.541176470588235,14.595
052577151711aec5c744fe12e66db3e1,SC,small_appliances,687.0,1,5.0,42.65
054694fa03fe82cec4b7551487331d74,SP,cool_stuff,1987.0,6,3.0,24.81857142857143
054694fa03fe82cec4b7551487331d74,SP,home_appliances_2,2387.0,5,3.8,40.888
054694fa03fe82cec4b7551487331d74,SP,housewares,224.1,1,1.0,19.46
054694fa03fe82cec4b7551487331d74,SP,small_appliances,3688.0,8,3.5,32.82625
056b4ada5bbc2c50cc7842547dda6b51,RJ,electronics,2289.95,5,4.6,24.768
056b4ada5bbc2c50cc7842547dda6b51,RJ,watches_gifts,9913.45,59,4.11864406779661,19.309166666666666
0570350b23eda5444f8d1d9544932058,SP,health_beauty,278.5,4,5.0,16.104000000000003
0570350b23eda5444f8d1d9544932058,SP,perfumery,348.40000000000003,2,5.0,7.39
05730013efda596306417c3b09302475,SC,arts_and_craftmanship,238.0,1,5.0,68.72
05730013efda596306417c3b09302475,SC,furniture_decor,714.0,3,5.0,49.31666666666666
058cb5aeb36d7c0fcae20fc85d5e0a59,RJ,luggage_accessories,1236.0,11,3.5833333333333335,62.318333333333335
058fd0aa2bfdb2274e05e1ae971dabb6,SP,health_beauty,140.0,1,2.0,15.73
058fd0aa2bfdb2274e05e1ae971dabb6,SP,perfumery,7409.9,59,4.419354838709677,13.921774193548387
05a48cc8859962767935ab9087417fbb,SP,garden_tools,42.9,1,5.0,16.49
05a940b4ecae36cadfd8e93bd9c43257,GO,audio,251.9,1,1.0,19.04
05a940b4ecae36cadfd8e93bd9c43257,GO,computers_accessories,193.60000000000002,4,4.5,22.2075
05a940b4ecae36cadfd8e93bd9c43257,GO,cool_stuff,249.60000000000002,4,4.75,15.2825
05aebce0b5c8f0d41b29b686f2d05fd3,SP,garden_tools,40.0,1,5.0,36.55
05aebce0b5c8f0d41b29b686f2d05fd3,SP,home_comfort_2,34.99,1,5.0,9.34
05ca864204d09595ae591b93ea9cf93d,SP,consoles_games,179.9,1,5.0,8.52
05d2173d43ea568aa0540eba70d2ca76,MG,auto,4509.0599999999995,46,3.9591836734693877,26.7646
05d2173d43ea568aa0540eba70d2ca76,MG,construction_tools_construction,670.6,12,4.0,22.14833333333333
05d2173d43ea568aa0540eba70d2ca76,MG,housewares,580.0,4,4.666666666666667,18.814999999999998
05e107217c7266362fd44b75b2cd4cc4,SP,stationery,193.38000000000002,5,4.125,10.251249999999999
05f51e13da97139648b8125c31e5f51b,MG,baby,12614.51,55,4.224137931034483,31.424310344827585
05f51e13da97139648b8125c31e5f51b,MG,cool_stuff,485.79999999999995,2,5.0,33.02
05feb94f19d094d4b0f9281f0b1d4c99,SP,garden_tools,6727.0,4,4.25,107.38499999999999
05feb94f19d094d4b0f9281f0b1d4c99,SP,housewares,2626.0,2,5.0,133.75
05ff92fedb5be47920fea08e501238b9,RS,cool_stuff,8300.68,28,4.0,25.483
05ff92fedb5be47920fea08e501238b9,RS,health_beauty,4811.56,11,4.636363636363637,41.62090909090909
05ff92fedb5be47920fea08e501238b9,RS,small_appliances,7525.34,17,4.555555555555555,27.896666666666665
062c325cd6a2b87845fab56b4ec2eeae,SP,baby,37.88,1,5.0,8.88
062c325cd6a2b87845fab56b4ec2eeae,SP,stationery,95.34,1,5.0,14.98
062ce95fa2ad4dfaedfc79260130565f,RS,bed_bath_table,742.1999999999999,16,3.8333333333333335,16.573333333333334
062ce95fa2ad4dfaedfc79260130565f,RS,furniture_decor,3019.7000000000003,20,4.260869565217392,21.74304347826087
062ce95fa2ad4dfaedfc79260130565f,RS,health_beauty,319.6,4,4.5,18.16
062ce95fa2ad4dfaedfc79260130565f,RS,market_place,3328.7,13,3.769230769230769,17.955384615384613
062ce95fa2ad4dfaedfc79260130565f,RS,sports_leisure,68.9,1,3.0,79.86
06532f10282704ef4c69168b914b77be,PR,garden_tools,9232.95,6,4.714285714285714,86.14428571428572
06532f10282704ef4c69168b914b77be,PR,home_construction,595.0,1,4.0,29.79
06579cb253ecd5a3a12a9e6eb6bf8f47,SP,agro_industry_and_commerce,186.8,2,4.5,7.71
06579cb253ecd5a3a12a9e6eb6bf8f47,SP,furniture_decor,74.9,1,5.0,215.43
06579cb253ecd5a3a12a9e6eb6bf8f47,SP,housewares,4325.7,58,3.8059701492537314,17.757014925373134
066a6914e1ebf3ea95a216c73a986b91,PR,auto,1887.29,8,3.888888888888889,30.19888888888889
066a6914e1ebf3ea95a216c73a986b91,PR,baby,91.99000000000001,3,4.5,16.3125
066a6914e1ebf3ea95a216c73a986b91,PR,furniture_decor,719.08,11,3.8333333333333335,17.014166666666664
066a6914e1ebf3ea95a216c73a986b91,PR,garden_tools,32.99,1,5.0,14.52
066a6914e1ebf3ea95a216c73a986b91,PR,housewares,39.99,1,5.0,15.56
066a6914e1ebf3ea95a216c73a986b91,PR,market_place,74.9,1,3.0,4.86
066a6914e1ebf3ea95a216c73a986b91,PR,sports_leisure,6110.14,41,3.9545454545454546,24.52340909090909
0691148aee60ca47977c187804f935ae,PR,auto,544.97,6,4.428571428571429,21.72714285714286
0691148aee60ca47977c187804f935ae,PR,fashion_bags_accessories,147.79,1,5.0,15.34
0691148aee60ca47977c187804f935ae,PR,health_beauty,171.8,2,5.0,21.05
0691148aee60ca47977c187804f935ae,PR,sports_leisure,4727.2,35,3.8375,30.28725
0691148aee60ca47977c187804f935ae,PR,stationery,235.28000000000003,2,5.0,23.240000000000002
0691148aee60ca47977c187804f935ae,PR,toys,41.47,1,2.0,23.44
0692610d8abe24f287e9fae90ea0bbee,SP,computers_accessories,130.99,2,4.5,8.465
0692610d8abe24f287e9fae90ea0bbee,SP,furniture_decor,43.0,2,3.5,7.4
06a2c3af7b3aee5d69171b0e14f0ee87,MA,health_beauty,36097.979999999996,389,4.022784810126582,30.028656716417913
06bb3a2fe5e7b7a845b13e8fb91bd944,MG,health_beauty,1536.19,17,4.611111111111111,18.11888888888889
06df0c10d34e459d9672bc77388742eb,PR,sports_leisure,9070.0,26,4.366666666666666,17.525666666666666
06e5eefc71ec47ae763c5c6f8db7064f,RS,computers_accessories,7310.48,33,4.03125,22.235588235294117
06e5eefc71ec47ae763c5c6f8db7064f,RS,construction_tools_safety,8517.58,26,3.923076923076923,27.145384615384614
06e5eefc71ec47ae763c5c6f8db7064f,RS,cool_stuff,3431.4500000000003,19,4.0,18.736842105263158
06e5eefc71ec47ae763c5c6f8db7064f,RS,electronics,1657.66,9,3.3,24.527
06e5eefc71ec47ae763c5c6f8db7064f,RS,musical_instruments,459.49,3,5.0,23.25333333333333
06e5eefc71ec47ae763c5c6f8db7064f,RS,telephony,272.01,1,5.0,18.83
07017df32dc5f2f1d2801e579548d620,PB,telephony,488.5,5,4.166666666666667,21.058333333333334
070d165398b553f3b4b851c216b8a358,SP,pet_shop,3333.17,31,3.5405405405405403,25.472105263157893
0725b8c0f3f906e58f70cbe76b7c748c,SP,auto,39.99,1,5.0,17.09
0725b8c0f3f906e58f70cbe76b7c748c,SP,housewares,1093.95,9,3.9,28.582666666666668
0725b8c0f3f906e58f70cbe76b7c748c,SP,signaling_and_security,194.76,2,3.0,14.75
0725b8c0f3f906e58f70cbe76b7c748c,SP,sports_leisure,36.72,1,1.0,11.13
0725b8c0f3f906e58f70cbe76b7c748c,SP,stationery,796.1,3,5.0,13.234
0743a0239d764b9a0f959a57d07e36ab,SP,food,287.96999999999997,3,4.666666666666667,16.94
0743a0239d764b9a0f959a57d07e36ab,SP,health_beauty,48.99,1,5.0,15.44
0747d5bb69f0586cc869d8af4c50f93e,RJ,perfumery,322.8,12,3.8461538461538463,13.956923076923077
0761743cbffb25d7148189e9f1a5f03a,SP,health_beauty,202.2,2,4.166666666666667,11.85
0761743cbffb25d7148189e9f1a5f03a,SP,sports_leisure,39.0,1,5.0,15.1
077c5fae4bea9500e3737b16f71b9d3a,SP,housewares,106.80000000000001,4,4.666666666666667,11.74
0791d9fc1e30678ecf03d3e55fa108d3,MG,housewares,842.0,5,2.727272727272727,16.99909090909091
079d295dcbf06ee8bb1b65ba964eb2b6,SP,construction_tools_construction,349.3,5,4.8,19.079
07a9bc7f61396b658ddf3ac534efe44c,SP,toys,119.9,1,3.5,15.59
07bf9669d84d1f11be443a9dd938f698,SP,garden_tools,144.0,2,5.0,23.825
07bf9669d84d1f11be443a9dd938f698,SP,kitchen_dining_laundry_garden_furniture,1632.0,16,3.090909090909091,27.207727272727276
07d75e33f2750d97d467fb57e4dfdd8a,SP,computers_accessories,699.9,1,4.0,20.87
07d75e33f2750d97d467fb57e4dfdd8a,SP,small_appliances,22.5,1,1.0,16.32
07de60b03d150fb3ea09eab5da5e4c8b,SP,bed_bath_table,719.1,9,4.333333333333333,18.87777777777778
080102cd0a76b09e0dcf55fcacc60e05,MG,computers_accessories,5101.36,90,4.542553191489362,17.80063829787234
080102cd0a76b09e0dcf55fcacc60e05,MG,consoles_games,357.79999999999995,26,4.607142857142857,14.883928571428571
080102cd0a76b09e0dcf55fcacc60e05,MG,electronics,42.9,1,5.0,15.4
080102cd0a76b09e0dcf55fcacc60e05,MG,home_appliances,81.6,4,3.5,11.9275
080102cd0a76b09e0dcf55fcacc60e05,MG,toys,28.99,1,5.0,7.71
080199a181c46c657dc5aa235411be3b,SP,auto,14504.2,79,4.609756097560975,12.53831325301205
08061dc0fc165ed41288cc7acde738ee,SP,computers_accessories,123.8,4,4.5,14.605
08084d990eb3f53af056ccbc1730c8a7,SP,electronics,372.5,12,4.454545454545454,19.524166666666666
081acf3de680d554796c9cf041be7bc2,MG,construction_tools_lights,399.5,1,3.0,25.12
081acf3de680d554796c9cf041be7bc2,MG,furniture_decor,1197.8,3,4.285714285714286,25.768571428571427
082e0bf4cb865a6533b1e8e498cc0255,SP,garden_tools,1993.4,10,3.272727272727273,43.099545454545456
082e0bf4cb865a6533b1e8e498cc0255,SP,housewares,79.9,1,4.0,42.84
085f6f7e049c996695fb2074fe38d45e,SP,auto,18.8,1,5.0,12.79
085f6f7e049c996695fb2074fe38d45e,SP,housewares,53.099999999999994,2,4.0,16.143333333333334
085f6f7e049c996695fb2074fe38d45e,SP,market_place,68.8,1,5.0,19.45
085f6f7e049c996695fb2074fe38d45e,SP,sports_leisure,140.9,1,5.0,13.43
08633c14ef2db992c11f840f04fad4cd,SP,costruction_tools_garden,24.7,1,5.0,15.27
08633c14ef2db992c11f840f04fad4cd,SP,food,33.8,1,5.0,7.39
08633c14ef2db992c11f840f04fad4cd,SP,food_drink,317.2,6,3.625,17.33125
08633c14ef2db992c11f840f04fad4cd,SP,health_beauty,303.8,8,4.25,13.190833333333332
08633c14ef2db992c11f840f04fad4cd,SP,sports_leisure,6964.8,58,4.27027027027027,14.831486486486487
0873d9f8f36123f8d910f4760e788cfb,SP,computers,1390.0,1,1.0,15.09
0873d9f8f36123f8d910f4760e788cfb,SP,telephony,5875.59,5,3.6,29.194
0885aaf116795758dfeb5f1032487bcd,SP,baby,264.8,2,4.0,42.315
0885aaf116795758dfeb5f1032487bcd,SP,bed_bath_table,2308.3,25,4.2592592592592595,15.34851851851852
0887a9f087bcd5d9f6642b52f897fc6c,SP,auto,584.0,4,4.5,19.497500000000002
0887a9f087bcd5d9f6642b52f897fc6c,SP,computers_accessories,329.0,1,5.0,31.09
0887a9f087bcd5d9f6642b52f897fc6c,SP,telephony,729.0,7,4.285714285714286,15.895714285714286
08ad4ac1388e4420ca531c3edfc46198,SP,pet_shop,221.62,6,2.7142857142857144,12.721428571428572
08cdbae123ff67ca4e36d9d641ce0119,MG,furniture_living_room,3098.99,4,2.5,182.745
08d0949a9a17c027262db1f3c450c26c,PR,furniture_decor,324.8,12,3.7083333333333335,19.42
08d1c9478fb0d7d7fcac9c0da4e82fc7,MG,furniture_decor,538.0,1,5.0,67.57
08d2d642cf72b622b14dde1d2f5eb2f5,SP,computers_accessories,365.5,3,4.333333333333333,15.476666666666668
08d2d642cf72b622b14dde1d2f5eb2f5,SP,stationery,74.0,5,4.777777777777778,14.665555555555557
08d2d642cf72b622b14dde1d2f5eb2f5,SP,telephony,320.0,1,5.0,13.63
08d2d642cf72b622b14dde1d2f5eb2f5,SP,watches_gifts,89.5,5,4.0,18.082
08f5819815f3d06545011850bd70f0a8,SP,health_beauty,452.0,3,4.666666666666667,23.61
091065b789659bc3cd9af9cb3a6253ff,RS,cool_stuff,1359.0,2,3.5,42.685
0936e1837d0c79253456bbb2ffaaef10,SP,garden_tools,38.9,1,5.0,15.56
093805f8f2aeb63881444571e1f48f30,SP,health_beauty,1215.79,22,3.814814814814815,12.738518518518518
094ced053e257ae8cae57205592d6712,SP,health_beauty,960.4,11,3.4545454545454546,29.242727272727276
094ced053e257ae8cae57205592d6712,SP,perfumery,558.8,8,4.875,17.17
0951a6e282947e09cd47969f4ed0b47f,SP,health_beauty,18.0,1,5.0,12.79
0951a6e282947e09cd47969f4ed0b47f,SP,perfumery,474.3,6,4.833333333333333,12.538333333333334
09883d9ab71c8fe8a9bfc7fc3075b07e,SP,health_beauty,209.70000000000002,3,3.6666666666666665,17.05
099095b050cfe8eb1ddff5317587e96e,SP,baby,129.99,1,5.0,9.26
099095b050cfe8eb1ddff5317587e96e,SP,cool_stuff,249.99,1,1.0,49.61
099095b050cfe8eb1ddff5317587e96e,SP,furniture_living_room,529.99,1,1.0,33.96
099095b050cfe8eb1ddff5317587e96e,SP,housewares,1130.93,6,2.4444444444444446,17.223333333333333
099095b050cfe8eb1ddff5317587e96e,SP,kitchen_dining_laundry_garden_furniture,265.99,1,3.0,96.82
099095b050cfe8eb1ddff5317587e96e,SP,small_appliances_home_oven_and_coffee,189.99,1,5.0,18.24
099095b050cfe8eb1ddff5317587e96e,SP,sports_leisure,1728.99,2,3.0,83.605
099095b050cfe8eb1ddff5317587e96e,SP,toys,777.97,3,5.0,57.32666666666666
09bad886111255c5b5030314fc7f1a4a,SP,art,487.5,5,5.0,14.572
09f952a5f58d2285b0372551ae8f9b01,SP,furniture_decor,6665.0,36,3.7804878048780486,20.82268292682927
09f952a5f58d2285b0372551ae8f9b01,SP,home_construction,5156.5,14,4.133333333333334,44.748666666666665
0a198e95d32b1be2da9424c962a6ebfa,MG,garden_tools,69.99,1,5.0,16.68
0a82f5fb06a4fe4ac2cf7cb412ec71b8,SP,construction_tools_construction,462.0,2,5.0,11.399999999999999
0a85ebe4e328db81ac9109781205e2f7,SP,furniture_decor,588.0,11,4.636363636363637,11.314545454545454
0a85ebe4e328db81ac9109781205e2f7,SP,party_supplies,79.9,1,4.0,13.29
0aa2205ca24f113f4658a5c536667426,SP,stationery,815.62,4,2.8181818181818183,15.68
0ac4201fda2c68ebc0e47cb9423cf3c9,SP,fashion_bags_accessories,398.0,1,3.0,16.54
0ac4201fda2c68ebc0e47cb9423cf3c9,SP,health_beauty,479.88,11,4.666666666666667,16.415
0ac4201fda2c68ebc0e47cb9423cf3c9,SP,watches_gifts,799.0,1,1.0,20.47
0ad80de75c811326389cfb1daba7d45e,RJ,toys,1449.4,6,5.0,19.220000000000002
0adac9fbd9a2b63cccaac4f8756c1ca8,SP,furniture_decor,583.2,6,4.0,17.48777777777778
0adac9fbd9a2b63cccaac4f8756c1ca8,SP,home_appliances,6990.0,10,4.2,43.788
0adac9fbd9a2b63cccaac4f8756c1ca8,SP,housewares,7543.21,85,3.981132075471698,15.681981132075471
0adac9fbd9a2b63cccaac4f8756c1ca8,SP,market_place,383.29,4,4.0,15.6475
0adac9fbd9a2b63cccaac4f8756c1ca8,SP,stationery,57.9,1,5.0,15.16
0ade5cc4a305ed7093a23f68ca47519c,PR,auto,158.88,2,5.0,21.195
0aea4c6ae1505b3228ddf3dd7822ee5b,SP,watches_gifts,1427.91,8,3.875,18.96875
0af2ab31141893d26aca5a404a537dab,SP,computers_accessories,59.0,1,5.0,15.51
0af977692321d895349eded183341d28,SP,pet_shop,257.75,2,4.5,9.735
0afccdb8a34ee5c79f7c06faf2b4d56e,MG,telephony,1185.6,24,4.086956521739131,15.47875
0b09101900100c0e9d312861fad5a1b9,SP,furniture_decor,153.75,1,4.0,14.61
0b0ddbc7b9d9584f442c7ac92b0ff6c9,SP,auto,1416.76,3,4.666666666666667,44.626666666666665
0b18d63d0cd1d723567903fd34a07df2,SP,auto,648.54,5,4.8,13.934000000000001
0b18d63d0cd1d723567903fd34a07df2,SP,musical_instruments,1029.6,4,4.75,31.6375
0b1ca3ef18a63d7eb0c8897fa0849c08,SP,health_beauty,55.0,1,5.0,7.87
0b35c634521043bf4b47e21547b99ab5,PR,construction_tools_construction,13235.65,50,3.526315789473684,18.89792207792208
0b36063d5818f81ccb94b54adfaebbf5,SC,garden_tools,765.0,1,5.0,1.2
0b3f27369a4d8df98f7eb91077e438ac,SP,furniture_decor,98.67,1,3.0,13.03
0b46f784306be7200ca1700aa55d819f,MG,auto,19.9,1,5.0,10.96
0b64bcdb0784abc139af04077d49a20e,RS,health_beauty,137.6,4,4.75,17.052500000000002
0b90b6df587eb83608a64ea8b390cf07,PR,computers_accessories,28492.76,163,4.016826923076923,17.216172248803826
0bae85eb84b9fb3bd773911e89288d54,SP,art,194.6,4,4.75,29.480000000000004
0bae85eb84b9fb3bd773911e89288d54,SP,audio,31.8,2,5.0,21.93
0bae85eb84b9fb3bd773911e89288d54,SP,baby,29.9,1,4.0,17.92
0bae85eb84b9fb3bd773911e89288d54,SP,bed_bath_table,260.1,3,5.0,18.523333333333333
0bae85eb84b9fb3bd773911e89288d54,SP,furniture_decor,178.8,2,5.0,34.03
0bae85eb84b9fb3bd773911e89288d54,SP,garden_tools,32.28,1,5.0,16.11
0bae85eb84b9fb3bd773911e89288d54,SP,health_beauty,136.5,2,3.6666666666666665,15.036666666666667
0bae85eb84b9fb3bd773911e89288d54,SP,home_construction,69.81,1,4.0,19.68
0bae85eb84b9fb3bd773911e89288d54,SP,housewares,4531.98,76,4.12987012987013,20.07948051948052
0bae85eb84b9fb3bd773911e89288d54,SP,sports_leisure,229.20000000000002,4,3.8333333333333335,17.186666666666667
0bae85eb84b9fb3bd773911e89288d54,SP,stationery,249.60999999999999,7,4.571428571428571,19.177142857142858
0bae85eb84b9fb3bd773911e89288d54,SP,toys,1378.47,31,4.25,19.287777777777777
0bae85eb84b9fb3bd773911e89288d54,SP,watches_gifts,110.50999999999999,2,4.5,22.465
0bb27263628258b8111a0262769fa9db,SP,housewares,22.2,1,5.0,10.96
0bb738e4d789e63e2267697c42d35a2d,SP,garden_tools,443.59999999999997,13,4.642857142857143,15.519285714285715
0bb738e4d789e63e2267697c42d35a2d,SP,industry_commerce_and_business,1864.8000000000002,16,4.625,24.979375
0be8ff43f22e456b4e0371b2245e4d01,SP,auto,89.9,1,1.0,7.89
0be8ff43f22e456b4e0371b2245e4d01,SP,bed_bath_table,524.9,10,3.272727272727273,13.159999999999998
0be8ff43f22e456b4e0371b2245e4d01,SP,computers_accessories,184.39999999999998,5,4.333333333333333,11.898333333333333
0be8ff43f22e456b4e0371b2245e4d01,SP,fashion_bags_accessories,429.6,4,3.0,42.01
0be8ff43f22e456b4e0371b2245e4d01,SP,fashion_sport,199.5,2,4.2,23.524
0be8ff43f22e456b4e0371b2245e4d01,SP,furniture_decor,64.9,1,1.0,19.36
0be8ff43f22e456b4e0371b2245e4d01,SP,furniture_mattress_and_upholstery,129.9,1,3.0,11.93
0be8ff43f22e456b4e0371b2245e4d01,SP,housewares,1207.6,22,4.36,14.8432
0be8ff43f22e456b4e0371b2245e4d01,SP,luggage_accessories,3575.1,31,4.354838709677419,14.093548387096773
0be8ff43f22e456b4e0371b2245e4d01,SP,sports_leisure,2702.2999999999997,58,3.985294117647059,12.65985294117647
0be8ff43f22e456b4e0371b2245e4d01,SP,stationery,799.0,10,4.0,14.237
0be8ff43f22e456b4e0371b2245e4d01,SP,toys,1019.2,8,3.111111111111111,13.628888888888888
0be8ff43f22e456b4e0371b2245e4d01,SP,watches_gifts,409.70000000000005,3,3.6666666666666665,11.206666666666665
0bebbb2cea103a4a020c95d43fd7d754,SP,drinks,155.0,1,5.0,16.19
0bebbb2cea103a4a020c95d43fd7d754,SP,health_beauty,1212.2,8,4.875,16.36875
0bf0150d5b9d60d9cd2906003332f085,SP,furniture_decor,5335.1,34,3.7222222222222223,16.96421052631579
0bf0150d5b9d60d9cd2906003332f085,SP,home_confort,439.5,5,3.6,26.156
0bfd0b434243adc5c2e1aa6baf19c6aa,RJ,furniture_decor,84.9,1,4.0,8.01
0bfd0b434243adc5c2e1aa6baf19c6aa,RJ,housewares,76.4,2,3.0,10.584999999999999
0bfd0b434243adc5c2e1aa6baf19c6aa,RJ,luggage_accessories,97.5,1,4.0,14.43
0bfd0b434243adc5c2e1aa6baf19c6aa,RJ,watches_gifts,69.9,1,4.0,14.24
0c7533c71df861ec58ad7ff999ed0e8d,SP,perfumery,2989.2999999999997,61,4.082191780821918,11.975479452054795
0c7f30ae9b147eca07affbef92832a6a,PR,computers_accessories,159.8,2,5.0,15.77
0c7f30ae9b147eca07affbef92832a6a,PR,office_furniture,39.9,1,5.0,20.43
0c7f30ae9b147eca07affbef92832a6a,PR,sports_leisure,129.9,1,5.0,17.75
0c8380b62e38e8a1e6adbeba7eb9688c,MG,baby,173.70000000000002,3,4.666666666666667,16.95
0c8380b62e38e8a1e6adbeba7eb9688c,MG,bed_bath_table,10780.59,121,3.934306569343066,17.990719424460433
0c8380b62e38e8a1e6adbeba7eb9688c,MG,furniture_decor,4250.7,33,4.355555555555555,20.464444444444442
0cab2da43793a6f3c5ed8514c5f54627,PR,sports_leisure,69.9,1,5.0,18.42
0cab2da43793a6f3c5ed8514c5f54627,PR,stationery,239.8,2,5.0,19.39
0cbcee27c791afa0cdcb08587a2013a8,MG,fashion_bags_accessories,3453.15,27,4.172413793103448,20.84793103448276
0cbcee27c791afa0cdcb08587a2013a8,MG,fashion_sport,225.0,1,5.0,13.7
0cbcee27c791afa0cdcb08587a2013a8,MG,sports_leisure,1376.0,9,3.3333333333333335,18.36
0d33a55da925bbf1ff02af5f6059fc7f,SP,books_general_interest,126.6,7,4.777777777777778,12.246666666666666
0d33a55da925bbf1ff02af5f6059fc7f,SP,books_technical,289.0,11,4.090909090909091,20.35090909090909
0d33a55da925bbf1ff02af5f6059fc7f,SP,furniture_decor,19.9,1,5.0,12.8
0d33a55da925bbf1ff02af5f6059fc7f,SP,toys,111.8,3,5.0,12.910000000000002
0d4c8269e7f0401201794deef160edd6,SP,auto,792.64,3,4.0,24.8475
0d83f8e03188682112cc0d93523705cc,RS,computers_accessories,516.3000000000001,3,2.3333333333333335,15.924999999999999
0d85bbda9889ce1f7e63778d24f346eb,MG,art,499.5,5,4.8,27.854000000000003
0d85bbda9889ce1f7e63778d24f346eb,MG,christmas_supplies,2110.8,15,4.5,28.70181818181818
0d85bbda9889ce1f7e63778d24f346eb,MG,stationery,2234.9,31,3.967741935483871,27.541612903225804
0daf5180aa44356f60f8effa533b55a2,GO,perfumery,144.8,2,5.0,19.415
0db783cfcd3b73998abc6e10e59a102f,SP,auto,36.9,1,,15.1
0db783cfcd3b73998abc6e10e59a102f,SP,computers_accessories,1012.3,22,3.6818181818181817,15.069090909090908
0db783cfcd3b73998abc6e10e59a102f,SP,cool_stuff,139.8,2,5.0,9.32
0db783cfcd3b73998abc6e10e59a102f,SP,tablets_printing_image,4993.8,50,4.30188679245283,14.789811320754717
0db783cfcd3b73998abc6e10e59a102f,SP,telephony,2894.6,57,4.305084745762712,14.40728813559322
0dd184061fb0eaa7ca37932c68ab91c5,SP,housewares,6741.92,53,3.967741935483871,23.124761904761908
0dd184061fb0eaa7ca37932c68ab91c5,SP,industry_commerce_and_business,9863.0,92,3.9285714285714284,30.322053571428572
0dd184061fb0eaa7ca37932c68ab91c5,SP,sports_leisure,1842.0,16,4.055555555555555,25.920555555555556
0ddefe3c7a032b91f4e25b9c3a08fca1,SP,art,68.9,1,3.0,13.78
0ddefe3c7a032b91f4e25b9c3a08fca1,SP,arts_and_craftmanship,229.5,4,4.75,10.1875
0ddefe3c7a032b91f4e25b9c3a08fca1,SP,computers_accessories,36.9,1,5.0,15.36
0ddefe3c7a032b91f4e25b9c3a08fca1,SP,stationery,67.6,3,4.5,20.0275
0df3984f9dfb3d49ac6366acbd3bbb85,MG,health_beauty,9530.09,80,4.378048780487805,16.988780487804878
0df3984f9dfb3d49ac6366acbd3bbb85,MG,perfumery,361.40000000000003,6,3.8333333333333335,14.995
0dfbed20065e425d2eaefb101f9816c0,SP,baby,50.36,2,3.5,15.51
0dfbed20065e425d2eaefb101f9816c0,SP,housewares,33.99,1,1.0,18.23
0e44d110fa6a54e121cb2c095a77762f,SP,stationery,223.32,6,4.333333333333333,11.676666666666668
0e72c1a751b496722a6cb1f10653b62a,SP,books_general_interest,45.9,1,5.0,23.28
0e72c1a751b496722a6cb1f10653b62a,SP,toys,94.9,2,4.5,14.010000000000002
0e982cff76cc0579f632cea8a0e38c9d,SC,musical_instruments,971.9,6,4.142857142857143,15.608571428571427
0ea22c1cfbdc755f86b9b54b39c16043,MG,auto,69.8,2,5.0,12.74
0ea22c1cfbdc755f86b9b54b39c16043,MG,baby,34.9,1,5.0,11.65
0ea22c1cfbdc755f86b9b54b39c16043,MG,fashion_bags_accessories,9799.4,214,4.313025210084033,15.520206611570247
0ea22c1cfbdc755f86b9b54b39c16043,MG,market_place,49.8,2,4.0,9.535
0ea22c1cfbdc755f86b9b54b39c16043,MG,music,89.8,2,5.0,14.825
0ea22c1cfbdc755f86b9b54b39c16043,MG,musical_instruments,24.9,1,5.0,10.96
0ea22c1cfbdc755f86b9b54b39c16043,MG,pet_shop,179.39999999999998,6,4.5,38.105
0ea22c1cfbdc755f86b9b54b39c16043,MG,stationery,74.8,2,5.0,16.665
0ea22c1cfbdc755f86b9b54b39c16043,MG,toys,99.9,1,5.0,12.83
0eaa7e33d73809f1f925f7d07c506cbd,SP,cool_stuff,42.0,1,5.0,8.72
0eaa7e33d73809f1f925f7d07c506cbd,SP,toys,1510.0,14,4.6923076923076925,13.29857142857143
0ebd97a106433a45a4aebe57c1799778,MG,fashion_bags_accessories,3046.8,31,4.5,19.215
0ec28cec4046a4a199b6de9b4c891d97,GO,health_beauty,296.6,3,5.0,14.01
0ed6ce5d87fd9c69eaacaeb778d67235,SP,agro_industry_and_commerce,544.5999999999999,4,4.75,23.1
0ed6ce5d87fd9c69eaacaeb778d67235,SP,air_conditioning,124.5,5,4.6,12.334
0ed6ce5d87fd9c69eaacaeb778d67235,SP,electronics,362.71999999999997,20,4.421052631578948,14.2745
0ed6ce5d87fd9c69eaacaeb778d67235,SP,housewares,994.7,13,4.153846153846154,17.786153846153844
0ee4fb99ac55ffbbc98795aa01b7f8fa,SP,furniture_decor,59.9,1,5.0,11.03
0ef83d7d83ed97cd2a0049ac8be5f88a,PR,health_beauty,1748.95,27,4.7,15.595483870967742
0ef83d7d83ed97cd2a0049ac8be5f88a,PR,sports_leisure,2672.06,21,3.6666666666666665,22.639166666666668
0f0c984a4a955310903b6b6008660bad,SP,health_beauty,59.9,1,5.0,20.84
0f0c984a4a955310903b6b6008660bad,SP,sports_leisure,309.91,3,3.3333333333333335,30.243333333333336
0f519b0d2e5eb2227c93dd25038bfc01,SP,furniture_decor,79.9,1,5.0,23.0
0f7eea709efdf942b5f95c7516dbacd7,SP,health_beauty,195.74,3,4.0,14.773333333333333
0f80a40c312b2472dca482cf50f5186f,SP,perfumery,129.9,1,3.0,20.1
0f94588695d71662beec8d883ffacf09,SC,art,9.0,1,5.0,18.59
0fe2d9733ed841eb064503920015a8c0,SP,auto,389.64,3,4.666666666666667,36.23666666666667
0ff83046c3fa22efee8ecf291888b191,RS,sports_leisure,768.9000000000001,10,4.818181818181818,23.134545454545457
0ffa40d54288e4f3499b8780dd0f144f,SP,books_general_interest,147.0,3,4.666666666666667,15.266666666666666
0ffa40d54288e4f3499b8780dd0f144f,SP,books_technical,2015.8,30,4.375,16.8084375
10076e5788b8ee532724bcd460baf762,SP,baby,509.47999999999996,12,4.538461538461538,14.46923076923077
10076e5788b8ee532724bcd460baf762,SP,cool_stuff,312.0,11,4.6923076923076925,14.553846153846154
10089e9f2fd0c668a8fd4e52e1698888,SP,air_conditioning,1139.9,3,4.333333333333333,19.80333333333333
101a3a003516bc11253298b2fad3cb65,SP,fashion_male_clothing,210.0,4,5.0,12.004
101a3a003516bc11253298b2fad3cb65,SP,sports_leisure,240.0,1,4.0,13.98
1025f0e2d44d7041d6cf58b6550e0bfa,SP,construction_tools_lights,16685.6,66,4.27536231884058,46.118
1025f0e2d44d7041d6cf58b6550e0bfa,SP,furniture_decor,110770.46,785,3.8328100470957613,22.10093457943925
1025f0e2d44d7041d6cf58b6550e0bfa,SP,home_construction,10227.5,59,4.1,32.735245901639345
1025f0e2d44d7041d6cf58b6550e0bfa,SP,signaling_and_security,525.0,5,4.8,22.738
10264f60a8f0a4d2f30810f5c661c673,SP,health_beauty,284.6,4,5.0,10.465
1099a00e0ee3a50935e6c2447ca090c5,RJ,air_conditioning,849.6999999999999,3,3.6666666666666665,20.37666666666667
10cdd491d1dbea8fb4ead97b19c334ce,MG,pet_shop,208.9,3,5.0,26.286666666666665
10ff823eda2b032e2c93d17a7d294736,SP,auto,379.98,2,2.5,16.96
10ff823eda2b032e2c93d17a7d294736,SP,housewares,765.0,6,4.833333333333333,18.993333333333336
112453736dbe3889cfb74e1aaa0ba0c1,SP,auto,1620.0,6,3.9166666666666665,20.695833333333333
112453736dbe3889cfb74e1aaa0ba0c1,SP,construction_tools_construction,270.0,1,5.0,8.21
1127b7f2594683f2510f1c2c834a486b,SP,auto,99.0,1,5.0,21.99
1127b7f2594683f2510f1c2c834a486b,SP,costruction_tools_garden,127.71000000000001,6,4.833333333333333,9.336666666666668
1127b7f2594683f2510f1c2c834a486b,SP,furniture_decor,24.89,1,3.0,9.34
1127b7f2594683f2510f1c2c834a486b,SP,garden_tools,6418.1,103,4.15,14.011249999999999
11305281b50fff20ae8bb473f8e11876,MG,auto,279.98,1,5.0,27.41
11305281b50fff20ae8bb473f8e11876,MG,furniture_decor,2539.23,12,4.642857142857143,48.815
11305281b50fff20ae8bb473f8e11876,MG,furniture_mattress_and_upholstery,799.98,2,4.0,82.7
11305281b50fff20ae8bb473f8e11876,MG,home_confort,2469.84,15,4.0625,26.9875
11305281b50fff20ae8bb473f8e11876,MG,housewares,219.79000000000002,3,3.6666666666666665,18.970000000000002
113e3a788b935f48aad63e1c41dac1bd,SP,christmas_supplies,847.35,39,4.404255319148936,14.304166666666667
116ccb1a1604bc88e4d234a8c23f33de,SP,art,14.6,1,5.0,14.44
116ccb1a1604bc88e4d234a8c23f33de,SP,auto,1276.25,50,4.803571428571429,12.196250000000001
116ccb1a1604bc88e4d234a8c23f33de,SP,christmas_supplies,127.0,5,3.6,16.055
116ccb1a1604bc88e4d234a8c23f33de,SP,computers_accessories,10.5,1,5.0,16.79
116ccb1a1604bc88e4d234a8c23f33de,SP,construction_tools_construction,542.0,4,4.0,15.2225
11742f81550ac064cc9a40f67151d9ad,SP,air_conditioning,781.9,2,5.0,24.555
117cfc326c6d50da67ca858ff5c0c852,RJ,housewares,379.6,4,4.75,15.8425
117cfc326c6d50da67ca858ff5c0c852,RJ,sports_leisure,75.0,1,4.0,18.11
11938fcc75f6902fea1d0a6f72b54a57,SC,bed_bath_table,594.98,2,3.0,71.08
119c7f1a00ef43fad0e57604e76a747c,SP,health_beauty,189.8,2,4.5,8.51
119d1aef1b4144adba89163f6cd9f5d4,SP,furniture_decor,596.0,2,5.0,50.769999999999996
119d1aef1b4144adba89163f6cd9f5d4,SP,kitchen_dining_laundry_garden_furniture,498.0,2,4.5,51.35
11bfa66332777660bd0640ee84d47006,SP,health_beauty,2784.93,45,4.185185185185185,18.37462962962963
11bfa66332777660bd0640ee84d47006,SP,perfumery,1140.94,31,3.3333333333333335,14.384166666666665
11d4c477d09821164bca4f70a2eae031,SP,costruction_tools_garden,83.04,3,5.0,14.454999999999998
11eac105f3f90a9b87b19c89d91e24f3,SP,cool_stuff,682.9,4,4.25,24.3875
11eac105f3f90a9b87b19c89d91e24f3,SP,toys,119.99,1,1.0,27.39
11fb6f6d341adbe19e81733701704635,SP,bed_bath_table,1197.0,3,5.0,133.22
120476eb7a04c149d14772edaf5d9bf2,RJ,auto,1280.0,1,5.0,63.44
120476eb7a04c149d14772edaf5d9bf2,RJ,computers_accessories,139.9,1,5.0,20.17
120476eb7a04c149d14772edaf5d9bf2,RJ,construction_tools_construction,948.9,2,3.25,16.805
1284de4ae8aa26997e748c851557cf0e,SP,watches_gifts,1459.97,3,2.6666666666666665,28.956666666666667
128639473a139ac0f3e5f5ade55873a5,PR,air_conditioning,401.7,11,4.538461538461538,15.253076923076922
128639473a139ac0f3e5f5ade55873a5,PR,computers_accessories,72.0,1,5.0,23.05
128639473a139ac0f3e5f5ade55873a5,PR,electronics,11012.55,511,4.190926275992439,17.481850467289718
128639473a139ac0f3e5f5ade55873a5,PR,health_beauty,219.9,1,3.0,20.78
128639473a139ac0f3e5f5ade55873a5,PR,market_place,49.9,1,4.0,15.1
128639473a139ac0f3e5f5ade55873a5,PR,musical_instruments,39.8,2,5.0,23.314999999999998
128f9bfbe4c7d5185033914b1de3d39a,SP,health_beauty,1267.39,13,4.8,16.798666666666666
12a8eb0f8d1cd3270695bf2a99f55966,SP,luggage_accessories,397.0,2,3.5,19.835
12b9676b00f60f3b700e83af21824c0e,RS,baby,158.0,2,4.0,17.575000000000003
12b9676b00f60f3b700e83af21824c0e,RS,computers_accessories,299.0,1,5.0,20.14
12b9676b00f60f3b700e83af21824c0e,RS,cool_stuff,25919.0,130,4.542635658914729,26.69523076923077
12c2ed9cded6138cf0c75f525f565fc7,SP,bed_bath_table,199.98,2,4.5,12.969999999999999
12c2ed9cded6138cf0c75f525f565fc7,SP,christmas_supplies,29.99,1,3.0,15.1
12c2ed9cded6138cf0c75f525f565fc7,SP,food,84.99,1,5.0,10.01
13074f016982ff2bd6c58ced8682f000,RS,computers_accessories,348.0,3,4.333333333333333,71.82666666666667
13074f016982ff2bd6c58ced8682f000,RS,kitchen_dining_laundry_garden_furniture,1629.0,10,4.090909090909091,50.92545454545455
131fcb0a0c9a47bba4474aacff0f14b7,SP,home_appliances,369.8,4,4.0,9.1525
1336efc61c316ddf92c899eb817f7cae,SP,auto,100.99000000000001,2,5.0,14.925
1336efc61c316ddf92c899eb817f7cae,SP,furniture_decor,1028.46,21,3.92,18.6244
1336efc61c316ddf92c899eb817f7cae,SP,health_beauty,155.99,4,4.5,19.2
1336efc61c316ddf92c899eb817f7cae,SP,housewares,79.0,2,4.5,13.86
1336efc61c316ddf92c899eb817f7cae,SP,perfumery,156.0,4,4.25,14.615
1336efc61c316ddf92c899eb817f7cae,SP,pet_shop,3115.87,36,3.813953488372093,17.865581395348837
1336efc61c316ddf92c899eb817f7cae,SP,sports_leisure,142.0,4,4.5,19.8525
1336efc61c316ddf92c899eb817f7cae,SP,stationery,59.0,1,1.0,11.91
134285d1f41da5c13a756ee8142c8a4e,SP,auto,1572.6999999999998,3,2.75,20.2325
134a288e7de827ec5ec62e3ec9c3a295,SP,books_technical,867.45,8,4.75,14.84625
134a288e7de827ec5ec62e3ec9c3a295,SP,electronics,10.0,1,5.0,7.78
134b867a0f7f8bbe6abf10f91874891e,SP,auto,789.89,1,4.0,132.95
13511db12ac61e2f89c53b72a944a60b,RS,auto,401.0,3,3.6666666666666665,54.843333333333334
13511db12ac61e2f89c53b72a944a60b,RS,bed_bath_table,397.0,3,3.3333333333333335,33.81333333333333
1354d51653f645349064725ed204e85e,SP,art,190.0,3,5.0,9.92
1354d51653f645349064725ed204e85e,SP,fashion_bags_accessories,170.0,3,2.3333333333333335,9.69
1354d51653f645349064725ed204e85e,SP,furniture_decor,2050.0,12,3.857142857142857,16.134999999999998
138dbe45fc62f1e244378131a6801526,SP,baby,88.4,5,4.5,10.081666666666665
138dbe45fc62f1e244378131a6801526,SP,fashion_bags_accessories,24.9,1,3.0,37.08
138dbe45fc62f1e244378131a6801526,SP,health_beauty,167.89999999999998,11,4.636363636363637,9.44
138dbe45fc62f1e244378131a6801526,SP,housewares,387.2,17,4.333333333333333,12.456666666666667
138dbe45fc62f1e244378131a6801526,SP,perfumery,55.2,5,2.625,9.725
138dbe45fc62f1e244378131a6801526,SP,sports_leisure,353.06,9,3.8461538461538463,13.593846153846155
138dbe45fc62f1e244378131a6801526,SP,toys,48.9,1,1.0,9.09
139157dd4daa45c25b0807ffff348363,SP,books_technical,29.9,1,4.0,7.78
13c2ed7698b3ca92dad49e849219da59,PR,perfumery,498.61,8,4.444444444444445,17.186666666666667
13d058e4eeac2ce8217660b2f8a05812,SP,home_appliances_2,3739.78,22,4.181818181818182,41.25409090909091
13d95f0f6f73943d4ceffad0fc2cd32c,GO,auto,249.99,1,3.0,59.33
13dd308f81fea30cc670c656b2b46cc3,SP,health_beauty,117.69999999999999,3,5.0,11.146666666666667
13e85aac53340018b40c2af68001b7e0,SP,furniture_decor,17.8,1,5.0,14.12
13f57c12a00ed4610db646b913a7f5c6,SP,auto,645.2,7,4.769230769230769,13.534615384615384
13fa2a6c6b9d0f43cb588d7c82117a12,SP,health_beauty,4528.0,9,4.0,19.144
141440cad9341e553f8401c574a2aa38,PR,drinks,1121.0,7,3.875,27.271250000000002
141440cad9341e553f8401c574a2aa38,PR,health_beauty,167.2,4,4.75,18.1575
1430239a858e7682bbc43b20758af153,SP,baby,286.28999999999996,10,4.0,11.186666666666667
1430239a858e7682bbc43b20758af153,SP,cool_stuff,68.4,3,3.6666666666666665,11.426666666666668
1430239a858e7682bbc43b20758af153,SP,sports_leisure,279.3,4,4.142857142857143,12.304285714285713
1444c08e64d55fb3c25f0f09c07ffcf2,BA,garden_tools,2749.0,1,1.0,69.74
1464afc72f696af775557a821c2e253f,RJ,health_beauty,126.58999999999999,5,4.8,14.712
1464afc72f696af775557a821c2e253f,RJ,perfumery,932.77,24,4.04,15.2344
14a08204d03bb6b6bde8029f801ae0eb,SP,auto,75.8,2,4.5,17.28
14a08204d03bb6b6bde8029f801ae0eb,SP,computers_accessories,789.9,7,4.125,11.059999999999999
14a08204d03bb6b6bde8029f801ae0eb,SP,consoles_games,38.0,1,5.0,7.53
14a08204d03bb6b6bde8029f801ae0eb,SP,construction_tools_safety,69.0,1,1.0,15.58
14a08204d03bb6b6bde8029f801ae0eb,SP,electronics,1195.7,16,3.72,17.2928
14a08204d03bb6b6bde8029f801ae0eb,SP,musical_instruments,17.0,1,4.0,15.23
14d7985702e72162bbf13b6beb74ab2b,SP,sports_leisure,3887.0,37,4.342105263157895,14.578947368421053
14ee35374a7876217954b5fa08e50463,SP,bed_bath_table,119.0,1,4.0,31.43
14f2b3587172b9db894c9bad8dab520b,RS,housewares,244.0,2,2.5,43.03
152ee17e4c8aaf53dac99f3462e4999b,SC,christmas_supplies,114.0,2,4.5,15.959999999999999
152ee17e4c8aaf53dac99f3462e4999b,SC,housewares,194.96,4,4.25,16.0125
154bdf805377afea75a3bd158e9eab10,SP,baby,89.9,1,1.0,19.82
1554a68530182680ad5c8b042c3ab563,MG,furniture_decor,8445.32,120,4.178571428571429,19.292714285714286
1554a68530182680ad5c8b042c3ab563,MG,furniture_living_room,18379.71,89,4.340909090909091,37.27932584269663
1554a68530182680ad5c8b042c3ab563,MG,housewares,677.22,14,4.466666666666667,19.353333333333335
1554a68530182680ad5c8b042c3ab563,MG,market_place,64.6,2,5.0,15.945
1554a68530182680ad5c8b042c3ab563,MG,toys,1412.79,21,4.380952380952381,18.756666666666668
157c3e4b42f81ac4a44e8b1ca2fe9876,SP,furniture_decor,2488.5,22,3.814814814814815,20.451851851851853
157c3e4b42f81ac4a44e8b1ca2fe9876,SP,home_construction,60.0,1,5.0,7.78
1588ac4010787100dddef64568f0ae35,PR,computers_accessories,599.97,3,3.0,15.333333333333334
15aac934c58d886785ac1b17953ea898,ES,air_conditioning,1742.0,3,2.75,28.8825
15aac934c58d886785ac1b17953ea898,ES,computers_accessories,32.0,1,4.0,17.63
15aac934c58d886785ac1b17953ea898,ES,consoles_games,165.0,3,4.666666666666667,15.343333333333334
15aac934c58d886785ac1b17953ea898,ES,cool_stuff,54.0,2,3.5,11.5
15aac934c58d886785ac1b17953ea898,ES,furniture_living_room,80.0,3,4.333333333333333,13.756666666666668
15aac934c58d886785ac1b17953ea898,ES,garden_tools,10.0,1,5.0,14.1
15aac934c58d886785ac1b17953ea898,ES,home_appliances,361.9,1,5.0,42.82
15aac934c58d886785ac1b17953ea898,ES,housewares,320.0,2,4.5,25.755
15aac934c58d886785ac1b17953ea898,ES,musical_instruments,379.0,3,5.0,19.22
15aac934c58d886785ac1b17953ea898,ES,sports_leisure,177.0,3,4.666666666666667,32.31333333333333
15aac934c58d886785ac1b17953ea898,ES,telephony,18.0,1,5.0,14.1
15b3b1b81484422eb41df68ac87f1f50,SP,health_beauty,43.35,1,1.0,12.69
15ead3a5037a918ddb520dfe39a3d2b9,MG,books_general_interest,254.5,6,4.857142857142857,20.03142857142857
15fa791d5e017f66402dc28c44480657,SP,baby,1802.0,8,4.25,22.66125
160851d3ece7aa1a510f8d1a4bb8a8af,SP,computers_accessories,102.05,2,5.0,19.549999999999997
16090f2ca825584b5a147ab24aa30c86,SP,auto,13036.869999999999,248,4.108,13.5601593625498
16090f2ca825584b5a147ab24aa30c86,SP,computers_accessories,520.98,2,4.5,16.575
16090f2ca825584b5a147ab24aa30c86,SP,consoles_games,8075.99,25,4.2,14.0332
16090f2ca825584b5a147ab24aa30c86,SP,costruction_tools_tools,59.99,1,4.0,7.68
16090f2ca825584b5a147ab24aa30c86,SP,fashion_bags_accessories,369.95,5,3.2,12.668000000000001
16090f2ca825584b5a147ab24aa30c86,SP,food,3275.93,112,3.973913043478261,12.566495726495726
16090f2ca825584b5a147ab24aa30c86,SP,garden_tools,239.45000000000002,5,4.6,15.196000000000002
160e4f13fd3a64b1b86807be88b5ffb0,PR,garden_tools,349.0,1,5.0,39.96
160e4f13fd3a64b1b86807be88b5ffb0,PR,small_appliances,537.0,3,4.0,18.16333333333333
164a5a8794e6d42e14f55e447b12a3bc,PR,baby,73.99,1,5.0,62.77
165b1235e9e9942cb5fae67103576fb0,SP,construction_tools_construction,1392.25,7,4.181818181818182,28.993636363636366
165b1235e9e9942cb5fae67103576fb0,SP,home_construction,65.1,3,4.333333333333333,17.713333333333335
165b1235e9e9942cb5fae67103576fb0,SP,housewares,627.8,1,5.0,16.29
165fc07beebdcb6190fba8a06db2a449,PR,computers_accessories,13738.4,47,3.6315789473684212,25.731929824561405
165fc07beebdcb6190fba8a06db2a449,PR,sports_leisure,3743.0,3,4.142857142857143,19.044285714285714
1660ad786c27fd935378b6192a90b417,SP,computers_accessories,1570.0,12,4.615384615384615,19.09846153846154
167fd940acebc789debd6eb418c46e38,SP,auto,1077.58,5,3.0,20.18
1690cada046eb7e92c12f98b1f8a8167,SP,auto,1760.0,10,4.9,23.291
16bdc8cefd0e32a6f0824d296c5ad14a,SP,drinks,41.76,1,5.0,19.32
1703bc09972dab9782e7a9194943b69f,MG,auto,249.9,1,5.0,106.21
1710c3aaa9c6b44ec3883ee0fe300e21,SP,electronics,289.9,1,5.0,15.39
1710c3aaa9c6b44ec3883ee0fe300e21,SP,watches_gifts,899.0,1,5.0,22.26
17306570e772e7718c92a562d33f5f1d,SP,bed_bath_table,5835.6,21,3.625,19.445
173d56ffbd4c56cb80fc3615487d712b,SP,luggage_accessories,358.0,2,5.0,19.805
1746c1ae87ac63d530c7c943d0ac42e2,SP,auto,229.9,1,5.0,22.45
1771297ac436903d1dd6b0e9279aa505,SP,baby,633.9,11,4.647058823529412,12.884117647058824
1771297ac436903d1dd6b0e9279aa505,SP,bed_bath_table,488.99,11,4.636363636363637,18.625833333333333
1771297ac436903d1dd6b0e9279aa505,SP,garden_tools,1758.38,6,4.571428571428571,20.374285714285715
1782ce2db72c3dda627d5e7c898104e1,SP,sports_leisure,885.8,4,4.4,22.852
1782ce2db72c3dda627d5e7c898104e1,SP,watches_gifts,948.0,4,4.25,17.3425
17908cf9b444ee34047cadd5c0f4a516,GO,auto,1993.99,11,4.545454545454546,45.583636363636366
17998cf586426bf0f2c3726cb0a4b211,MG,luggage_accessories,19.9,1,5.0,21.15
17998cf586426bf0f2c3726cb0a4b211,MG,pet_shop,49.9,1,3.0,24.57
179d859f51292aac5c10806a356f7af9,SP,electronics,404.46999999999997,18,4.315789473684211,20.83157894736842
17a053fcb14bd219540cbde0df490be0,SP,office_furniture,38393.74,120,4.205673758865248,59.12125874125874
17ca9b9e9b9ef8fdb529001b49ebb50f,MG,bed_bath_table,5194.45,75,3.847058823529412,18.523882352941175
17ca9b9e9b9ef8fdb529001b49ebb50f,MG,furniture_decor,549.67,8,3.727272727272727,16.742727272727276
17ca9b9e9b9ef8fdb529001b49ebb50f,MG,housewares,2766.0099999999998,23,4.521739130434782,17.889565217391304
17ca9b9e9b9ef8fdb529001b49ebb50f,MG,stationery,1139.73,9,4.888888888888889,19.866666666666667
17e34d8224d27a541263c4c64b11a56b,SP,computers_accessories,10461.98,40,4.075,19.8625
17e34d8224d27a541263c4c64b11a56b,SP,consoles_games,6748.32,27,3.5483870967741935,19.8478125
17e34d8224d27a541263c4c64b11a56b,SP,construction_tools_construction,286.81,5,3.7142857142857144,14.635714285714286
17e34d8224d27a541263c4c64b11a56b,SP,cool_stuff,195.7,3,4.666666666666667,18.55666666666667
17e34d8224d27a541263c4c64b11a56b,SP,electronics,7424.01,4,3.6666666666666665,110.88
17e34d8224d27a541263c4c64b11a56b,SP,fixed_telephony,41.95,1,5.0,11.85
17e34d8224d27a541263c4c64b11a56b,SP,garden_tools,2824.93,14,4.125,21.056875
17e34d8224d27a541263c4c64b11a56b,SP,health_beauty,283.27,5,4.4,13.95
17e34d8224d27a541263c4c64b11a56b,SP,music,763.5,1,5.0,18.01
17e34d8224d27a541263c4c64b11a56b,SP,perfumery,24040.64,130,4.335820895522388,17.624328358208952
17e34d8224d27a541263c4c64b11a56b,SP,sports_leisure,354.56,10,4.7,14.328
17e34d8224d27a541263c4c64b11a56b,SP,telephony,1014.6100000000001,7,4.857142857142857,16.782857142857143
17eea220a40cc0d2c0c5346379682398,SP,health_beauty,875.98,3,3.6666666666666665,25.333333333333332
17f51e7198701186712e53a39c564617,SP,health_beauty,48019.0,56,4.344262295081967,160.54803278688524
180c3376aff0e43dd5788709df48a843,SP,electronics,109.0,1,5.0,21.56
180c3376aff0e43dd5788709df48a843,SP,fixed_telephony,4404.0,4,4.666666666666667,20.934444444444445
1835b56ce799e6a4dc4eddc053f04066,SP,baby,284.95,5,4.2,13.459999999999999
1835b56ce799e6a4dc4eddc053f04066,SP,bed_bath_table,32720.37,412,3.612037037037037,15.669706959706959
1838dd9b8977065acf51d95e0053ea7a,MG,computers_accessories,2275.2,55,4.327586206896552,17.43793103448276
1838dd9b8977065acf51d95e0053ea7a,MG,electronics,255.5,5,4.8,25.65
1838dd9b8977065acf51d95e0053ea7a,MG,telephony,219.8,2,3.5,36.57
184725737946a1a938bbbd1a9e978103,SP,fashion_bags_accessories,109.9,1,5.0,18.87
184725737946a1a938bbbd1a9e978103,SP,health_beauty,249.8,2,4.5,12.5
184a67a8f9f63234d3a92340bbdb727f,SC,furniture_decor,246.29,7,3.9,19.056
186cdd1b2df32caa72cfb410bba768d3,SC,housewares,1341.4499999999998,6,5.0,44.71333333333334
189ca3538ce9f920cacf0f982cbe223b,SP,stationery,419.0,4,3.8,12.534
18a349e75d307f4b4cc646a691ed4216,SP,air_conditioning,40.0,2,4.5,7.4
18a349e75d307f4b4cc646a691ed4216,SP,audio,142.56,3,3.5,17.485
18a349e75d307f4b4cc646a691ed4216,SP,auto,1595.65,16,3.5,16.54388888888889
18a349e75d307f4b4cc646a691ed4216,SP,cine_photo,40.0,1,5.0,15.23
18a349e75d307f4b4cc646a691ed4216,SP,computers_accessories,1282.78,21,3.65,16.866190476190475
18a349e75d307f4b4cc646a691ed4216,SP,consoles_games,106.53,2,3.0,12.58
18a349e75d307f4b4cc646a691ed4216,SP,construction_tools_construction,18.299999999999997,2,4.666666666666667,10.003333333333332
18a349e75d307f4b4cc646a691ed4216,SP,construction_tools_safety,534.9,11,3.5454545454545454,15.083636363636362
18a349e75d307f4b4cc646a691ed4216,SP,cool_stuff,621.96,8,4.25,14.602500000000001
18a349e75d307f4b4cc646a691ed4216,SP,electronics,230.0,4,3.75,15.0425
18a349e75d307f4b4cc646a691ed4216,SP,fixed_telephony,1620.98,8,2.8461538461538463,16.307692307692307
18a349e75d307f4b4cc646a691ed4216,SP,furniture_decor,96.0,1,1.0,9.99
18a349e75d307f4b4cc646a691ed4216,SP,garden_tools,138.89,1,5.0,18.85
18a349e75d307f4b4cc646a691ed4216,SP,home_construction,89.15,2,2.3333333333333335,10.513333333333334
18a349e75d307f4b4cc646a691ed4216,SP,musical_instruments,48.0,1,1.0,17.6
18a349e75d307f4b4cc646a691ed4216,SP,sports_leisure,182.32,1,5.0,13.62
18a349e75d307f4b4cc646a691ed4216,SP,telephony,637.1899999999999,25,3.4,12.517999999999999
18e694e0e48ed6f7aa3f24aade5fd697,SP,computers_accessories,623.77,27,4.724137931034483,15.149310344827585
18e694e0e48ed6f7aa3f24aade5fd697,SP,cool_stuff,17.8,1,4.0,12.79
18e694e0e48ed6f7aa3f24aade5fd697,SP,health_beauty,59.97,3,4.666666666666667,13.106666666666667
1900267e848ceeba8fa32d80c1a5f5a8,SP,bed_bath_table,23785.67,400,3.8584158415841583,15.40495126705653
1900267e848ceeba8fa32d80c1a5f5a8,SP,home_confort,597.9399999999999,2,5.0,12.448333333333332
1900267e848ceeba8fa32d80c1a5f5a8,SP,pet_shop,255.95999999999998,4,4.75,15.635
191d55f7edb8524d525ed01b20fe32e8,DF,furniture_mattress_and_upholstery,747.0,3,2.3333333333333335,21.933333333333334
1927cdb9fa74f5270097f6250e8e8f34,SP,drinks,120.0,1,5.0,58.92
19484c79cef6c062cb177aa4ef2fcc3c,SP,perfumery,201.9,1,1.0,10.16
1976a05ecf2996d6ffb7b5430e635fe7,SP,cool_stuff,349.8,1,5.0,34.9
1976a05ecf2996d6ffb7b5430e635fe7,SP,furniture_decor,179.39999999999998,3,3.6666666666666665,17.77
1976a05ecf2996d6ffb7b5430e635fe7,SP,home_appliances,997.6,2,3.0,134.145
1976a05ecf2996d6ffb7b5430e635fe7,SP,housewares,269.4,2,4.666666666666667,12.653333333333334
1987cd4be10fe09ee50454f9c354d1c6,MG,pet_shop,2877.7,14,4.25,16.095625000000002
198c7ea11960a9844b544d9bcdca860c,MG,auto,1514.88,12,3.75,22.673333333333332
198c7ea11960a9844b544d9bcdca860c,MG,small_appliances,218.86999999999998,13,4.0,16.888461538461538
1996942dc085d7773ba77a529b163cd0,SP,market_place,134.89,1,5.0,13.6
1996942dc085d7773ba77a529b163cd0,SP,watches_gifts,2248.63,8,4.125,21.46
19a7c9f66ffa6452ff4b4c0cca71da27,PR,furniture_decor,279.0,1,5.0,59.74
19d62d484cba71963c93f0f00ab42013,SC,furniture_decor,139.9,1,4.0,22.69
19e0f40a907ec568c34bfac15de4f4a1,SP,housewares,178.0,4,5.0,10.405000000000001
1a3df491d1c4f1589fc2b934ada68bf2,SC,bed_bath_table,22472.4,160,4.242690058479532,23.849298245614037
1a932caad4f9d804097d7f8e615baed1,SP,construction_tools_construction,4661.0,20,3.566666666666667,34.681666666666665
1acde099eb406aa220b1169b188b42da,SP,furniture_decor,311.09999999999997,9,4.3,14.74
1b0b0f4f95e962d6f32fe90c759d0479,SP,health_beauty,139.8,2,5.0,11.685
1b1ae47a313a825a7ccceb8e2e30fa9d,PR,cool_stuff,339.9,1,,16.99
1b1ae47a313a825a7ccceb8e2e30fa9d,PR,kitchen_dining_laundry_garden_furniture,519.9,1,5.0,72.52
1b1ae47a313a825a7ccceb8e2e30fa9d,PR,sports_leisure,519.6,4,4.25,14.4825
1b1ae47a313a825a7ccceb8e2e30fa9d,PR,toys,804.6,4,4.0,20.482499999999998
1b45169b635ef59425637e9a33eb5fb3,PR,auto,33.0,2,3.5,12.48
1b45169b635ef59425637e9a33eb5fb3,PR,drinks,43.9,1,5.0,15.05
1b45169b635ef59425637e9a33eb5fb3,PR,housewares,196.0,4,5.0,14.2425
1b45169b635ef59425637e9a33eb5fb3,PR,toys,36.0,1,5.0,13.47
1b4b28463457a256e9a784ebe2a8f630,SP,auto,699.42,1,1.0,15.92
1b4c3a6f53068f0b6944d2d005c9fc89,SC,computers_accessories,684.7,3,5.0,16.723333333333333
1b4c3a6f53068f0b6944d2d005c9fc89,SC,costruction_tools_garden,384.5,4,3.4,21.57
1b4c3a6f53068f0b6944d2d005c9fc89,SC,garden_tools,674.6,4,5.0,22.355
1b4c3a6f53068f0b6944d2d005c9fc89,SC,health_beauty,269.70000000000005,3,4.333333333333333,18.91
1b4c3a6f53068f0b6944d2d005c9fc89,SC,housewares,9541.310000000001,56,4.11864406779661,29.81457627118644
1b4c3a6f53068f0b6944d2d005c9fc89,SC,perfumery,54.9,1,5.0,18.26
1b4c3a6f53068f0b6944d2d005c9fc89,SC,sports_leisure,119.9,1,2.0,27.16
1b4c3a6f53068f0b6944d2d005c9fc89,SC,stationery,751.8399999999999,7,3.5714285714285716,31.077142857142857
1b4c3a6f53068f0b6944d2d005c9fc89,SC,telephony,1939.05,32,4.258064516129032,20.321875
1b61fb1f0f2185d89e9a126c498e9cc7,PR,furniture_decor,49.7,1,5.0,16.11
1b65c144b17e607c0f37f10bb7dfec8d,SC,construction_tools_construction,1109.5,5,2.0,28.97
1b7e5006cb25dd23ce8686691013b121,SP,health_beauty,2636.74,11,4.363636363636363,13.565454545454545
1b8356dabde1d35e17cef975c3f82730,SP,fashion_bags_accessories,224.96999999999997,3,4.333333333333333,21.153333333333332
1b8356dabde1d35e17cef975c3f82730,SP,furniture_decor,631.85,14,3.8666666666666667,13.504
1b8356dabde1d35e17cef975c3f82730,SP,garden_tools,319.96,4,5.0,14.815
1b8356dabde1d35e17cef975c3f82730,SP,sports_leisure,1459.7,28,4.333333333333333,16.41166666666667
1b8b75e227c9a9c100d0c210fb6176ce,SP,fashion_bags_accessories,964.89,11,3.5454545454545454,12.435454545454546
1b938a7ec6ac5061a66a3766e0e75f90,SP,baby,724.8,11,4.416666666666667,20.543333333333333
1b938a7ec6ac5061a66a3766e0e75f90,SP,cool_stuff,349.40000000000003,4,4.8,25.234
1b938a7ec6ac5061a66a3766e0e75f90,SP,kitchen_dining_laundry_garden_furniture,356.4,6,4.5,39.39333333333334
1b938a7ec6ac5061a66a3766e0e75f90,SP,musical_instruments,1599.6999999999998,3,5.0,19.763333333333335
1b938a7ec6ac5061a66a3766e0e75f90,SP,pet_shop,289.9,1,4.0,73.11
1b938a7ec6ac5061a66a3766e0e75f90,SP,toys,539.6,4,3.75,29.55
1bb2bdb95f4841f1bba2c0d2cd83d3c9,SP,books_general_interest,1173.95,35,4.514285714285714,11.977777777777778
1bb2bdb95f4841f1bba2c0d2cd83d3c9,SP,books_imported,511.9,8,4.25,12.375
1bb2bdb95f4841f1bba2c0d2cd83d3c9,SP,books_technical,2582.21,15,4.733333333333333,17.298000000000002
1bb2bdb95f4841f1bba2c0d2cd83d3c9,SP,market_place,562.79,21,4.809523809523809,13.479999999999999
1bb2bdb95f4841f1bba2c0d2cd83d3c9,SP,music,74.91,3,3.6666666666666665,15.14
1bb3812d5f0747a3ab7348f199001a10,SP,sports_leisure,834.4,9,4.888888888888889,23.907777777777778
1bc2e21de46adfea6b98cc96b00f3b40,SC,cool_stuff,1039.95,3,3.6,20.520000000000003
1c129092bf23f28a5930387c980c0dfc,SP,bed_bath_table,9369.92,197,4.1720930232558135,13.79652777777778
1c129092bf23f28a5930387c980c0dfc,SP,fashion_male_clothing,158.7,3,5.0,13.839999999999998
1c40343cc5d18c2d8248ac2f3366de34,SP,computers,34.5,1,4.0,18.34
1c40343cc5d18c2d8248ac2f3366de34,SP,construction_tools_construction,74.99,1,5.0,19.72
1c40343cc5d18c2d8248ac2f3366de34,SP,health_beauty,117.8,2,4.5,16.03
1c40343cc5d18c2d8248ac2f3366de34,SP,housewares,224.95999999999998,3,4.0,19.9
1c40343cc5d18c2d8248ac2f3366de34,SP,perfumery,1353.3700000000001,11,4.636363636363637,14.950909090909091
1c40343cc5d18c2d8248ac2f3366de34,SP,signaling_and_security,639.8,2,5.0,22.8
1c40343cc5d18c2d8248ac2f3366de34,SP,sports_leisure,15.99,1,5.0,18.23
1c56ffe0e9dea2657fc6e95b53f40b13,SP,perfumery,183.0,3,4.333333333333333,28.13
1c5e4e49b9079480255b49d50aac1aa9,SP,baby,187.0,1,5.0,67.9
1c5e4e49b9079480255b49d50aac1aa9,SP,bed_bath_table,9769.32,10,4.3,77.166
1c5e4e49b9079480255b49d50aac1aa9,SP,pet_shop,216.79,1,4.0,50.05
1c68394e931a64f90ea236c5ea590300,PR,computers_accessories,22300.17,126,3.9741935483870967,17.096451612903223
1c68394e931a64f90ea236c5ea590300,PR,cool_stuff,2532.58,16,3.5,15.40375
1c742ac33582852aaf3bcfbf5893abcf,MG,sports_leisure,97.9,1,5.0,15.79
1c83418358f249c9d6affa52d579db0e,SP,music,24.9,1,5.0,14.52
1ca4bdb0cd7fc48e949bac066188ed26,MG,office_furniture,1140.0,3,5.0,121.14999999999999
1ca7077d890b907f89be8c954a02686a,SP,telephony,1084.99,23,4.035714285714286,13.677857142857144
1ca7077d890b907f89be8c954a02686a,SP,toys,1011.7800000000001,17,1.6818181818181819,11.42590909090909
1caf283236cd69af44cbc09a0a1e7d32,RJ,art,135.78,4,4.75,16.240000000000002
1caf283236cd69af44cbc09a0a1e7d32,RJ,arts_and_craftmanship,21.99,1,5.0,7.67
1caf283236cd69af44cbc09a0a1e7d32,RJ,stationery,206.13,6,3.857142857142857,18.082857142857144
1caf283236cd69af44cbc09a0a1e7d32,RJ,toys,553.7,24,4.68,16.5376
1cbcd2ee0afb3fc09963b87eb65e7e4f,PR,perfumery,90.0,1,5.0,13.550000000000002
1cbd32d00d01bb8087a5eb088612fd9c,SP,baby,162.52,1,1.0,39.13
1cbd32d00d01bb8087a5eb088612fd9c,SP,computers_accessories,138.23,1,4.0,24.12
1cbd32d00d01bb8087a5eb088612fd9c,SP,health_beauty,522.0,6,4.333333333333333,21.288333333333334
1cbd32d00d01bb8087a5eb088612fd9c,SP,housewares,49.24,1,5.0,7.43
1cbd32d00d01bb8087a5eb088612fd9c,SP,stationery,173.48000000000002,2,5.0,19.11
1cbd50a8c52e6cf8e315c5709fab386f,PR,audio,68.99,1,5.0,14.23
1cbd50a8c52e6cf8e315c5709fab386f,PR,auto,439.8,2,4.0,36.325
1cbd50a8c52e6cf8e315c5709fab386f,PR,computers_accessories,135.8,2,4.0,23.625
1cbd50a8c52e6cf8e315c5709fab386f,PR,consoles_games,46.69,1,3.0,17.92
1cbd50a8c52e6cf8e315c5709fab386f,PR,telephony,94.69,3,3.3333333333333335,22.88
1cbdc7cf130a41fd13a3c2a7d2fcfda7,MG,bed_bath_table,165.8,2,5.0,29.905
1cd9e0cc1839d55516843def5600816d,SP,bed_bath_table,825.0,5,5.0,20.344
1ce3ae5a399804d1a87e706f8a813c3e,SC,furniture_decor,2563.0,40,3.727272727272727,19.402045454545455
1d0646a72178a6fb37ee8082140e06ec,SC,health_beauty,30.5,1,5.0,18.31
1d0646a72178a6fb37ee8082140e06ec,SC,perfumery,30.5,1,5.0,18.31
1d0997ff06b524ce9289ffd75114ecd3,PE,auto,1748.0,2,3.0,51.285
1d0997ff06b524ce9289ffd75114ecd3,PE,computers_accessories,1999.0,1,5.0,24.0
1d139e3a3b14025640d8df1b230aace0,SP,sports_leisure,36.49,2,3.5,17.345
1d1bbb8ac1581824986f582583fff01d,SC,health_beauty,115.47999999999999,3,3.3333333333333335,15.0
1d1bbb8ac1581824986f582583fff01d,SC,perfumery,51.4,1,4.0,14.59
1d2732ef8321502ee8488e8bed1ab8cd,RJ,computers_accessories,1148.0,4,3.2,16.036
1d29dfba02015238dfbe2449a5eaa361,MG,perfumery,612.8,12,4.5,14.76
1d4587203296c8f4ad134dc286fa6db0,SP,auto,2287.5,40,4.365853658536586,15.961219512195122
1d503743d2526f03f0c2c89540ee008c,SP,auto,137.54,5,4.142857142857143,12.404285714285715
1d503743d2526f03f0c2c89540ee008c,SP,computers_accessories,126.55,2,4.2,9.719999999999999
1d503743d2526f03f0c2c89540ee008c,SP,housewares,21.99,1,4.0,7.78
1d503743d2526f03f0c2c89540ee008c,SP,telephony,49.99,1,5.0,15.45
1d503743d2526f03f0c2c89540ee008c,SP,watches_gifts,179.97,3,4.333333333333333,15.276666666666666
1d8dbc4f32378d715c717c1c1fc57bae,PR,baby,11205.99,91,3.9263157894736844,21.49639175257732
1d953075c2f0dd990bacf27b83b330f1,MG,computers_accessories,59.0,1,5.0,19.32
1da366cade6d8276e7d8beea7af5d4bf,MG,furniture_decor,1418.19,31,4.055555555555555,16.361944444444443
1da366cade6d8276e7d8beea7af5d4bf,MG,furniture_living_room,4734.6,9,3.5555555555555554,100.82300000000001
1da366cade6d8276e7d8beea7af5d4bf,MG,office_furniture,195.8,2,4.5,45.375
1da3aeb70d7989d1e6d9b0e887f97c23,SP,air_conditioning,94.97999999999999,2,5.0,18.185000000000002
1da3aeb70d7989d1e6d9b0e887f97c23,SP,auto,190.94,6,4.666666666666667,12.08
1da3aeb70d7989d1e6d9b0e887f97c23,SP,baby,135.98,2,3.5,13.235000000000001
1da3aeb70d7989d1e6d9b0e887f97c23,SP,bed_bath_table,35.99,1,5.0,7.78
1da3aeb70d7989d1e6d9b0e887f97c23,SP,computers_accessories,139.96,4,3.75,10.8575
1da3aeb70d7989d1e6d9b0e887f97c23,SP,construction_tools_lights,299.94,2,5.0,12.981666666666667
1da3aeb70d7989d1e6d9b0e887f97c23,SP,cool_stuff,284.77,8,4.478260869565218,11.319565217391306
1da3aeb70d7989d1e6d9b0e887f97c23,SP,electronics,99.96,4,2.25,14.9725
1da3aeb70d7989d1e6d9b0e887f97c23,SP,fashion_bags_accessories,668.7199999999999,27,4.448275862068965,11.547241379310345
1da3aeb70d7989d1e6d9b0e887f97c23,SP,furniture_decor,741.58,35,3.6666666666666665,11.88906976744186
1da3aeb70d7989d1e6d9b0e887f97c23,SP,garden_tools,49.99,1,5.0,11.85
1da3aeb70d7989d1e6d9b0e887f97c23,SP,health_beauty,811.94,25,4.6,11.516399999999999
1da3aeb70d7989d1e6d9b0e887f97c23,SP,housewares,118.9,7,2.7,12.472
1da3aeb70d7989d1e6d9b0e887f97c23,SP,luggage_accessories,164.48,3,4.666666666666667,34.00333333333334
1da3aeb70d7989d1e6d9b0e887f97c23,SP,perfumery,31.98,2,4.5,11.245
1da3aeb70d7989d1e6d9b0e887f97c23,SP,pet_shop,47.980000000000004,2,4.5,17.17
1da3aeb70d7989d1e6d9b0e887f97c23,SP,sports_leisure,2901.33,61,3.6666666666666665,13.2768
1da3aeb70d7989d1e6d9b0e887f97c23,SP,stationery,595.66,26,4.294117647058823,12.738823529411764
1da3aeb70d7989d1e6d9b0e887f97c23,SP,telephony,119.98,2,4.0,11.475
1da3aeb70d7989d1e6d9b0e887f97c23,SP,toys,1147.51,41,4.387755102040816,14.109795918367347
1da3aeb70d7989d1e6d9b0e887f97c23,SP,watches_gifts,8.99,1,5.0,18.23
1dc2de47ee26a0a5b12dc14fd6dc0dea,SP,bed_bath_table,1670.3,25,4.518518518518518,22.85925925925926
1dcfa3835714681d4ba4a93bc1e0fd41,SP,furniture_living_room,1186.6000000000001,12,4.076923076923077,21.205714285714286
1dd33b8119b3cb1056ed5dc88cd0aaf4,SP,musical_instruments,1513.0,8,3.75,16.0925
1de62b6f2fd96227629786db492433db,SP,sports_leisure,208.8,2,5.0,14.365
1dfe5347016252a7884b694d4f10f5c4,SP,bed_bath_table,1531.9,19,3.16,15.4756
1e26c56af8d48424e1df0140a2401f83,SP,construction_tools_construction,199.0,1,5.0,14.97
1e26c56af8d48424e1df0140a2401f83,SP,electronics,59.9,1,5.0,18.52
1e47d8b6546eb3a77b1acddcc9406242,SP,fashio_female_clothing,149.9,1,1.0,16.81
1e47defeeadeca0e9a18fa5a9311e735,SP,auto,40.52,1,5.0,16.11
1e47defeeadeca0e9a18fa5a9311e735,SP,sports_leisure,193.6,2,5.0,20.695
1e483cc5c76fef08d3ca05f9a8af7d01,SP,fashion_underwear_beach,41.300000000000004,6,4.142857142857143,10.234285714285715
1e483cc5c76fef08d3ca05f9a8af7d01,SP,housewares,79.8,2,5.0,9.84
1e483cc5c76fef08d3ca05f9a8af7d01,SP,stationery,44.99,1,5.0,10.96
1e8b33f18b4f7598d87f5cbee2282cc2,SP,bed_bath_table,17233.56,122,4.306569343065694,19.356187050359715
1e8c6a4c538f286aee9573239740a4b4,SP,baby,109.5,2,4.0,13.59
1e8c6a4c538f286aee9573239740a4b4,SP,furniture_decor,140.2,2,3.0,24.275
1e8c6a4c538f286aee9573239740a4b4,SP,housewares,110.0,1,5.0,11.39
1e9d5a33694bddb76316fd1f54734d20,MT,furniture_bedroom,318.0,2,4.5,75.47
1eade46fba20122dc4aefb379f8c636b,SP,health_beauty,3635.37,58,4.306666666666667,13.844533333333333
1f1bb1f0859883505541bdd6606193e5,SP,fashion_bags_accessories,13482.84,25,4.296296296296297,17.462222222222223
1f1bb1f0859883505541bdd6606193e5,SP,watches_gifts,1399.0,1,4.0,25.0
1f2eebc0e970fd3c463e4f5d9652687a,SP,books_technical,44.99,1,5.0,8.48
1f50f920176fa81dab994f9023523100,SP,baby,3533.8,27,3.761904761904762,31.86809523809524
1f50f920176fa81dab994f9023523100,SP,garden_tools,102849.61,1373,3.9954521134296415,17.88076718167288
1f50f920176fa81dab994f9023523100,SP,signaling_and_security,272.3,3,4.571428571428571,22.367142857142856
1f7dfad2cb384ea4d2d7e1ffbd78c407,SP,baby,49.0,1,1.0,8.29
1f7fd2a6fcd5a6fa5d8a4dabc72aaae0,RS,housewares,531.8,3,5.0,33.626666666666665
1f867308a0ce13133a4e639ff4de0c02,PR,housewares,875.1,7,4.538461538461538,16.14
1f9ab4708f3056ede07124aad39a2554,SP,baby,13312.93,76,4.105263157894737,30.90545454545455
1fa2d3def6adfa70e58c276bb64fe5bb,SP,housewares,6.9,1,1.0,9.0
1fbe10c70e30765ed1de86d9f7e98409,SP,housewares,98.75,2,1.5,9.893333333333333
1fdc574883ef3b33ad41562d93f3a74a,SP,auto,4251.0,18,4.444444444444445,15.181666666666665
1fe5540d7c1c37a595fefbacd5570d9e,RJ,computers_accessories,4537.6,20,4.28,23.246
1fe61aa5494bd3ae92a2c13e067c810f,SC,auto,537.76,1,4.0,50.41
2009a095de2a2a41626f6c6d7722678d,SP,computers_accessories,332.09999999999997,5,3.6666666666666665,13.736666666666666
2009a095de2a2a41626f6c6d7722678d,SP,stationery,56.78999999999999,3,4.666666666666667,23.30333333333333
2039c5e51785b5dde7cf93ccb3b7be2c,SP,housewares,159.9,1,5.0,13.78
204b4e07bddef3c9b317f70189135b22,MG,bed_bath_table,73.4,1,5.0,14.73
2059c39f76271d4ca3f15b5ffaccc8b8,PR,books_general_interest,588.9,11,4.454545454545454,15.227272727272727
20611af7866c6068fd5ae1f9dbe15c92,SP,baby,109.9,1,4.0,57.25
20611af7866c6068fd5ae1f9dbe15c92,SP,construction_tools_lights,109.9,1,5.0,57.25
2063dd1b9f568df1c16741ea7d3e6adb,PR,furniture_decor,763.1,3,5.0,19.05666666666667
2075d8cd4dd63ff12df0749a5866bb06,PR,bed_bath_table,184.7,3,5.0,19.176666666666666
2089a6d640999f9b9141ac719b2af596,SP,health_beauty,429.9,4,3.75,14.51
2089a6d640999f9b9141ac719b2af596,SP,perfumery,4299.44,12,3.3333333333333335,17.349999999999998
2089a6d640999f9b9141ac719b2af596,SP,sports_leisure,2946.6800000000003,25,4.24,14.9748
20a7efa9721046319bdde5d60b6b5365,SP,sports_leisure,51.7,1,5.0,16.8
20a8b0dc55da94fe74d112082427c84f,SP,baby,289.4,6,4.333333333333333,14.106666666666667
20a8b0dc55da94fe74d112082427c84f,SP,housewares,118.0,1,4.0,39.34
20b54c376b794ed028df09a3cd88e8dc,SP,audio,137.2,1,3.0,25.09
20b54c376b794ed028df09a3cd88e8dc,SP,fixed_telephony,451.15,4,3.25,13.8025
20b54c376b794ed028df09a3cd88e8dc,SP,health_beauty,339.52,2,5.0,16.95
20cb7c2fde3e5bf10f0bbe7394e1c6a9,PR,furniture_decor,844.9999999999999,31,3.9,15.603
20d53aad4fe5ee93a64f8839609d3586,MG,garden_tools,14.5,1,1.0,12.48
20d83f3ef0e6925fd74bfd59170babf7,SP,fashion_bags_accessories,2903.6,40,4.351851851851852,12.10388888888889
20f0aeea30bc3b8c4420be8ced4226c0,SP,bed_bath_table,14.9,1,,14.52
2138ccb85b11a4ec1e37afbd1c8eda1f,SP,auto,383.91,9,3.4444444444444446,14.662222222222223
2138ccb85b11a4ec1e37afbd1c8eda1f,SP,computers_accessories,159.6,2,5.0,8.485000000000001
2138ccb85b11a4ec1e37afbd1c8eda1f,SP,dvds_blu_ray,159.96,2,2.5,15.365
2138ccb85b11a4ec1e37afbd1c8eda1f,SP,fixed_telephony,1032.01,35,3.8333333333333335,15.095555555555555
2138ccb85b11a4ec1e37afbd1c8eda1f,SP,music,27.99,1,5.0,14.52
2138ccb85b11a4ec1e37afbd1c8eda1f,SP,telephony,9650.81,333,3.9497206703910615,13.995793871866296
213b25e6f54661939f11710a6fddb871,SP,construction_tools_lights,709.05,7,2.7777777777777777,24.689999999999998
213b25e6f54661939f11710a6fddb871,SP,home_construction,13645.95,136,3.8698224852071004,17.454709302325583
213b25e6f54661939f11710a6fddb871,SP,signaling_and_security,750.95,9,4.0,17.39888888888889
213fafb0ca06fb3d5886579c2565791b,MG,cine_photo,34.9,1,4.0,7.82
213fafb0ca06fb3d5886579c2565791b,MG,computers_accessories,109.9,1,2.0,9.9
213fafb0ca06fb3d5886579c2565791b,MG,cool_stuff,44.9,1,1.0,9.44
2156f2671501a81034d7d07f217609d0,SP,computers_accessories,939.9,14,3.9285714285714284,15.087857142857144
2156f2671501a81034d7d07f217609d0,SP,construction_tools_construction,72.0,1,2.0,38.55
2156f2671501a81034d7d07f217609d0,SP,garden_tools,1397.6999999999998,5,4.4,21.29
2156f2671501a81034d7d07f217609d0,SP,housewares,499.9,1,5.0,37.26
217f005bb37ff3aeef5b2ae1788e75ba,SP,fashion_sport,49.98,2,4.5,15.075
218d46b86c1881d022bce9c68a7d4b15,SP,bed_bath_table,565.0,2,4.6,16.348
218d46b86c1881d022bce9c68a7d4b15,SP,diapers_and_hygiene,472.0,12,4.416666666666667,16.816666666666666
218d46b86c1881d022bce9c68a7d4b15,SP,sports_leisure,52673.3,368,4.160847880299252,17.789330024813896
218f991754f360af9c2daa5e0b8e990c,SP,housewares,3554.32,14,3.5294117647058822,15.601176470588237
2199e7fe213c16213bf5d6a7eadc9a5d,SP,air_conditioning,1174.6,4,4.0,22.542
2199e7fe213c16213bf5d6a7eadc9a5d,SP,bed_bath_table,451.5,5,4.666666666666667,15.926666666666664
2199e7fe213c16213bf5d6a7eadc9a5d,SP,cool_stuff,420.07,1,2.0,22.44
2199e7fe213c16213bf5d6a7eadc9a5d,SP,furniture_decor,677.8,6,4.555555555555555,17.65888888888889
2199e7fe213c16213bf5d6a7eadc9a5d,SP,garden_tools,157.9,1,5.0,13.45
2199e7fe213c16213bf5d6a7eadc9a5d,SP,housewares,862.8000000000001,6,4.428571428571429,18.004285714285714
2199e7fe213c16213bf5d6a7eadc9a5d,SP,signaling_and_security,22.62,1,5.0,12.69
21c62b998a043ebe31161d38f84929fc,CE,auto,750.49,4,4.5,22.71
21d59342ba150175ca2aa4f8faddeca6,SP,health_beauty,259.9,2,4.5,37.195
21e83881401b92b49fb09a16d3852291,MG,furniture_decor,479.96,4,4.75,28.9925
21e83881401b92b49fb09a16d3852291,MG,garden_tools,2629.1,8,4.777777777777778,42.34
2235cf78d3e2073a88146a9cb60f0dd0,SP,furniture_living_room,178.99,1,5.0,25.77
226b05fe067266c59c15dae208213d06,PR,pet_shop,83.9,1,5.0,17.3
228e4c1a0be164f613d41c24345f9d2c,PR,housewares,539.7,5,5.0,45.948
229c3efbfb0ea2058de4ccdfbc3d784a,MG,computers_accessories,15479.0,118,3.6433566433566433,15.866965517241379
22a23e5ac7061fc538cc2a019afaaf16,MG,food_drink,95.0,1,3.0,14.42
22c32ec35d0116ef02c281798a25bf8b,PR,sports_leisure,72.0,2,3.5,15.712499999999999
2305ab43e846518f58dd9d59f3f54e96,SP,perfumery,788.89,3,3.6666666666666665,14.123333333333335
232a6014e7b10cba61c6c2b2ea6bb4b0,SP,pet_shop,3819.9700000000003,32,4.085714285714285,34.202
23613d49c3ac2bd302259e55c06c050c,SP,furniture_decor,3965.6000000000004,64,3.712328767123288,25.869999999999997
236585a4ddb5fea9fa40233e2249ed91,RS,auto,209.96999999999997,3,4.666666666666667,18.28
236585a4ddb5fea9fa40233e2249ed91,RS,computers_accessories,439.56,8,3.875,16.6625
2379bdc3888025689a9deb7b141507d5,SP,health_beauty,15.8,2,2.5,13.17
2379bdc3888025689a9deb7b141507d5,SP,perfumery,983.7,7,4.857142857142857,14.252857142857142
238fac594e170b59c6d228f5a4f4f1d9,SP,pet_shop,3126.0,29,3.9655172413793105,47.31733333333333
23a0ffca143a15b9b5bbdb7d552f626a,SP,garden_tools,3668.52,22,3.9130434782608696,24.862608695652174
23a0ffca143a15b9b5bbdb7d552f626a,SP,housewares,49.99,1,5.0,13.93
23c38debaffe4a25a30fdbd9b586a13f,SP,auto,350.23,3,4.0,24.712
23c38debaffe4a25a30fdbd9b586a13f,SP,construction_tools_construction,289.0,1,5.0,14.46
23c38debaffe4a25a30fdbd9b586a13f,SP,costruction_tools_tools,698.25,3,5.0,24.429999999999996
23c38debaffe4a25a30fdbd9b586a13f,SP,garden_tools,3368.73,30,4.303030303030303,15.137878787878789
23c38debaffe4a25a30fdbd9b586a13f,SP,industry_commerce_and_business,589.47,3,4.333333333333333,38.39000000000001
23c38debaffe4a25a30fdbd9b586a13f,SP,signaling_and_security,86.5,1,3.0,8.35
23ca5f678e0b3ea6c630b30fa8bf51ea,SP,home_appliances,183.0,6,5.0,13.77
23d7c96d4a1160db1c726b248601b25a,SP,air_conditioning,894.9399999999999,4,4.0,24.637999999999998
23d7c96d4a1160db1c726b248601b25a,SP,baby,342.70000000000005,3,3.5,21.55333333333333
23d7c96d4a1160db1c726b248601b25a,SP,consoles_games,38.9,1,2.0,22.2
23d7c96d4a1160db1c726b248601b25a,SP,cool_stuff,2197.6,13,3.923076923076923,16.984285714285715
23d7c96d4a1160db1c726b248601b25a,SP,home_appliances,119.9,1,5.0,13.86
23d7c96d4a1160db1c726b248601b25a,SP,home_appliances_2,2009.7,3,2.0,97.17
23d7c96d4a1160db1c726b248601b25a,SP,housewares,89.9,1,2.0,14.21
23d7c96d4a1160db1c726b248601b25a,SP,small_appliances,3175.8,12,4.25,23.644166666666667
23d7c96d4a1160db1c726b248601b25a,SP,small_appliances_home_oven_and_coffee,214.9,1,5.0,24.08
23d7c96d4a1160db1c726b248601b25a,SP,stationery,148.8,2,5.0,20.805
23d7c96d4a1160db1c726b248601b25a,SP,toys,1425.1,9,4.166666666666667,19.12222222222222
23ff42c4bf1f8f16cddb19d8b972974a,MG,sports_leisure,174.70000000000002,2,4.333333333333333,17.656666666666666
240b9776d844d37535668549a396af32,RJ,air_conditioning,309.89,2,3.0,32.34
240b9776d844d37535668549a396af32,RJ,home_appliances_2,499.99,1,4.0,136.19
240b9776d844d37535668549a396af32,RJ,housewares,509.38000000000005,8,4.75,17.29
240b9776d844d37535668549a396af32,RJ,small_appliances,289.99,1,5.0,16.95
240b9776d844d37535668549a396af32,RJ,telephony,11722.84,23,4.304347826086956,21.018260869565218
244b04680fdbded0acf5aebd9c92b44a,SP,musical_instruments,1701.8000000000002,2,1.0,43.495
244c2f1bff6afe1f2eaf9bfe9b2aed38,SP,furniture_decor,2580.0,23,3.814814814814815,44.99518518518518
247587846358bb1d2e4c6522020b36fe,SP,pet_shop,99.0,1,5.0,22.51
2493dc3f20131696a0ecdb9948051a8d,DF,cool_stuff,504.38,4,4.75,17.6725
249f0e9905a6e06ad6c6bea7547ab9f6,RJ,art,278.0,2,3.0,11.725000000000001
249f0e9905a6e06ad6c6bea7547ab9f6,RJ,pet_shop,69.95,1,5.0,15.59
24a6daf925d9d591870a66660416de31,SP,books_general_interest,60.0,2,4.5,15.04
24c1de8d9551c0b4fbc53317d53efda8,PB,sports_leisure,355.0,1,5.0,57.12
2528513dd95219a6013d4d05176e391a,SP,bed_bath_table,5119.2,63,4.015151515151516,16.975671641791042
2528513dd95219a6013d4d05176e391a,SP,home_confort,26475.0,93,4.0,24.794210526315787
2528513dd95219a6013d4d05176e391a,SP,kitchen_dining_laundry_garden_furniture,1066.0,4,1.6666666666666667,61.9875
2528744c5ef5d955adc318720a94d2e7,SP,agro_industry_and_commerce,6245.0,5,2.4,52.739999999999995
252e76235acb79183cfca6e34f13337d,SP,auto,57.2,1,1.0,12.84
252e76235acb79183cfca6e34f13337d,SP,furniture_decor,204.0,2,4.666666666666667,15.910000000000002
253c025bab43881055aeecde5e2d8b77,PR,housewares,94.82,2,4.5,14.754999999999999
253f95b3a0e6983ae18aed49fbc2b845,SP,auto,799.5,5,4.4,18.288
257e61d3251fb5efb9daadddbc2cf7ca,PR,baby,7510.0,11,4.7272727272727275,96.14545454545454
257e61d3251fb5efb9daadddbc2cf7ca,PR,food,219.0,1,5.0,19.58
258447aad3f7b01e2643c89f64dc5647,PR,health_beauty,51.9,1,5.0,19.55
259f7b5e6e482c230e5bfaa670b6bb8f,SP,bed_bath_table,7782.84,128,4.25,16.018627450980393
259f7b5e6e482c230e5bfaa670b6bb8f,SP,garden_tools,610.3000000000001,9,4.666666666666667,27.047777777777778
25be943a321c8938947bdaabca979a90,SP,kitchen_dining_laundry_garden_furniture,479.0,3,4.333333333333333,31.876666666666665
25c5c91f63607446a97b143d2d535d31,MG,computers_accessories,52787.08,152,3.7151162790697674,26.109343629343627
25cf099de44674fde97473224f9d59ab,SP,auto,1654.3600000000001,50,4.326530612244898,14.103800000000001
25debeafbce801fdd479539350185eee,SP,perfumery,159.96,3,2.5,14.2875
25debeafbce801fdd479539350185eee,SP,sports_leisure,77.89,2,3.0,14.985
25e47381a6c510ddeb36084e33b89f0c,SP,bed_bath_table,1115.8000000000002,12,4.5,17.5575
25e6ffe976bd75618accfe16cefcbd0d,SP,baby,633.97,10,4.5,18.880000000000003
25e6ffe976bd75618accfe16cefcbd0d,SP,books_general_interest,99.81,1,5.0,15.91
25e6ffe976bd75618accfe16cefcbd0d,SP,cool_stuff,2666.84,9,4.733333333333333,11.602
25e6ffe976bd75618accfe16cefcbd0d,SP,fashion_bags_accessories,350.5,4,3.75,12.442499999999999
25e6ffe976bd75618accfe16cefcbd0d,SP,housewares,15.0,1,4.0,14.1
25e6ffe976bd75618accfe16cefcbd0d,SP,toys,7786.5,81,4.380952380952381,14.816309523809522
262237171f48e85819065498cac80d7b,SC,sports_leisure,599.0,4,4.3,15.0
2646baaf662d4d92ac48f047e35db92d,SP,auto,643.8,8,4.6,17.543
2646baaf662d4d92ac48f047e35db92d,SP,costruction_tools_tools,438.0,1,5.0,20.72
2646baaf662d4d92ac48f047e35db92d,SP,garden_tools,31.2,1,1.0,7.48
2646baaf662d4d92ac48f047e35db92d,SP,signaling_and_security,150.05,5,5.0,12.398
26562f211dd1364af2a8596dc945e8ae,SP,bed_bath_table,37.0,1,5.0,7.52
26562f211dd1364af2a8596dc945e8ae,SP,furniture_decor,62.0,1,5.0,8.59
265fdc289dffa9f1ad801c74f7d0de47,SP,furniture_bedroom,495.0,1,5.0,51.55
26785a546900236d66f2e4197c211158,SP,consoles_games,1019.2,15,4.666666666666667,15.03
269c5fc9fcadee614364c3620c30a1f9,SP,luggage_accessories,209.6,3,5.0,7.52
269cff2d3c8d205c11f37a52402ea93b,SP,agro_industry_and_commerce,721.69,3,4.25,26.3525
269cff2d3c8d205c11f37a52402ea93b,SP,health_beauty,559.9,1,5.0,28.0
26af45f5dfd967225a832838aa4e24a3,PR,auto,573.1,10,4.181818181818182,18.046363636363637
26b482dccfa29bd2e40703ba45523702,SP,health_beauty,62.9,1,5.0,18.24
26b482dccfa29bd2e40703ba45523702,SP,pet_shop,281.88,2,5.0,16.463333333333335
26bad72add1f86e08a776ce4ffdaf1ca,SP,food_drink,622.0,7,4.428571428571429,17.702857142857145
26d6bbee02420494d471c9f6436929c0,PR,auto,311.71999999999997,9,4.8,18.85
26d6bbee02420494d471c9f6436929c0,PR,cine_photo,6.8,1,5.0,18.23
26d6bbee02420494d471c9f6436929c0,PR,construction_tools_safety,90.5,1,4.0,23.35
26d6bbee02420494d471c9f6436929c0,PR,stationery,25.49,1,4.0,17.11
26d8a1c7c75d513045798992ead43aa2,PR,health_beauty,255.95999999999998,3,4.5,13.6625
26d8a1c7c75d513045798992ead43aa2,PR,perfumery,5681.17,31,4.3125,18.70875
26e13b6ff5b641b329e5524241ee2c93,SP,fashion_bags_accessories,89.8,3,3.6666666666666665,19.036666666666665
26e13b6ff5b641b329e5524241ee2c93,SP,fashion_shoes,29.9,1,5.0,12.87
26e2c91ef821e1ff8985f408788fe35b,SP,bed_bath_table,1649.4,12,3.0,19.605
26e2e5033827d2ba53929f43e03d8ffe,SP,furniture_decor,139.49,1,5.0,15.29
26f6b7ab07be3e9e69ce82a6552efc19,RJ,sports_leisure,29.9,1,1.0,7.63
26f6b7ab07be3e9e69ce82a6552efc19,RJ,stationery,24.9,1,5.0,18.32
270297ead4c65a6cd2593960d2af6b21,SP,furniture_decor,8666.42,11,3.6923076923076925,34.77153846153846
270297ead4c65a6cd2593960d2af6b21,SP,garden_tools,365.98,2,4.5,14.015
270297ead4c65a6cd2593960d2af6b21,SP,home_construction,312.0,4,3.5,14.325
270572bb714b00531be85e16e1550f26,SP,bed_bath_table,96.99,1,5.0,14.77
2709af9587499e95e803a6498a5a56e9,SP,health_beauty,769.8,16,2.3714285714285714,11.507222222222222
2709af9587499e95e803a6498a5a56e9,SP,perfumery,410.76,9,3.4,13.547
270d3ef21830ad0ecf3a6c53d08a533a,SP,diapers_and_hygiene,471.0,5,2.2941176470588234,12.800588235294118
271b8923c6a549e02d3c9fd1f8c0422b,SP,construction_tools_construction,105.19,1,4.0,13.4
271c58a1d139c45eaf3316107c6d3a3b,SP,baby,3597.63,27,4.185185185185185,23.515555555555554
272f092de69afedd4d2969440b37f18f,SP,audio,49.9,1,1.5,14.1
272f092de69afedd4d2969440b37f18f,SP,baby,99.8,2,5.0,28.76
272f092de69afedd4d2969440b37f18f,SP,books_imported,99.0,1,5.0,15.1
272f092de69afedd4d2969440b37f18f,SP,fashion_bags_accessories,1597.63,23,4.0606060606060606,12.538529411764706
2745f798279e0ed033addcc1474776d7,SP,sports_leisure,3668.5299999999997,32,3.967741935483871,21.764375
276677b5d08786d5dce7c2149dcce48b,MG,furniture_bedroom,53.0,1,5.0,25.38
276677b5d08786d5dce7c2149dcce48b,MG,garden_tools,1128.3999999999999,6,4.5,19.555
276677b5d08786d5dce7c2149dcce48b,MG,health_beauty,59.699999999999996,3,5.0,13.476666666666667
276677b5d08786d5dce7c2149dcce48b,MG,housewares,1792.0,17,3.533333333333333,16.743666666666666
276677b5d08786d5dce7c2149dcce48b,MG,musical_instruments,247.9,1,4.0,24.89
276677b5d08786d5dce7c2149dcce48b,MG,toys,143.2,3,4.333333333333333,9.843333333333334
27a56ff04b34c2ba34ce6ba4d3b9d616,SP,market_place,263.4,6,4.5,13.035000000000002
27a56ff04b34c2ba34ce6ba4d3b9d616,SP,sports_leisure,85.89,2,3.0,12.385000000000002
282c7480173bb9c01dd41cc739fec010,SP,cool_stuff,79.9,1,5.0,16.92
282c7480173bb9c01dd41cc739fec010,SP,health_beauty,4194.3,5,4.333333333333333,25.027142857142856
282f23a9769b2690c5dda22e316f9941,MG,costruction_tools_garden,26.84,1,4.0,22.85
282f23a9769b2690c5dda22e316f9941,MG,food_drink,2448.6,56,4.357142857142857,17.55625
282f23a9769b2690c5dda22e316f9941,MG,garden_tools,1482.7,22,4.458333333333333,16.671666666666667
282f23a9769b2690c5dda22e316f9941,MG,housewares,547.52,10,4.75,17.3675
282f23a9769b2690c5dda22e316f9941,MG,industry_commerce_and_business,942.16,6,3.7142857142857144,21.852857142857143
282f23a9769b2690c5dda22e316f9941,MG,pet_shop,1016.46,3,3.7777777777777777,11.030000000000001
28405831a29823802aa22c084cfd0649,SP,christmas_supplies,210.0,6,4.5,12.138333333333334
28872dc528e978a639754bc8c2ce5a4c,RS,housewares,1009.9,1,5.0,29.0
289cdb325fb7e7f891c38608bf9e0962,SP,health_beauty,799.4,5,5.0,13.26125
289cdb325fb7e7f891c38608bf9e0962,SP,music,52.9,1,1.0,11.75
289cdb325fb7e7f891c38608bf9e0962,SP,perfumery,12498.35,103,4.591304347826087,16.802260869565217
289cdb325fb7e7f891c38608bf9e0962,SP,pet_shop,59.9,1,5.0,25.42
28a26ebce31d5918b181ede016fd693b,MG,health_beauty,29.9,1,5.0,17.14
28c7d8743fbc8679f484868cc0fcaefb,SP,health_beauty,201.5,3,5.0,22.953333333333333
28d162ab86bb49d719c32f0ee6186eaa,SP,sports_leisure,109.99,1,4.0,17.21
28ea411b354f14b1a494be4e79f0ce02,SP,bed_bath_table,600.0,4,4.5,13.3625
28ea411b354f14b1a494be4e79f0ce02,SP,fashion_childrens_clothes,220.0,2,5.0,11.74
28f10b1c5e5abb9d4857745bede6147c,SP,electronics,330.0,16,4.125,12.221874999999999
28f10b1c5e5abb9d4857745bede6147c,SP,sports_leisure,475.0,11,3.727272727272727,13.318181818181818
28f10b1c5e5abb9d4857745bede6147c,SP,telephony,30.0,1,5.0,8.37
28fb0829fd777877cdc350d25cb5bd5b,SP,health_beauty,279.8,2,5.0,21.04
293dee954235e4e4e43f129313625ebe,DF,stationery,644.96,4,5.0,30.0625
2953ce3a88f5e3c3b696d77fc9e4c8eb,SP,books_general_interest,39.0,1,5.0,7.78
2953ce3a88f5e3c3b696d77fc9e4c8eb,SP,books_technical,431.0,13,4.642857142857143,10.967142857142857
296729ffb9b684050dd24836dac4494a,SP,bed_bath_table,59.0,1,5.0,18.51
296729ffb9b684050dd24836dac4494a,SP,cool_stuff,55.0,1,5.0,17.1
297d5eccd19fa9a83b2630071ff105e4,PR,housewares,834.97,8,5.0,17.72
299c89a525fee36c567f4fe72f038100,CE,furniture_decor,189.0,1,3.0,53.67
29c322e3f09f886f8bacbe91dfbd979e,RS,auto,48.98,1,5.0,28.295
29e6e05b65f93bc224c644319dc52ecf,MG,baby,475.6,4,4.75,20.83
29fe9f200d3fa0c668d2aa1ec7e08dfb,SC,telephony,400.0,5,4.0,22.832
2a1348e9addc1af5aaa619b1a3679d6b,MG,auto,964.8,10,4.222222222222222,15.3
2a1348e9addc1af5aaa619b1a3679d6b,MG,baby,11.9,1,1.0,12.48
2a1348e9addc1af5aaa619b1a3679d6b,MG,computers_accessories,82.69999999999999,3,3.6666666666666665,12.01
2a1348e9addc1af5aaa619b1a3679d6b,MG,consoles_games,314.7,3,2.0,17.076666666666668
2a1348e9addc1af5aaa619b1a3679d6b,MG,fashion_underwear_beach,119.6,2,2.5,19.46
2a1348e9addc1af5aaa619b1a3679d6b,MG,fixed_telephony,139.7,3,3.6666666666666665,14.94
2a1348e9addc1af5aaa619b1a3679d6b,MG,furniture_decor,462.5,13,2.8666666666666667,14.373999999999999
2a1348e9addc1af5aaa619b1a3679d6b,MG,garden_tools,89.9,1,1.0,8.21
2a1348e9addc1af5aaa619b1a3679d6b,MG,health_beauty,369.2,7,3.142857142857143,14.77142857142857
2a1348e9addc1af5aaa619b1a3679d6b,MG,home_confort,23.700000000000003,2,1.0,8.583333333333334
2a1348e9addc1af5aaa619b1a3679d6b,MG,perfumery,48.9,1,4.0,15.1
2a1348e9addc1af5aaa619b1a3679d6b,MG,telephony,69.8,2,3.5,11.41
2a167ca73899c85001a837d8fb4962f6,SP,costruction_tools_tools,4097.0,2,4.333333333333333,33.54
2a261b5b644fa05f4f2700eb93544f2c,SP,furniture_decor,5355.0,51,3.3536585365853657,24.899146341463414
2a50b7ee5aebecc6fd0ff9784a4747d6,DF,construction_tools_construction,199.8,1,1.0,32.22
2a5b78b41cd05baeac8df54c6606b92c,MG,health_beauty,15554.28,46,4.303571428571429,18.235535714285714
2a61c271b1ac763450d846849783e922,SP,cool_stuff,59.98,1,5.0,8.72
2a61c271b1ac763450d846849783e922,SP,health_beauty,1426.79,16,3.619047619047619,22.55
2a6fbeaa7ab9e5d59a35841a8da71ce4,SC,art,345.89,7,3.4285714285714284,22.032857142857146
2a6fbeaa7ab9e5d59a35841a8da71ce4,SC,industry_commerce_and_business,70.0,1,,20.6
2a6fbeaa7ab9e5d59a35841a8da71ce4,SC,market_place,583.9,7,4.0,21.907142857142855
2a6fbeaa7ab9e5d59a35841a8da71ce4,SC,small_appliances,633.0,15,4.133333333333334,20.287333333333333
2a73cba571d90c694b7caca072ccf6ce,SP,furniture_decor,342.78,1,5.0,19.35
2a7c6c0b0d5efde2bf75ec1e1cec2d41,PR,furniture_decor,147.6,3,3.3333333333333335,14.813333333333333
2a7dc43cecabf23403078e2188437d1d,SP,furniture_decor,908.64,11,3.5454545454545454,15.877272727272727
2a7dc43cecabf23403078e2188437d1d,SP,health_beauty,273.2,7,4.0,11.4475
2a7dc43cecabf23403078e2188437d1d,SP,housewares,658.9,10,4.818181818181818,13.819090909090908
2a7dc43cecabf23403078e2188437d1d,SP,sports_leisure,1876.57,10,3.5,20.985
2a7dc43cecabf23403078e2188437d1d,SP,toys,889.4000000000001,6,4.833333333333333,17.32166666666667
2a84855fd20af891be03bc5924d2b453,MG,auto,219.0,1,1.0,54.06
2a84855fd20af891be03bc5924d2b453,MG,cool_stuff,2308.0,23,4.166666666666667,23.057083333333335
2a84855fd20af891be03bc5924d2b453,MG,health_beauty,1121.0,29,4.2,16.404666666666667
2a84855fd20af891be03bc5924d2b453,MG,housewares,578.8,13,4.666666666666667,16.00384615384615
2a84855fd20af891be03bc5924d2b453,MG,kitchen_dining_laundry_garden_furniture,49.9,1,5.0,15.45
2a84855fd20af891be03bc5924d2b453,MG,luggage_accessories,6073.099999999999,25,4.576923076923077,33.966153846153844
2a84855fd20af891be03bc5924d2b453,MG,perfumery,35.0,1,5.0,16.44
2a84855fd20af891be03bc5924d2b453,MG,stationery,4604.2,62,4.396825396825397,16.7315873015873
2aa3443d7bf9d9bb11133f420d75e083,RJ,garden_tools,29.9,1,5.0,7.63
2aa3443d7bf9d9bb11133f420d75e083,RJ,housewares,199.8,2,1.0,16.715
2aa3443d7bf9d9bb11133f420d75e083,RJ,sports_leisure,417.3,7,3.2857142857142856,13.294285714285715
2aafae69bf4c41fbd94053d9413e87ee,RS,stationery,94.0,2,4.5,14.934999999999999
2addf05f476d0637864454e93ba673d5,DF,computers_accessories,4552.0,12,5.0,27.136666666666667
2b03ac196f5ed62ac483960fe0fa3b65,SP,health_beauty,485.0,4,4.75,12.2725
2b03ac196f5ed62ac483960fe0fa3b65,SP,sports_leisure,358.1,3,3.3333333333333335,14.333333333333334
2b1a40c1daabc6ca280c4b815c101841,MG,auto,12342.6,22,3.787878787878788,55.549696969696974
2b2fed75b8e5ea3a052fc4c0825da485,MG,toys,510.9,3,5.0,14.9825
2b3b9ce054da76a7428df143a567b156,SP,furniture_decor,301.0,5,3.1666666666666665,10.38
2b3e4a2a3ea8e01938cabda2a3e5cc79,SP,computers_accessories,23629.15,52,4.388888888888889,16.776851851851852
2b402d5dc42554061f8ea98d1916f148,BA,toys,299.89,1,5.0,63.9
2b5ed0c9139dae8883a200dfcb272ece,SP,stationery,85.41,4,4.25,14.835
2ba91c7ad80ff88b23b7db823b43c233,SP,health_beauty,59.9,1,5.0,18.3
2ba91c7ad80ff88b23b7db823b43c233,SP,pet_shop,680.5,5,3.6,16.326
2bd05d410a8fd26dc4184a15f4f2f588,MG,cool_stuff,1135.99,3,5.0,47.84666666666667
2bd05d410a8fd26dc4184a15f4f2f588,MG,small_appliances,127.74,2,5.0,13.623333333333335
2bdb95a56a36ebbc6640337ac5eac174,SP,health_beauty,89.9,1,5.0,18.0
2be17df1c49978426251562096c3cc09,SC,fashion_bags_accessories,1973.1000000000001,14,4.142857142857143,17.687857142857144
2be17df1c49978426251562096c3cc09,SC,garden_tools,59.0,1,4.0,42.06
2be17df1c49978426251562096c3cc09,SC,toys,132.9,1,5.0,22.86
2bf28e311bba65237358230cabac3f15,PR,costruction_tools_garden,190.0,5,3.2,27.762
2bf28e311bba65237358230cabac3f15,PR,housewares,34.0,1,5.0,14.43
2bf28e311bba65237358230cabac3f15,PR,kitchen_dining_laundry_garden_furniture,70.0,1,5.0,15.32
2bf6a2c1e71bbd29a4ad64e6d3c3629f,RJ,electronics,1850.0,1,5.0,48.27
2bf6a2c1e71bbd29a4ad64e6d3c3629f,RJ,watches_gifts,48778.9,29,4.166666666666667,31.744000000000003
2c00c85d30361cd2ced2969cffbbffa3,MG,baby,49.8,1,5.0,7.71
2c2c9832d1bb38c5b0034a3b47d313ee,RS,perfumery,49.9,1,3.0,18.45
2c3d56f92f360fb89d849b84e8f50eae,SP,auto,133.6,1,5.0,27.02
2c3d56f92f360fb89d849b84e8f50eae,SP,consoles_games,87.0,2,1.0,12.225
2c3d56f92f360fb89d849b84e8f50eae,SP,health_beauty,181.5,3,4.0,12.69
2c43fb513632d29b3b58df74816f1b06,MG,garden_tools,664.0,1,1.0,38.41
2c43fb513632d29b3b58df74816f1b06,MG,pet_shop,194.0,2,5.0,16.880000000000003
2c4c47cb51acd5ea5db5e0ae0e26542a,SP,pet_shop,2575.9,12,4.6,22.764666666666667
2c538755f1ca9540af144f266e70df6c,MG,auto,334.99,1,5.0,24.92
2c54051840f19eca309a5423cf22df36,PR,sports_leisure,23.7,2,4.5,14.285
2c9005d8043aff18b8557ffb7b13cda4,ES,furniture_decor,109.9,1,5.0,19.74
2c9e548be18521d1c43cde1c582c6de8,SP,auto,51.8,1,5.0,18.23
2c9e548be18521d1c43cde1c582c6de8,SP,party_supplies,109.0,1,5.0,56.11
2c9e548be18521d1c43cde1c582c6de8,SP,signaling_and_security,90.8,3,5.0,10.685
2c9e548be18521d1c43cde1c582c6de8,SP,stationery,3937.2599999999998,96,3.8,14.108181818181817
2c9e548be18521d1c43cde1c582c6de8,SP,toys,1824.7,23,4.130434782608695,15.560833333333333
2cb4700db635baa1c0d4f90ed27b6669,PR,baby,199.8,2,2.0,14.46
2cb6eb1b7185064167657fa09f541105,MG,arts_and_craftmanship,25.0,1,5.0,8.69
2cb6eb1b7185064167657fa09f541105,MG,christmas_supplies,239.8,1,5.0,19.23
2cb6eb1b7185064167657fa09f541105,MG,furniture_decor,437.6,2,4.0,23.14
2cb6eb1b7185064167657fa09f541105,MG,stationery,515.5,2,5.0,33.72
2cb98e27ce1c18abdb42209b34c382a7,SP,auto,62.49,1,4.0,57.21
2d20f1cd18725c91147da0791d498022,PR,housewares,99.8,1,5.0,19.89
2d22fc3089eb907b29ebff50581fb472,RJ,home_construction,317.70000000000005,3,3.6666666666666665,19.896666666666665
2d2322d842118867781fc737e96d59a1,SP,health_beauty,176.4,8,4.9,10.497
2d2c62bef4c8ba0dd74e0e228e808539,SP,cool_stuff,1434.0,5,4.2,36.072
2d2c62bef4c8ba0dd74e0e228e808539,SP,fashion_bags_accessories,95.0,1,5.0,12.17
2d2c62bef4c8ba0dd74e0e228e808539,SP,small_appliances,1704.0,7,3.5714285714285716,31.307142857142857
2d2c62bef4c8ba0dd74e0e228e808539,SP,small_appliances_home_oven_and_coffee,516.0,3,5.0,23.266666666666666
2d34636518ba88f5349b732fcf8ba2e4,SP,music,150.0,1,5.0,18.63
2d378dbb39815785238c0139c7647fb7,SC,furniture_living_room,1154.0,2,5.0,150.22
2d42ebcda99fd55f6f4bc2f1ca035d50,GO,home_appliances,120.5,2,4.5,30.525
2d42ebcda99fd55f6f4bc2f1ca035d50,GO,small_appliances,801.0,8,3.888888888888889,24.602222222222224
2d50d6282f8aa2257819a77bfaa0efe0,SP,baby,656.7,15,4.266666666666667,13.075999999999999
2d50d6282f8aa2257819a77bfaa0efe0,SP,bed_bath_table,2302.78,26,3.4074074074074074,20.19777777777778
2d50d6282f8aa2257819a77bfaa0efe0,SP,furniture_decor,49.0,1,5.0,12.69
2d518637f53161b973e01f56ea4bb88e,SP,sports_leisure,1219.8899999999999,13,4.923076923076923,24.60076923076923
2d8cfba3fcd3170555941605edaa196a,SP,books_technical,45.0,1,5.0,10.96
2d9e8987a2ea5cf88dce330249043ff1,SP,furniture_living_room,239.8,2,4.5,52.185
2dcf93836ae3ce0d7c93e2f10876467a,SP,health_beauty,99.8,2,2.5,9.1
2dcf93836ae3ce0d7c93e2f10876467a,SP,housewares,1344.0,7,4.5,16.044
2dd1fb6f0e42a2243b8a01e40cd41216,PR,sports_leisure,686.89,3,3.0,20.1075
2dee2ce60de9709b1a24083217181a1f,MT,perfumery,7784.5,54,4.363636363636363,37.455636363636366
2e0dba2da448400b1c11d7b4b22f32a4,SP,auto,235.87,7,3.769230769230769,13.217692307692309
2e13c71026e1a39ba5cc1b86dcb679aa,SP,sports_leisure,3793.0,24,4.25,18.471785714285716
2e1a7d075abe038c1b2743005fe42ff1,SP,health_beauty,1167.3,14,3.9411764705882355,16.091764705882355
2e1a7d075abe038c1b2743005fe42ff1,SP,perfumery,199.5,4,3.4,14.266
2e1c9f22be269ef4643f826c9e650a52,SP,auto,134.98,2,2.5,15.35
2e1c9f22be269ef4643f826c9e650a52,SP,health_beauty,6839.93,95,4.173469387755102,13.53591836734694
2e1c9f22be269ef4643f826c9e650a52,SP,sports_leisure,5195.33,64,4.378787878787879,14.388955223880599
2e3be8a987a30d7544dbbda6861cc14e,MG,computers_accessories,2472.86,14,3.6,18.53666666666667
2e7ea2aafec5835e781b21d6d1faf1f1,SP,health_beauty,528.4,7,4.5,16.888571428571428
2e90cb1677d35cfe24eef47d441b7c87,SP,cool_stuff,4434.8,32,4.205882352941177,33.21382352941176
2e90cb1677d35cfe24eef47d441b7c87,SP,electronics,8320.960000000001,81,3.883720930232558,16.862558139534883
2e90cb1677d35cfe24eef47d441b7c87,SP,pet_shop,1138.95,14,4.470588235294118,18.11764705882353
2ea0861cc19e94cad86438c984c52da4,SP,arts_and_craftmanship,9.8,1,1.0,13.68
2ea0861cc19e94cad86438c984c52da4,SP,auto,24.5,1,3.0,11.19
2ea0861cc19e94cad86438c984c52da4,SP,garden_tools,24.6,1,4.0,7.39
2ea0861cc19e94cad86438c984c52da4,SP,housewares,88.8,2,4.0,11.4
2ea0861cc19e94cad86438c984c52da4,SP,sports_leisure,17.9,1,4.0,7.39
2eb70248d66e0e3ef83659f71b244378,SP,baby,2594.6,5,2.8,19.772
2eb70248d66e0e3ef83659f71b244378,SP,computers_accessories,5033.700000000001,57,2.492063492063492,12.447777777777778
2eb70248d66e0e3ef83659f71b244378,SP,consoles_games,3217.5,5,3.2,17.451999999999998
2eb70248d66e0e3ef83659f71b244378,SP,cool_stuff,38.9,1,5.0,34.15
2eb70248d66e0e3ef83659f71b244378,SP,electronics,169.9,1,1.0,22.9
2eb70248d66e0e3ef83659f71b244378,SP,food_drink,699.9,1,3.0,20.87
2eb70248d66e0e3ef83659f71b244378,SP,health_beauty,573.35,2,3.0,28.725
2eb70248d66e0e3ef83659f71b244378,SP,sports_leisure,1102.39,1,4.0,21.47
2eb70248d66e0e3ef83659f71b244378,SP,telephony,779.8,2,3.5,15.725000000000001
2eb70248d66e0e3ef83659f71b244378,SP,watches_gifts,23580.98,111,2.959090909090909,16.22053097345133
2ec6e37d992a95eaddb3369dcbcc76d9,RS,housewares,159.8,2,1.5,12.07
2ee0a0689f2f6a72f35a7cb6033f6e7e,SP,fashion_bags_accessories,272.0,4,4.0,13.21
2eeb6531ee027a48d401e72bebdd87d3,SP,perfumery,38.699999999999996,3,4.333333333333333,13.333333333333334
2ef086a599b597572aca4433b7ed6b3d,SC,health_beauty,49.0,1,5.0,15.1
2f09f7d37a97956d11cc1a7cadd5262b,SP,sports_leisure,320.0,4,3.25,15.845
2f1e7b90e01d9f086cbcb301c0c3d406,SC,construction_tools_construction,59.0,1,5.0,12.66
2f4b0d3b9634b647d4edee577d7ebb7e,SP,perfumery,326.0,10,4.9,7.702
2f4b9d112bfa44a214bc6cef085d17c8,ES,computers_accessories,56.699999999999996,2,4.333333333333333,18.886666666666667
2f4b9d112bfa44a214bc6cef085d17c8,ES,furniture_decor,39.29,1,4.0,15.56
2f4b9d112bfa44a214bc6cef085d17c8,ES,small_appliances,198.0,2,4.5,23.525
2f73e04d12cdf0c945ded66bb3fcf6c7,ES,garden_tools,1359.0,3,3.3333333333333335,33.949999999999996
2f74af7a0ee5636f12c2336f9fffed47,SP,furniture_decor,34.9,1,5.0,12.69
2f74af7a0ee5636f12c2336f9fffed47,SP,housewares,34.9,1,4.0,9.34
2f74af7a0ee5636f12c2336f9fffed47,SP,sports_leisure,490.9,11,4.2727272727272725,12.885454545454547
2f9b7ce230a057a98a9f5df5893ee36c,SP,housewares,141.82,2,4.5,15.015
2fa13c8bd5705d279f7ed5cc9ec61c68,SP,health_beauty,16.9,1,5.0,7.39
2fa13c8bd5705d279f7ed5cc9ec61c68,SP,perfumery,70.5,1,5.0,17.97
2fb25ab44bdbeae6a4d816e0d0c9d500,RJ,health_beauty,387.1,1,5.0,25.86
2fb25ab44bdbeae6a4d816e0d0c9d500,RJ,small_appliances,295.98,4,4.75,13.0875
2fdde51ad3e12f297da656d4fbd5d0b5,SC,auto,2980.0,2,4.5,115.14
2fdde51ad3e12f297da656d4fbd5d0b5,SC,garden_tools,2823.0,7,4.857142857142857,45.94857142857143
2ff6b7bff164ef05590a52734e1296da,PR,industry_commerce_and_business,270.0,2,5.0,30.04
2ff6b7bff164ef05590a52734e1296da,PR,musical_instruments,278.9,1,5.0,15.68
2ff6b7bff164ef05590a52734e1296da,PR,sports_leisure,989.89,2,4.0,24.33
2ff6b7bff164ef05590a52734e1296da,PR,stationery,264.8,2,5.0,13.555
2ff97219cb8622eaf3cd89b7d9c09824,SP,baby,109.9,1,4.0,23.35
2ff97219cb8622eaf3cd89b7d9c09824,SP,bed_bath_table,81.8,2,3.0,14.165
2ff97219cb8622eaf3cd89b7d9c09824,SP,christmas_supplies,19.9,1,4.0,7.87
2ff97219cb8622eaf3cd89b7d9c09824,SP,cine_photo,119.9,1,4.0,18.73
2ff97219cb8622eaf3cd89b7d9c09824,SP,cool_stuff,117.5,5,4.8,13.898
2ff97219cb8622eaf3cd89b7d9c09824,SP,furniture_living_room,32.9,1,5.0,9.34
2ff97219cb8622eaf3cd89b7d9c09824,SP,health_beauty,239.2,8,4.75,14.26
2ff97219cb8622eaf3cd89b7d9c09824,SP,housewares,2060.2,36,4.6976744186046515,13.583953488372094
2ff97219cb8622eaf3cd89b7d9c09824,SP,perfumery,94.69999999999999,3,3.0,11.87
2ff97219cb8622eaf3cd89b7d9c09824,SP,pet_shop,245.39999999999998,6,4.833333333333333,12.005
2ff97219cb8622eaf3cd89b7d9c09824,SP,sports_leisure,324.0,10,4.5,12.863
2ff97219cb8622eaf3cd89b7d9c09824,SP,stationery,155.8,2,4.5,30.625
2ff97219cb8622eaf3cd89b7d9c09824,SP,toys,701.0,10,4.4,18.746000000000002
2ff97219cb8622eaf3cd89b7d9c09824,SP,watches_gifts,36.9,1,5.0,19.32
3076499bbc033a927bf4a8a41bcf7fd4,SP,furniture_decor,259.53,6,4.285714285714286,13.777142857142858
3076499bbc033a927bf4a8a41bcf7fd4,SP,stationery,99.8,1,5.0,13.93
3078096983cf766a32a06257648502d1,SP,bed_bath_table,146.99,1,4.0,82.12
3078096983cf766a32a06257648502d1,SP,cool_stuff,483.28999999999996,5,5.0,16.201999999999998
3078096983cf766a32a06257648502d1,SP,furniture_decor,419.97,3,3.0,19.849999999999998
3078096983cf766a32a06257648502d1,SP,health_beauty,1706.85,9,4.444444444444445,18.276666666666667
3078096983cf766a32a06257648502d1,SP,housewares,1633.1,10,3.8181818181818183,37.46
3078096983cf766a32a06257648502d1,SP,la_cuisine,119.99,1,5.0,27.16
3078096983cf766a32a06257648502d1,SP,small_appliances,119.99,1,5.0,13.96
3078096983cf766a32a06257648502d1,SP,sports_leisure,25.99,1,5.0,16.11
3078096983cf766a32a06257648502d1,SP,toys,2189.7400000000002,22,4.318181818181818,17.819545454545455
30829ded4523ab9224b93bc49a62c95f,RS,computers_accessories,6911.71,18,3.5806451612903225,20.580645161290324
3092c0b297aacfb4bb6e056ebe13b9b8,SP,computers_accessories,249.70000000000002,3,5.0,19.493333333333336
3092c0b297aacfb4bb6e056ebe13b9b8,SP,consoles_games,219.9,1,2.0,13.28
3092c0b297aacfb4bb6e056ebe13b9b8,SP,cool_stuff,96.9,1,5.0,15.56
3092c0b297aacfb4bb6e056ebe13b9b8,SP,housewares,383.30000000000007,7,3.7142857142857144,16.30857142857143
3092c0b297aacfb4bb6e056ebe13b9b8,SP,pet_shop,206.6,3,4.5,18.865000000000002
3092c0b297aacfb4bb6e056ebe13b9b8,SP,stationery,27.9,1,5.0,37.04
30a2f535bb48308f991d0b9ad4a8c4bb,SP,furniture_decor,4731.3,71,4.252873563218391,12.460459770114943
30a81d8cf85fb2ada1b1b094c9583a95,SP,pet_shop,1245.42,17,4.85,8.405
30c7f28fd3a5897b2c82d152bb760c17,RJ,cool_stuff,109.89,1,,12.22
30c7f28fd3a5897b2c82d152bb760c17,RJ,home_appliances_2,99.89,1,1.0,14.43
30c7f28fd3a5897b2c82d152bb760c17,RJ,small_appliances,259.8,2,2.0,15.26
30c7f28fd3a5897b2c82d152bb760c17,RJ,toys,1379.8,2,1.0,126.96000000000001
312ba1d77e9c332ef21f9598b7f64cd7,SP,baby,45.0,1,2.0,15.42
312ba1d77e9c332ef21f9598b7f64cd7,SP,toys,468.0,6,3.3333333333333335,14.498333333333335
31344c16881c08a8a72c6d2eb29918c1,MG,furniture_decor,9365.8,42,4.428571428571429,52.584523809523816
31561f325664a8a7aba4c8d0c3a9b3db,SP,auto,2619.7,34,4.555555555555555,16.855
31561f325664a8a7aba4c8d0c3a9b3db,SP,housewares,82.49,2,5.0,10.195
318f287a62ab7ac10b703ac37435a231,SP,bed_bath_table,1779.98,22,3.90625,17.0859375
318f287a62ab7ac10b703ac37435a231,SP,sports_leisure,652.5,29,3.9310344827586206,18.975517241379308
31ae0774c17fabd06ff707cc5bde005f,SP,agro_industry_and_commerce,5169.89,7,4.0,74.33428571428571
31ae0774c17fabd06ff707cc5bde005f,SP,cool_stuff,1449.97,3,3.6666666666666665,106.02666666666669
31ae0774c17fabd06ff707cc5bde005f,SP,industry_commerce_and_business,99.99,1,5.0,12.4
31be790e64fc99f8ff48ec2bd18a3104,SP,housewares,241.39999999999998,6,4.333333333333333,12.046666666666667
31da954dc0855f2495c6310f70a2f931,SP,health_beauty,995.0,18,4.277777777777778,11.148888888888889
31da954dc0855f2495c6310f70a2f931,SP,small_appliances,3588.0,11,4.166666666666667,20.7525
31e60bf8d103ce47932a85f5562deb16,GO,luggage_accessories,181.0,1,5.0,58.04
31eec405c9bb71dec8e2629a92e764fa,ES,auto,75.0,1,5.0,88.04
31eec405c9bb71dec8e2629a92e764fa,ES,construction_tools_construction,28.99,1,4.0,22.13
31eec405c9bb71dec8e2629a92e764fa,ES,electronics,26.0,1,5.0,18.28
31eec405c9bb71dec8e2629a92e764fa,ES,food,70.0,1,5.0,23.29
31eec405c9bb71dec8e2629a92e764fa,ES,home_construction,56.9,1,4.0,18.5
323ce52b5b81df2cd804b017b7f09aa7,SP,stationery,2262.3,27,4.384615384615385,13.604444444444445
324583d68897f5ddbaf38f6248322176,SP,furniture_decor,84.0,2,1.0,14.663333333333332
325f3178fb58e2a9778334621eecdbf9,SP,food_drink,23.4,1,3.0,8.63
325f3178fb58e2a9778334621eecdbf9,SP,health_beauty,182.4,10,4.083333333333333,8.795833333333334
325f3178fb58e2a9778334621eecdbf9,SP,perfumery,468.29999999999995,15,4.7368421052631575,10.769473684210526
327b89b872c14d1c0be7235ef4871685,AM,telephony,1177.0,3,2.3333333333333335,27.266666666666666
3289d8c3eef4873f91ce0b1343c0dd58,SP,sports_leisure,199.99,1,5.0,19.28
328acb143b4a73aad6bee8e734f5d20d,PR,computers_accessories,299.99,1,4.0,17.8
328acb143b4a73aad6bee8e734f5d20d,PR,consoles_games,399.99,1,4.0,16.97
32b8764b4ef628b53608fc34011fcc13,SC,housewares,8884.0,36,4.2368421052631575,78.16894736842106
32e5635e63cb374eb63afdd242fb6134,RJ,small_appliances,910.0,1,5.0,17.82
32f1bb9dfa65bc7df5c0d9d95a616be4,SP,baby,99.9,1,5.0,18.58
32f1bb9dfa65bc7df5c0d9d95a616be4,SP,cool_stuff,66.89,1,5.0,7.39
32f1bb9dfa65bc7df5c0d9d95a616be4,SP,housewares,79.69999999999999,2,2.3333333333333335,7.446666666666666
32f83ffe11cd40f7adcf4eef171f52d9,RS,health_beauty,29.99,1,5.0,15.1
32fdd5d44ecb43dfd6a24b9369eca144,MG,stationery,299.5,5,4.6,17.234
333c4210e76a1aa2ab817b99437e3ff1,SP,auto,335.0,2,5.0,33.715
3340ef1913fb70d28420f6ceb685c339,PR,computers_accessories,6731.15,32,4.333333333333333,17.866666666666667
334cab711dee080b079fa5779b584783,SP,furniture_decor,1069.7,11,4.961538461538462,13.52576923076923
33576ec5412fb5905d876f12f33bfde6,PR,fashion_bags_accessories,2718.0,31,4.125,17.811875
3361277dc30b7cccdb0c286b24219756,PR,costruction_tools_garden,143.56,3,5.0,14.412500000000001
3361277dc30b7cccdb0c286b24219756,PR,housewares,115.45,4,3.1666666666666665,14.14
3361277dc30b7cccdb0c286b24219756,PR,pet_shop,3646.04,22,4.3125,15.4175
3364a91ec4d56c98e44174de954b94f6,RO,auto,3579.94,6,3.8333333333333335,45.65166666666667
33a17d60c64393351ebf1ef860f4e0f2,RS,housewares,8152.4800000000005,43,4.617021276595745,27.22085106382979
33a6f4b1e7cdc205511e76ba1b6e0186,SP,baby,714.89,11,4.818181818181818,15.024545454545454
33a6f4b1e7cdc205511e76ba1b6e0186,SP,bed_bath_table,9580.119999999999,94,4.3130434782608695,14.988086956521741
33ab10be054370c254ddfcf0a6253422,RJ,health_beauty,213.2,4,5.0,13.0825
33ac3e28642ab8bda860a2f693000e78,SP,auto,379.98,2,3.5,16.61
33ac3e28642ab8bda860a2f693000e78,SP,sports_leisure,3281.05,32,4.2727272727272725,13.844545454545454
33c51922b6e3c16b24a8f28e5833c99d,PR,computers_accessories,517.65,1,1.0,21.72
33c51922b6e3c16b24a8f28e5833c99d,PR,electronics,598.97,1,4.0,17.53
33c51922b6e3c16b24a8f28e5833c99d,PR,perfumery,3910.25,14,4.785714285714286,17.855625
33c51922b6e3c16b24a8f28e5833c99d,PR,telephony,1631.0,2,2.5,21.535
33cbbec1e7e1044aaf11d152172c776f,RS,small_appliances,730.67,15,4.6875,24.926875
33cbda8716511e27e556dff9d8418bf2,SC,bed_bath_table,196.8,2,5.0,18.785
33cbda8716511e27e556dff9d8418bf2,SC,home_confort,120.69999999999999,2,4.666666666666667,15.660000000000002
33cbda8716511e27e556dff9d8418bf2,SC,housewares,189.9,1,5.0,23.62
33d677f27a69b84051204ee4ae76eaca,SC,food_drink,78.5,5,4.2,16.956
33d677f27a69b84051204ee4ae76eaca,SC,furniture_decor,29.8,2,5.0,15.92
33d677f27a69b84051204ee4ae76eaca,SC,housewares,56.699999999999996,2,5.0,18.956666666666667
33dd941c27854f7625b968cc6195a552,ES,housewares,6787.5,5,4.4,76.182
33fd411ed63a7c2f9005e3f065d9f85d,RS,health_beauty,24.9,1,4.0,18.23
34056b8b55c1775a22af2331670a799c,SP,auto,6398.7,77,4.038961038961039,22.746883116883115
340636a908b13bbe0f4fb63fbe1d0c03,SP,pet_shop,490.5,3,5.0,12.0
343e716476e3748b069f980efbaa294e,SP,books_general_interest,922.5999999999999,17,4.0,13.004166666666668
3442033154be05bac582e173ef54fd12,SP,telephony,161.0,1,5.0,8.39
344223b2a90784f64136a8a5da012e7f,SC,food_drink,10.9,1,2.0,16.79
3442f8959a84dea7ee197c632cb2df15,SP,sports_leisure,218.7,3,3.0,9.299999999999999
34675b28b826facfde119785bf287dc1,PR,auto,21.99,1,4.0,15.1
3481aa57cd91f9f9d3fa1fa12d9a3bf7,SP,furniture_decor,936.0699999999999,14,3.357142857142857,32.09285714285714
3481aa57cd91f9f9d3fa1fa12d9a3bf7,SP,garden_tools,210.0,2,4.0,64.385
3492e68f37fd1df87f4f2f2ea247f445,SP,art,99.98,1,1.0,18.23
3492e68f37fd1df87f4f2f2ea247f445,SP,auto,307.93,6,4.333333333333333,13.996666666666668
3492e68f37fd1df87f4f2f2ea247f445,SP,toys,379.95,1,4.0,48.96
34a557286ead8fe75c989e0afcf7d98c,SP,health_beauty,414.9,4,4.75,14.64
34d1ca11b242c0fee2c834ae8d788566,MG,computers_accessories,13422.24,40,4.3,23.95219512195122
34f563c82a85b99ae9e6d60db5fc2e28,RS,air_conditioning,209.9,1,5.0,16.57
34f563c82a85b99ae9e6d60db5fc2e28,RS,construction_tools_lights,1188.9,2,4.5,66.515
34f563c82a85b99ae9e6d60db5fc2e28,RS,musical_instruments,933.5,5,4.6,19.32
3504c0cb71d7fa48d967e0e4c94d59d9,SP,baby,379.5,5,4.2,10.386
3504c0cb71d7fa48d967e0e4c94d59d9,SP,cool_stuff,1540.32,33,4.666666666666667,12.219999999999999
3504c0cb71d7fa48d967e0e4c94d59d9,SP,furniture_decor,49.98,2,3.0,10.94
3504c0cb71d7fa48d967e0e4c94d59d9,SP,housewares,220.56,7,3.7142857142857144,19.287142857142857
3504c0cb71d7fa48d967e0e4c94d59d9,SP,sports_leisure,109.78,4,4.25,11.8325
3504c0cb71d7fa48d967e0e4c94d59d9,SP,toys,49.8,2,5.0,13.98
35281d148dcf7134bae913c57db4e6da,SP,housewares,119.99,1,5.0,17.03
353e21e8bf8de2722b4fae1636664b76,RS,auto,208.0,4,2.5,22.9725
35857757f553273b1056c1cabdace7fb,SP,auto,454.6,6,4.0,19.790000000000003
3586b8580d9c917874e053a1bb37b5ff,SP,office_furniture,146.7,3,3.6666666666666665,22.493333333333336
3586b8580d9c917874e053a1bb37b5ff,SP,stationery,1378.0,33,4.5,19.00425
35b96509602ec4b7da831b5cd73ff2c2,RS,sports_leisure,558.9,2,4.5,23.775
35ef5aa32949680f627efec3c23e705c,SC,musical_instruments,361.6,4,3.2,31.362000000000002
35fb511489d9ee3ee27a76debce9df06,PR,pet_shop,414.5,7,3.5714285714285716,24.612857142857145
3606774ec64634822d78dc2db6d37045,SP,garden_tools,179.9,1,5.0,16.37
365e445f796710c3431557e85caa25db,SP,cool_stuff,428.0,2,4.5,17.18
365e4bce19bda0082c3d15d83fdb8bcd,SP,bed_bath_table,89.9,1,5.0,15.73
365e4bce19bda0082c3d15d83fdb8bcd,SP,sports_leisure,706.5,5,4.666666666666667,13.815
36890be00bbfc1cdb9a4a38a6af05a69,SP,auto,102.8,1,5.0,9.07
36890be00bbfc1cdb9a4a38a6af05a69,SP,baby,983.3000000000001,8,3.875,19.15625
36890be00bbfc1cdb9a4a38a6af05a69,SP,toys,275.2,4,4.75,19.314999999999998
36a968b544695394e4e9d7572688598f,SP,auto,463.2,17,3.9444444444444446,11.883888888888889
36a968b544695394e4e9d7572688598f,SP,computers_accessories,2394.76,78,3.6707317073170733,12.941829268292683
36a968b544695394e4e9d7572688598f,SP,consoles_games,72.9,1,1.0,8.27
36a968b544695394e4e9d7572688598f,SP,cool_stuff,1031.3,5,2.7857142857142856,14.882857142857143
36a968b544695394e4e9d7572688598f,SP,furniture_decor,36.9,1,4.0,14.52
36a968b544695394e4e9d7572688598f,SP,garden_tools,224.9,1,5.0,16.32
36a968b544695394e4e9d7572688598f,SP,health_beauty,2222.3,30,4.266666666666667,14.018666666666666
36a968b544695394e4e9d7572688598f,SP,musical_instruments,87.5,5,1.6,15.162
36a968b544695394e4e9d7572688598f,SP,tablets_printing_image,44.7,3,4.0,17.0
36a968b544695394e4e9d7572688598f,SP,telephony,286.01,7,4.0,10.92875
36f98ad67cc981f50ce8aed093d5783c,PR,electronics,119.4,2,4.0,19.61
37303482a42fb700d8d127e70a9cd6c8,SP,toys,58.9,1,5.0,8.11
373ee4a3a775a733770ca3f790b8b9ac,RJ,cool_stuff,391.96000000000004,3,2.6,15.278
373ee4a3a775a733770ca3f790b8b9ac,RJ,furniture_decor,68.41,2,5.0,11.39
373ee4a3a775a733770ca3f790b8b9ac,RJ,home_construction,91.08,1,5.0,10.53
373ee4a3a775a733770ca3f790b8b9ac,RJ,sports_leisure,1555.04,7,3.75,15.00375
373ee4a3a775a733770ca3f790b8b9ac,RJ,toys,35.0,1,5.0,7.94
37515688008a7a40ac93e3b2e4ab203f,SP,consoles_games,5768.2,226,4.088983050847458,14.195126050420168
37515688008a7a40ac93e3b2e4ab203f,SP,home_appliances,185.9,1,5.0,18.21
376a891762bbdecbc02b4b6adec3fdda,GO,audio,399.0,1,5.0,23.11
376a891762bbdecbc02b4b6adec3fdda,GO,auto,599.0,1,5.0,24.59
376a891762bbdecbc02b4b6adec3fdda,GO,computers_accessories,214.5,1,5.0,29.9
376a891762bbdecbc02b4b6adec3fdda,GO,cool_stuff,1014.0,3,5.0,32.82666666666667
376a891762bbdecbc02b4b6adec3fdda,GO,sports_leisure,4179.73,51,4.627450980392157,21.33745098039216
376d67b61dce0c990155286e7ae486a4,SP,health_beauty,94.0,1,4.0,17.91
3771c85bac139d2344864ede5d9341e3,SP,bed_bath_table,116.2,8,4.625,12.385
377bc18334c78dd2f1535ef22a3ad225,PR,garden_tools,135.98,1,5.0,88.46
3785b653b1b82de85ab47dd139938091,PR,housewares,1552.0,21,4.75,20.052916666666665
37be5a7c751166fbc5f8ccba4119e043,SP,bed_bath_table,53937.57,265,4.3357933579335795,21.715766423357664
37be5a7c751166fbc5f8ccba4119e043,SP,perfumery,797.98,4,3.5,17.7725
37dd29b36c458d82f74a953c40c43645,SP,home_construction,4536.99,7,4.0,59.93
38102b031c2a15e54623d711bfc753d3,CE,bed_bath_table,30.0,1,3.0,31.64
38102b031c2a15e54623d711bfc753d3,CE,furniture_decor,148.0,4,4.75,37.57
38102b031c2a15e54623d711bfc753d3,CE,housewares,240.0,3,3.4,25.258
381c83fdca332ea6afd896da20bf6e4a,PR,electronics,339.0,3,5.0,21.8
381c83fdca332ea6afd896da20bf6e4a,PR,watches_gifts,7016.8,43,4.348837209302325,21.716511627906975
382229d1e840115ffe3dbf5ff460e417,RJ,art,44.8,1,5.0,14.29
382229d1e840115ffe3dbf5ff460e417,RJ,baby,29.9,1,5.0,18.31
382229d1e840115ffe3dbf5ff460e417,RJ,garden_tools,79.8,2,5.0,17.275
382229d1e840115ffe3dbf5ff460e417,RJ,health_beauty,429.19,9,3.888888888888889,20.008888888888887
382229d1e840115ffe3dbf5ff460e417,RJ,housewares,2188.61,12,4.666666666666667,20.9025
382229d1e840115ffe3dbf5ff460e417,RJ,perfumery,179.7,2,4.666666666666667,16.39
382229d1e840115ffe3dbf5ff460e417,RJ,pet_shop,328.9,10,4.2727272727272725,13.746363636363638
382229d1e840115ffe3dbf5ff460e417,RJ,sports_leisure,376.27,6,3.7142857142857144,13.700000000000001
382229d1e840115ffe3dbf5ff460e417,RJ,toys,379.89,2,4.5,29.465
385799a1cddbd26dfeb9157356a42282,SP,sports_leisure,551.9399999999999,4,4.833333333333333,12.463333333333333
38874e327ce94d11390b96eb42d61928,SP,office_furniture,3779.94,6,4.0,63.08166666666667
389e45560e33d2d0747f949dcddbc08e,SP,auto,39.0,1,5.0,8.43
38af8acfd46ac4a7bf754e8ca6736664,SP,cool_stuff,345.0,5,4.8,10.588
38e679b9e0064cd94c6f035707344dae,PR,housewares,1867.24,11,4.090909090909091,28.076363636363638
38e679b9e0064cd94c6f035707344dae,PR,sports_leisure,1776.91,16,4.1875,22.566470588235294
38e6dada03429a47197d5d584d793b41,SP,stationery,285.8,3,3.0,21.02
3903c788ded8dc03b5ebab37a2f3e9a1,SP,health_beauty,74.0,3,4.0,11.149999999999999
3903c788ded8dc03b5ebab37a2f3e9a1,SP,housewares,45.98,2,4.0,8.91
391bbd13b6452244774beff1824006ed,SP,sports_leisure,63.9,1,1.0,17.7
391fc6631aebcf3004804e51b40bcf1e,SP,bed_bath_table,14210.61,254,4.124087591240876,15.259166666666665
391fc6631aebcf3004804e51b40bcf1e,SP,furniture_decor,25145.95,266,3.853846153846154,17.84573170731707
392353362d22cc2c236e1ee81ff19890,SC,construction_tools_construction,279.73,4,4.555555555555555,19.817777777777778
392353362d22cc2c236e1ee81ff19890,SC,home_construction,8.97,1,5.0,13.61
392e0502231ae2f8b29994ef6398cd77,SP,health_beauty,1572.9,17,4.352941176470588,18.228823529411763
392f7f2c797e4dc077e4311bde2ab8ce,RN,auto,52.0,2,5.0,18.28
3935fe5fe0f82787a9dcb8deb62be09d,SP,auto,34.4,1,3.0,23.28
3935fe5fe0f82787a9dcb8deb62be09d,SP,computers_accessories,1277.29,11,4.0,26.060833333333335
3935fe5fe0f82787a9dcb8deb62be09d,SP,construction_tools_construction,370.0,4,4.0,20.912499999999998
3968920b9aa752ab98f7d5888c9252f2,SP,furniture_decor,46.0,1,5.0,19.32
3968920b9aa752ab98f7d5888c9252f2,SP,housewares,341.8,5,4.857142857142857,15.352857142857143
3968920b9aa752ab98f7d5888c9252f2,SP,perfumery,63.5,1,1.0,19.41
3968920b9aa752ab98f7d5888c9252f2,SP,stationery,72.0,1,1.0,11.51
3969863bb8af7f72580b3b1ffd3a17b3,SP,furniture_living_room,108.98,1,3.0,13.43
3969863bb8af7f72580b3b1ffd3a17b3,SP,garden_tools,79.8,2,4.5,8.504999999999999
3969863bb8af7f72580b3b1ffd3a17b3,SP,housewares,134.97,3,3.6666666666666665,18.233333333333334
3969863bb8af7f72580b3b1ffd3a17b3,SP,sports_leisure,299.4,6,4.333333333333333,21.383333333333336
397c4d0c005b6f41f90098ac724e28cb,SP,agro_industry_and_commerce,1899.0,1,4.0,79.18
397c4d0c005b6f41f90098ac724e28cb,SP,home_appliances,1190.0,1,4.0,178.11
397c4d0c005b6f41f90098ac724e28cb,SP,housewares,1799.0,1,5.0,42.11
397c4d0c005b6f41f90098ac724e28cb,SP,small_appliances,3289.0,2,4.5,72.985
3985a3c45be355a4c57fde108bfabd1c,RS,consoles_games,344.2,7,4.125,21.5
3986c0b54f6b748b75e7bd4e092aa3e5,PR,perfumery,24.99,1,5.0,15.28
398cb257329ef7af7f1943a8974a3cbc,BA,drinks,145.9,1,5.0,15.47
39a5005f2605cbdb4f9ac14485cabfd1,SP,auto,501.07,3,5.0,29.07375
39c763cca83e654764b7a4a650fb9b7c,GO,fashion_bags_accessories,129.0,1,4.0,21.3
39c763cca83e654764b7a4a650fb9b7c,GO,sports_leisure,632.0,10,3.8,20.191000000000003
39d54ff918774174706fb065d7f9dc07,SP,auto,1554.69,22,3.9166666666666665,14.501249999999999
39d61be7a92eb77b7da367bd4845bc0e,SP,furniture_decor,700.59,7,4.214285714285714,14.930714285714286
39f776d2974049026ff531fc42ef2a3e,GO,construction_tools_safety,1084.04,3,4.0,22.5925
3a1a1fec38dd360f15fc912e821e169d,SP,auto,2007.3799999999999,15,3.8666666666666667,24.75
3a3c180dd702a725bd0ba4117689239e,PR,pet_shop,41.9,1,4.0,35.48
3a3e46d10f74d8a6ca76e2b538f106a0,SP,food_drink,299.9,2,4.8,13.334
3a4127e1ba7208ea37044c5092aae170,SP,telephony,1842.6999999999998,5,4.0,16.29
3a490ba60afa30ece0e7d50cfe74a4f0,MG,fashion_bags_accessories,1529.2,8,4.625,20.73375
3a52d63a8f9daf5a28f3626d7eb9bd28,SP,sports_leisure,35.0,1,1.0,17.78
3a734b715d333a2588a3d54a0c9b8746,SP,baby,138.0,2,3.0,25.995
3a734b715d333a2588a3d54a0c9b8746,SP,consoles_games,179.52,1,4.0,9.45
3a734b715d333a2588a3d54a0c9b8746,SP,cool_stuff,234.0,1,5.0,16.11
3a734b715d333a2588a3d54a0c9b8746,SP,electronics,39.0,1,5.0,15.11
3a734b715d333a2588a3d54a0c9b8746,SP,telephony,1050.0,7,4.875,14.02
3a734b715d333a2588a3d54a0c9b8746,SP,watches_gifts,249.0,1,5.0,19.31
3aa3c89ae3cd482385568be76120f63c,GO,auto,29.9,1,4.0,19.04
3ab971ce71839580d2ae5b4e40fe8044,SP,housewares,3993.0,28,4.178571428571429,23.853448275862068
3ab971ce71839580d2ae5b4e40fe8044,SP,sports_leisure,924.0,7,2.875,23.5625
3ac588cd562971392504a9e17130c40b,SP,fashion_bags_accessories,11.9,1,5.0,7.39
3ade81dab5a172b88e1871c28ae05260,SP,furniture_bedroom,4846.6,25,4.185185185185185,46.66851851851852
3ade81dab5a172b88e1871c28ae05260,SP,furniture_decor,537.0,3,5.0,59.31333333333333
3afc536624bc2e65bddfb5db33cc01f3,MG,electronics,312.0,6,3.5,17.845000000000002
3b15288545f8928d3e65a8f949a28291,SP,bed_bath_table,13394.85,98,3.9210526315789473,20.437565217391306
3b15288545f8928d3e65a8f949a28291,SP,costruction_tools_garden,39.99,1,5.0,12.69
3b15288545f8928d3e65a8f949a28291,SP,home_comfort_2,329.98,2,5.0,18.525
3b18f9856c6eb2413eafedb58e9eecd9,SP,construction_tools_lights,315.0,1,5.0,20.09
3b872fd4747f01cc56206f2934198618,SP,bed_bath_table,2726.7400000000002,25,3.888888888888889,41.34703703703704
3bb32fedaa74e4ad20f4ce067733bd31,SC,sports_leisure,103.69999999999999,2,4.666666666666667,19.62
3bb548e3cb7f70f28e3f11ee9dce0e59,PR,computers_accessories,7690.02,46,3.981132075471698,16.92056603773585
3bdff180c7e1f6551a643b99c265a120,SP,computers_accessories,3008.2,56,4.175438596491228,17.308275862068964
3be5841cdcc46de4ed3f9116f104b2c5,SP,construction_tools_construction,299.8,2,5.0,21.13
3be5841cdcc46de4ed3f9116f104b2c5,SP,garden_tools,149.9,1,4.0,16.16
3be5841cdcc46de4ed3f9116f104b2c5,SP,housewares,149.9,1,5.0,29.93
3be634553519fb6536a03e1358e9fdc7,SP,fashion_bags_accessories,140.86,3,3.0,10.563333333333334
3be634553519fb6536a03e1358e9fdc7,SP,furniture_decor,196.69,5,3.8,15.306000000000001
3be634553519fb6536a03e1358e9fdc7,SP,furniture_living_room,199.87,4,4.5,21.4525
3be634553519fb6536a03e1358e9fdc7,SP,health_beauty,49.99,1,5.0,13.37
3be634553519fb6536a03e1358e9fdc7,SP,housewares,4337.6,54,3.9402985074626864,20.87820895522388
3be634553519fb6536a03e1358e9fdc7,SP,sports_leisure,306.01,13,4.4,13.166
3bfba5a77604f6dfae7e6dd7aaf65821,PR,health_beauty,2095.5,4,5.0,30.6725
3c010235b7345c92f125d14ee232a76b,PR,pet_shop,3578.0,15,4.666666666666667,28.488
3c03b12bab54d8b37d79d914bfdb1aa0,RJ,food,66.0,3,4.666666666666667,15.13
3c03b12bab54d8b37d79d914bfdb1aa0,RJ,sports_leisure,4170.34,34,3.8205128205128207,15.950999999999999
3c3017960b2dbd72711a61f0400aab8f,SC,furniture_decor,539.4000000000001,6,4.666666666666667,25.965000000000003
3c3017960b2dbd72711a61f0400aab8f,SC,housewares,169.9,1,5.0,19.89
3c487ae8f8d7542beff5788e2e0aea83,DF,fashion_bags_accessories,9385.699999999999,30,3.909090909090909,21.80757575757576
3c4e0452bff7a2a788179488d3d77032,PR,baby,126.80000000000001,2,2.0,14.274999999999999
3c4e0452bff7a2a788179488d3d77032,PR,toys,3619.6,30,3.7941176470588234,16.98735294117647
3c7c4a49ec3c6550809089c6a2ca9370,SP,perfumery,4002.75,139,3.7341772151898733,11.370000000000001
3c88ed2e76a2247933a15daa7161eb1c,SP,pet_shop,155.0,1,5.0,151.2
3ca08eeb8d5595949fed424bd3677742,PR,toys,1688.88,13,4.6923076923076925,34.54615384615385
3cfa1358a6caa965278721344c8d76f2,SP,construction_tools_construction,116.31,2,5.0,14.64
3cfa1358a6caa965278721344c8d76f2,SP,home_construction,3023.9700000000003,3,4.666666666666667,17.323333333333334
3d01d1c414c44b5943a09619ff3853cb,SP,baby,303.6,4,4.5,18.305
3d0cd21d41671c46f82cd11176bf7277,SC,agro_industry_and_commerce,33.9,1,5.0,13.72
3d0cd21d41671c46f82cd11176bf7277,SC,books_general_interest,143.6,4,4.75,19.6075
3d0cd21d41671c46f82cd11176bf7277,SC,cool_stuff,186.5,3,4.6,15.462
3d0cd21d41671c46f82cd11176bf7277,SC,housewares,83.8,1,5.0,5.12
3d2400ac620cffa23ac81bd192f7f555,SP,costruction_tools_tools,105.0,1,5.0,8.9
3d2531eccfbde1d7c8db7a3a12fb267a,MG,health_beauty,1999.54,10,4.222222222222222,21.306
3d290fe363c60a77498c1126fd3fb8d3,SP,computers_accessories,198.98,3,4.333333333333333,11.686666666666667
3d39fbf22a665714baf62fae36029e23,SP,garden_tools,599.8,2,4.0,19.52
3d39fbf22a665714baf62fae36029e23,SP,sports_leisure,1904.3999999999999,6,5.0,15.265
3d3ccf2b2f8134b10dce9dd446f0e075,SP,bed_bath_table,608.6,3,3.3333333333333335,47.31
3d4824f20035949c710eaf111f869d39,SP,auto,58.82,1,2.0,11.23
3d4824f20035949c710eaf111f869d39,SP,computers_accessories,32.66,1,5.0,8.98
3d4824f20035949c710eaf111f869d39,SP,cool_stuff,117.27,1,1.0,17.82
3d4824f20035949c710eaf111f869d39,SP,housewares,114.38,1,5.0,23.6
3d4824f20035949c710eaf111f869d39,SP,music,106.81,3,4.666666666666667,14.25
3d4824f20035949c710eaf111f869d39,SP,toys,20.03,1,5.0,9.99
3d49bfdd1b43a7fe169b3740067acc61,MG,construction_tools_construction,215.0,3,4.666666666666667,20.606666666666666
3d4b1ae7539303b5704493798893e82c,SP,computers_accessories,544.0,2,5.0,26.74
3d4b1ae7539303b5704493798893e82c,SP,musical_instruments,532.0,4,4.571428571428571,13.172857142857143
3d5d0dc7073a299e31fa718ce1bc00b6,RJ,health_beauty,356.79999999999995,13,4.769230769230769,18.286153846153844
3d5d0dc7073a299e31fa718ce1bc00b6,RJ,housewares,95.0,4,3.4,12.554
3d5d0dc7073a299e31fa718ce1bc00b6,RJ,perfumery,108.0,1,5.0,9.69
3d5d0dc7073a299e31fa718ce1bc00b6,RJ,small_appliances,100.0,2,2.5,12.91
3d5d0dc7073a299e31fa718ce1bc00b6,RJ,sports_leisure,15.0,1,5.0,16.32
3d621842b2ed28e2b474132480edac3c,SP,auto,873.9300000000001,8,4.625,15.401250000000001
3d62f86afa7c73be2628a3be1423f5a0,SP,books_general_interest,12.0,2,4.0,21.21
3d68c634a99a1ba46dbca3967a69c623,SC,cool_stuff,594.0,2,5.0,131.85
3d700782d7818f2c1e0d7a9e9d75fc00,SP,pet_shop,149.7,3,3.6666666666666665,28.47
3d871de0142ce09b7081e2b9d1733cb1,SP,books_general_interest,59.0,1,3.0,15.16
3d871de0142ce09b7081e2b9d1733cb1,SP,cool_stuff,517.0,3,5.0,22.84
3d871de0142ce09b7081e2b9d1733cb1,SP,luggage_accessories,99.0,1,4.0,13.35
3d871de0142ce09b7081e2b9d1733cb1,SP,stationery,78894.8,781,4.179141104294478,20.850157958687728
3d871de0142ce09b7081e2b9d1733cb1,SP,toys,12223.9,226,4.0042194092827,15.959041666666668
3d871de0142ce09b7081e2b9d1733cb1,SP,watches_gifts,1613.6999999999998,53,4.306451612903226,16.212222222222223
3d8fa2f5b647373c8620330c4e077a9f,SP,auto,37.0,2,5.0,10.09
3d8fa2f5b647373c8620330c4e077a9f,SP,baby,24.99,1,4.0,8.88
3d8fa2f5b647373c8620330c4e077a9f,SP,garden_tools,1000.8599999999999,14,4.03125,13.941875
3d8fa2f5b647373c8620330c4e077a9f,SP,health_beauty,1320.0,12,4.583333333333333,17.9525
3d8fa2f5b647373c8620330c4e077a9f,SP,housewares,629.91,9,3.4444444444444446,18.49
3d8fa2f5b647373c8620330c4e077a9f,SP,sports_leisure,488.98,4,5.0,22.858571428571427
3da38366e7bd9baf6369071f782ecdf0,CE,auto,59.47,1,1.0,26.96
3db66a856d18a9cba7c9241fc5221c50,MG,auto,5725.7,42,4.069767441860465,24.69511627906977
3db66a856d18a9cba7c9241fc5221c50,MG,furniture_decor,52.8,2,4.0,22.475
3db66a856d18a9cba7c9241fc5221c50,MG,housewares,299.8,2,5.0,21.54
3db66a856d18a9cba7c9241fc5221c50,MG,signaling_and_security,74.9,1,4.0,27.06
3db66a856d18a9cba7c9241fc5221c50,MG,sports_leisure,3255.2000000000003,46,4.270833333333333,17.659375
3dbbce181edfaa4a597ec858c382d2ec,PR,books_general_interest,731.5,13,4.375,18.090625
3dbbce181edfaa4a597ec858c382d2ec,PR,stationery,99.9,3,4.666666666666667,44.300000000000004
3dc69bf2c42f0568a5c4791ec3fd3745,SP,health_beauty,150.0,1,3.0,17.62
3ded4e2d5f135cb103e5949d7263d2dd,MG,computers_accessories,49.9,1,5.0,12.48
3df020b72d3d44b3af9d110fa3940b65,SP,furniture_decor,5039.9,55,3.9504950495049505,16.926435643564357
3dfd3dc96f7f8598eca74e9ac8a2fa31,SP,bed_bath_table,30.0,1,5.0,14.9
3dfd3dc96f7f8598eca74e9ac8a2fa31,SP,home_confort,8.0,1,5.0,7.78
3dfd3dc96f7f8598eca74e9ac8a2fa31,SP,housewares,130.0,3,3.6666666666666665,15.079999999999998
3dfd3dc96f7f8598eca74e9ac8a2fa31,SP,toys,15.0,1,3.0,7.78
3e35a8bb43569389d3cebef0ce820f69,SP,drinks,55.8,1,5.0,14.44
3e46a38ee171c503c3b4a3f23fe3bf0c,SP,health_beauty,59.9,1,5.0,9.11
3e51f9cbe317bc3a88f2c76583811ee4,SP,health_beauty,76.09,1,5.0,8.69
3e8bd881d92466e63ba9e3e809cd3c50,RJ,computers_accessories,188.0,1,5.0,20.01
3e8bd881d92466e63ba9e3e809cd3c50,RJ,consoles_games,719.88,3,4.0,19.893333333333334
3e8bd881d92466e63ba9e3e809cd3c50,RJ,cool_stuff,34.9,1,5.0,12.35
3e8bd881d92466e63ba9e3e809cd3c50,RJ,electronics,919.6,3,4.75,23.8475
3ea00e1dea2b0659dbaf654735929220,PR,cool_stuff,505.0,7,4.857142857142857,20.71
3ea08c48e851106d2f584349daba335f,MG,baby,170.0,1,4.0,22.94
3ef37b7ca6dd2b80bd8af81a62504996,SP,cool_stuff,700.0,2,4.5,20.485
3f0e48d209018b466fcd3bb4ccfeb520,PR,pet_shop,5399.0,9,3.9,25.58
3f2af2670e104d1bcb54022274daeac5,PR,furniture_decor,973.6,6,3.5714285714285716,51.51142857142857
3f3486b61f45078d4f31ee5e43d8c5bb,SP,luggage_accessories,1999.93,28,4.25,20.301785714285717
3f3486b61f45078d4f31ee5e43d8c5bb,SP,office_furniture,369.9,1,5.0,70.27
3f3486b61f45078d4f31ee5e43d8c5bb,SP,sports_leisure,1399.9,10,4.5,24.468
3f8034bfc6b8b4135534975d49f04c63,PR,baby,944.0,8,3.0,17.521818181818183
3f84fefc07dc159b268d4a77d3e8c425,PR,health_beauty,200.6,3,5.0,17.106666666666666
3f995f07c49d0d55a99d5c54957f7d81,SP,auto,3797.7,41,4.2439024390243905,15.57
3f995f07c49d0d55a99d5c54957f7d81,SP,computers_accessories,158.0,2,3.5,16.564999999999998
3f9be91358837bff69df67edfa3e42e8,PR,pet_shop,569.7,7,4.428571428571429,18.90857142857143
3f9c56764fabca627406093dcb3ef0b4,RJ,sports_leisure,909.3000000000001,7,4.714285714285714,15.092857142857142
3fac58ce0ad699020c7944d53c41329c,SP,construction_tools_lights,927.2,6,4.6,12.046
3fac58ce0ad699020c7944d53c41329c,SP,furniture_decor,317.75,5,4.5,10.426666666666668
3fadb4cba4c35bce6a7eaf9872d5623a,RS,health_beauty,209.5,3,3.2,13.604000000000003
3fd1e727ba94cfe122d165e176ce7967,SP,sports_leisure,2747.4,35,3.9722222222222223,15.235833333333334
3fe7120d6257285ac6a3ce7cb071ccec,MG,health_beauty,199.98,2,3.5,14.14
3fefda3299e6dfaea3466ef346a3571a,PR,electronics,209.0,1,4.0,16.21
4003520d80d0bad1d5623f7aa3c63cda,RJ,baby,70.0,1,1.0,16.74
402916f742e5c740cc751493d9cf5053,MG,food,200.0,1,5.0,18.8
402916f742e5c740cc751493d9cf5053,MG,health_beauty,924.0,6,4.5,22.948333333333334
402916f742e5c740cc751493d9cf5053,MG,sports_leisure,128.0,2,5.0,25.57
403aa86912527d730337ffcb0fb096ab,MG,art,299.99,1,1.0,17.86
403aa86912527d730337ffcb0fb096ab,MG,computers,2199.99,1,4.0,18.0
403aa86912527d730337ffcb0fb096ab,MG,computers_accessories,3699.99,1,4.0,36.23
403aa86912527d730337ffcb0fb096ab,MG,sports_leisure,224.99,1,4.0,18.05
403aa86912527d730337ffcb0fb096ab,MG,tablets_printing_image,889.99,1,,22.8
403aa86912527d730337ffcb0fb096ab,MG,telephony,1644.94,6,4.5,15.280000000000001
4049512728d969bec69f84088b012416,MG,cool_stuff,148.0,2,5.0,27.813333333333333
4049512728d969bec69f84088b012416,MG,sports_leisure,241.84,5,5.0,12.831666666666669
404e1ba01358af4cd63f679b2c4d1fa1,MG,housewares,104.8,3,5.0,15.386666666666665
404e1ba01358af4cd63f679b2c4d1fa1,MG,pet_shop,239.2,4,5.0,14.89875
404e1ba01358af4cd63f679b2c4d1fa1,MG,signaling_and_security,29.9,1,5.0,12.48
406740ee611378a662d274c7d8c43c4a,ES,computers_accessories,254.0,3,3.0,15.325
406740ee611378a662d274c7d8c43c4a,ES,fixed_telephony,1536.0,5,4.833333333333333,20.13
406822777a0b9eb5c50e442dd4cd3ec5,SP,cool_stuff,149.9,1,5.0,12.55
406822777a0b9eb5c50e442dd4cd3ec5,SP,toys,3398.19,43,4.340909090909091,19.746
4091f77d8c768fc3e81c20761471761d,SP,baby,1079.0,8,2.75,28.85875
40d54b51e962dbe09cabbcfd33298dee,SP,baby,153.2,5,3.0,8.093333333333332
40d54b51e962dbe09cabbcfd33298dee,SP,health_beauty,6616.86,24,4.083333333333333,19.886666666666667
40d54b51e962dbe09cabbcfd33298dee,SP,sports_leisure,15.5,1,5.0,11.85
40db9e9aa57f7bb151bcda6b0f9bdbb7,PE,auto,23168.0,12,2.3636363636363638,54.66583333333333
40ec8ab6cdafbcc4f544da38c67da39a,PR,housewares,117.8,2,5.0,19.6
411f3b52d857390502ee4e4d5ceabc2d,SP,baby,36.8,1,,12.79
411f3b52d857390502ee4e4d5ceabc2d,SP,construction_tools_construction,1533.57,17,4.25,11.3676
411f3b52d857390502ee4e4d5ceabc2d,SP,home_construction,203.8,2,4.5,30.735
411f3b52d857390502ee4e4d5ceabc2d,SP,housewares,29.84,1,4.0,7.47
4125d9385a25e82d2f72d3a0fd55bc3f,SP,housewares,42.9,1,5.0,18.4
412a4720f3e9431b4afa1476a1acddbe,SP,home_construction,120.0,1,5.0,19.14
412a4720f3e9431b4afa1476a1acddbe,SP,housewares,278.0,6,3.6666666666666665,14.469999999999999
412a4720f3e9431b4afa1476a1acddbe,SP,sports_leisure,1660.1,14,4.466666666666667,27.006666666666668
4170f6a9367e6b5d6401d03ce6d54569,DF,computers_accessories,290.78,3,3.6666666666666665,19.403333333333332
4170f6a9367e6b5d6401d03ce6d54569,DF,fixed_telephony,278.0,1,5.0,17.41
417a1e6c7321084d2a0ae0d023cfad93,RS,housewares,48.9,1,5.0,12.48
41958cbd3335433c8740300e8cd600d5,SP,small_appliances,32.99,1,5.0,7.39
41ab63a91b8b264e8c8780368bf1dd5b,MG,air_conditioning,239.59,1,5.0,29.06
41ab63a91b8b264e8c8780368bf1dd5b,MG,bed_bath_table,119.0,1,1.0,4.4
41ab63a91b8b264e8c8780368bf1dd5b,MG,luggage_accessories,149.0,1,5.0,20.32
41ab63a91b8b264e8c8780368bf1dd5b,MG,small_appliances,1594.79,5,4.666666666666667,26.073333333333334
41ab63a91b8b264e8c8780368bf1dd5b,MG,stationery,229.79,1,4.0,19.41
41ab63a91b8b264e8c8780368bf1dd5b,MG,telephony,45.0,1,5.0,14.1
41ab63a91b8b264e8c8780368bf1dd5b,MG,toys,194.78,2,3.5,29.27
41b14765bd56c8ad10971074380f9c0c,SP,computers_accessories,395.5,8,4.1,11.913
41b39e28db005d9731d9d485a83b4c38,SP,baby,57.0,2,4.5,9.84
41b39e28db005d9731d9d485a83b4c38,SP,bed_bath_table,13037.85,146,4.199404761904762,16.463809523809523
41b39e28db005d9731d9d485a83b4c38,SP,cool_stuff,542.8,14,4.428571428571429,12.375
41b39e28db005d9731d9d485a83b4c38,SP,furniture_decor,2547.3,23,4.3,21.489714285714285
41b39e28db005d9731d9d485a83b4c38,SP,market_place,121.80000000000001,2,5.0,13.55
41b86b552e54e3a7009596125aa8b167,SP,sports_leisure,1595.3,10,4.363636363636363,21.328181818181818
41c2bad7229b0c25e6becf179ebf63ff,RN,books_general_interest,782.0,20,4.956521739130435,8.257391304347825
41c9d3997dd3c072c31139dc5bb5761f,MG,stationery,998.8,3,4.333333333333333,37.24666666666667
41da412d33e8da4f22baf55cb1bde82c,ES,sports_leisure,862.9,15,4.714285714285714,17.81714285714286
41e0fa5761c886a630994a55c12087e7,SP,health_beauty,423.6,5,5.0,13.662
4200ddf1967c5e41e48db62bc6d4b5ac,SP,bed_bath_table,694.9,22,4.243243243243243,11.545365853658536
4221a7df464f1fe2955934e30ff3a5a1,BA,baby,849.5,5,4.8,47.908
422be4cc81a457fdb46f47edeb968ae5,SP,furniture_decor,239.9,1,5.0,77.47
427165bf50f8ca07efc7bdc2bfcf1688,SP,health_beauty,1603.5,5,3.2,17.880000000000003
42b6488f5b8246d9141712abd4b1b693,PR,health_beauty,189.99,1,3.0,28.28
42b6488f5b8246d9141712abd4b1b693,PR,perfumery,58.0,1,5.0,13.53
42b729f859728f5079499127a9c2ef37,SP,bed_bath_table,841.24,18,4.375,10.062916666666666
42b729f859728f5079499127a9c2ef37,SP,furniture_decor,232.5,5,4.4,9.152
42b729f859728f5079499127a9c2ef37,SP,health_beauty,2796.72,76,4.326315789473684,9.891752577319588
42b729f859728f5079499127a9c2ef37,SP,perfumery,226.5,4,5.0,10.638
42bde9fef835393bb8a8849cb6b7f245,DF,cool_stuff,619.0,1,5.0,59.85
42bde9fef835393bb8a8849cb6b7f245,DF,telephony,2915.0,13,4.666666666666667,16.999333333333333
42bde9fef835393bb8a8849cb6b7f245,DF,toys,4040.0,20,4.0,19.675217391304347
42d4b7e70819438f5ada61c965e92d7e,GO,auto,30.6,1,1.0,20.47
42d4b7e70819438f5ada61c965e92d7e,GO,drinks,19.0,1,1.0,10.24
42ef3192a9ff87a22d1867b74b3ee205,SP,books_general_interest,30.0,2,4.5,9.030000000000001
42ef3192a9ff87a22d1867b74b3ee205,SP,dvds_blu_ray,145.0,2,5.0,30.22
42ef3192a9ff87a22d1867b74b3ee205,SP,stationery,44.8,2,5.0,10.115
42ef3192a9ff87a22d1867b74b3ee205,SP,toys,1134.29,17,4.588235294117647,11.950000000000001
42fa4ee7240e9b8eb4576358ec142ba7,RS,housewares,1145.0,6,4.8,24.205000000000002
42fa4ee7240e9b8eb4576358ec142ba7,RS,stationery,359.70000000000005,3,5.0,20.069999999999997
42fb44130ac3134cde8e35cf8ec7df25,SP,fashion_bags_accessories,43.8,2,5.0,12.74
430315b7bb4b6e4b3c978f9dfa9b0558,SP,auto,667.0,2,2.5,52.245
430315b7bb4b6e4b3c978f9dfa9b0558,SP,computers_accessories,44.0,1,5.0,7.39
430315b7bb4b6e4b3c978f9dfa9b0558,SP,electronics,89.0,1,5.0,7.49
430315b7bb4b6e4b3c978f9dfa9b0558,SP,health_beauty,117.0,3,4.666666666666667,19.963333333333335
430315b7bb4b6e4b3c978f9dfa9b0558,SP,housewares,912.4,5,4.666666666666667,37.77333333333333
430315b7bb4b6e4b3c978f9dfa9b0558,SP,signaling_and_security,29.0,1,1.0,18.23
430315b7bb4b6e4b3c978f9dfa9b0558,SP,small_appliances,937.0,3,3.6666666666666665,23.953333333333333
430315b7bb4b6e4b3c978f9dfa9b0558,SP,telephony,69.0,3,3.6666666666666665,18.056666666666665
4305fe92735c8a43d154ff6dd2b8d927,MG,fashion_male_clothing,199.0,1,5.0,17.83
4305fe92735c8a43d154ff6dd2b8d927,MG,garden_tools,28.8,1,4.0,16.79
4305fe92735c8a43d154ff6dd2b8d927,MG,sports_leisure,2378.3,15,4.0588235294117645,21.11294117647059
431050a06a317f2b38168dec3dcd2b46,SP,health_beauty,1370.0,10,4.5,20.615000000000002
431af27f296bc6519d890aa5a05fdb11,SP,health_beauty,12974.6,116,3.796747967479675,17.16491935483871
4324dd16853115efb0fd9d0d131ba6f4,SP,computers_accessories,1052.25,12,4.277777777777778,18.178888888888892
432c37c9dfba871172ec162e20118b8c,DF,auto,25.0,1,2.0,25.63
432c37c9dfba871172ec162e20118b8c,DF,computers_accessories,9.99,1,4.0,14.1
432c37c9dfba871172ec162e20118b8c,DF,cool_stuff,1411.0,22,4.387096774193548,17.649354838709677
432c37c9dfba871172ec162e20118b8c,DF,housewares,575.98,15,4.25,15.928125
432c37c9dfba871172ec162e20118b8c,DF,sports_leisure,280.0,2,5.0,13.415000000000001
432c37c9dfba871172ec162e20118b8c,DF,watches_gifts,120.0,1,4.0,18.12
432c67955c0acd1fd6b0b5d678766a71,SP,health_beauty,389.0,1,5.0,60.65
43402bdf22aa2310e8f99e2f94f78628,SP,furniture_bedroom,269.96999999999997,2,4.0,29.126666666666665
43402bdf22aa2310e8f99e2f94f78628,SP,kitchen_dining_laundry_garden_furniture,379.98,2,1.0,49.885000000000005
4342d4b2ba6b161468c63a7e7cfce593,RJ,watches_gifts,528.9,2,1.0,17.27
436bf27f2f18474fc6047702e9f8a866,SP,baby,29.9,1,5.0,14.52
4371b634e0efc0e22b09b52907d9d469,SP,drinks,20.0,2,5.0,12.975
4371b634e0efc0e22b09b52907d9d469,SP,food,250.0,4,5.0,9.088
4371b634e0efc0e22b09b52907d9d469,SP,health_beauty,1424.0,37,4.7631578947368425,11.748717948717948
4371b634e0efc0e22b09b52907d9d469,SP,sports_leisure,6474.0,58,4.184615384615385,14.575692307692307
43753b27d77860f1654aa72e251a7878,BA,furniture_decor,23.9,1,5.0,42.38
4391ea5c5990502176a1dcda44a2373d,RS,air_conditioning,2254.0,2,5.0,29.48
4391ea5c5990502176a1dcda44a2373d,RS,electronics,95.0,1,4.0,17.38
439a47cc365d6e3bd526812ea9de3c29,SP,bed_bath_table,1186.5,8,4.0,17.263846153846153
43a1d4bab73b816e44ef4e4facd9f9b5,PR,health_beauty,189.9,1,4.0,15.5
43a5d4a57af536fddc96d08be3afdfcb,MG,home_confort,75.0,1,1.0,24.83
43b2c864251aa0ce4030c746984e088a,DF,housewares,59.9,1,5.0,17.35
43b2c864251aa0ce4030c746984e088a,DF,luggage_accessories,34.9,1,1.0,17.17
43f8c9950d11ecd03a0304a49e010da6,SP,consoles_games,4249.59,41,4.560975609756097,13.600731707317074
44073f8b7e41514de3b7815dd0237f4f,DF,auto,112.99000000000001,2,3.0,16.185
44073f8b7e41514de3b7815dd0237f4f,DF,baby,891.0,4,2.0,20.2625
44073f8b7e41514de3b7815dd0237f4f,DF,computers_accessories,297.1,7,4.25,17.6625
44073f8b7e41514de3b7815dd0237f4f,DF,consoles_games,204.0,2,5.0,25.83
44073f8b7e41514de3b7815dd0237f4f,DF,cool_stuff,3135.18,31,3.0625,21.6269696969697
44073f8b7e41514de3b7815dd0237f4f,DF,electronics,131.5,2,4.0,15.245
44073f8b7e41514de3b7815dd0237f4f,DF,fashion_shoes,54.0,2,4.0,15.445
44073f8b7e41514de3b7815dd0237f4f,DF,furniture_decor,2775.4,17,4.130434782608695,18.251739130434782
44073f8b7e41514de3b7815dd0237f4f,DF,furniture_living_room,628.7,7,4.142857142857143,24.198571428571427
44073f8b7e41514de3b7815dd0237f4f,DF,garden_tools,624.1600000000001,7,4.0,19.908571428571427
44073f8b7e41514de3b7815dd0237f4f,DF,health_beauty,7179.97,48,4.083333333333333,20.576666666666664
44073f8b7e41514de3b7815dd0237f4f,DF,small_appliances,90.3,1,1.0,17.07
44073f8b7e41514de3b7815dd0237f4f,DF,sports_leisure,35.0,1,5.0,16.79
44073f8b7e41514de3b7815dd0237f4f,DF,toys,1976.79,8,3.375,31.853749999999998
440dd6ab244315c632130ecfb63827b1,SP,housewares,48.3,3,4.333333333333333,16.773333333333333
440dd6ab244315c632130ecfb63827b1,SP,sports_leisure,13040.7,88,3.8764044943820224,22.431011235955054
443d880f15cbd3572885e1d44bf2c478,SP,furniture_decor,94.8,1,2.0,15.1
4450bd8327d471c4a11a83d1445b1b62,SP,health_beauty,199.0,1,5.0,15.56
446cc09cdbb130904da114e807dbec40,SP,party_supplies,252.8,3,4.666666666666667,18.05666666666667
44717f64ec2a457979cf83c429077666,RS,construction_tools_lights,107.0,2,5.0,21.30333333333333
447d377bdb757058acb569025ee18a93,RS,stationery,64.99,1,5.0,18.02
44ed138eca6214d572ce1d813fb0049b,RS,health_beauty,79.8,1,5.0,16.47
44ed138eca6214d572ce1d813fb0049b,RS,sports_leisure,49.99,1,4.0,23.07
44f091b5abab8018f682fce8124b85e5,SP,sports_leisure,354.4,3,3.6666666666666665,11.593333333333334
45213867cefbf2cd4c6177e10216a951,SP,market_place,1752.34,6,3.3333333333333335,30.256666666666664
45213867cefbf2cd4c6177e10216a951,SP,musical_instruments,3203.08,8,4.25,31.525
4559697a8f7e637227c2eeaed843baff,SP,auto,679.6,4,3.5,17.740000000000002
4559697a8f7e637227c2eeaed843baff,SP,computers_accessories,500.0,2,2.5,16.96
4559697a8f7e637227c2eeaed843baff,SP,home_appliances,2306.7000000000003,33,4.393939393939394,18.131515151515153
455befea1bb853c75ccbca94cff26e5c,RJ,health_beauty,19.99,1,3.0,22.06
455c5640e8c5bd1b2ee85c0158f85727,SC,auto,690.0,1,5.0,93.28
455c5640e8c5bd1b2ee85c0158f85727,SC,cool_stuff,319.9,1,5.0,23.95
455c5640e8c5bd1b2ee85c0158f85727,SC,musical_instruments,5499.7,5,4.2,62.378
455c5640e8c5bd1b2ee85c0158f85727,SC,toys,219.9,1,5.0,28.27
455f46ef09a9e45667e2981df84b5cc2,SP,electronics,29.9,1,4.0,18.31
457fe919b032a3f7dadba6fb92cf7855,SP,bed_bath_table,1104.89,9,4.833333333333333,11.768333333333333
458c6fa920810ce2492da71bc26d9eec,SP,health_beauty,756.76,2,2.5,52.805
458d868c9642f55f18f04e951a3fdde6,RS,health_beauty,2718.0,2,5.0,52.375
45a3d05fb00435e52a28859dd03703b3,SP,toys,1299.0,1,5.0,24.79
45ba18c210d42734ec52c0c1c574e9ee,SP,auto,251.88,3,4.666666666666667,15.023333333333333
45ba18c210d42734ec52c0c1c574e9ee,SP,baby,3831.1899999999996,17,4.470588235294118,33.75470588235294
45ba18c210d42734ec52c0c1c574e9ee,SP,construction_tools_construction,39.9,1,5.0,19.04
45ba18c210d42734ec52c0c1c574e9ee,SP,costruction_tools_tools,34.9,1,5.0,11.15
45ba18c210d42734ec52c0c1c574e9ee,SP,garden_tools,672.7,10,3.3333333333333335,16.364166666666666
45ba18c210d42734ec52c0c1c574e9ee,SP,housewares,199.9,1,1.0,35.16
45ba18c210d42734ec52c0c1c574e9ee,SP,sports_leisure,18.99,1,3.0,18.13
45ba18c210d42734ec52c0c1c574e9ee,SP,stationery,49.98,1,5.0,12.79
45c20d94d9171b0bcfab3c955e47d67b,SP,furniture_bedroom,79.99,1,5.0,38.11
45c20d94d9171b0bcfab3c955e47d67b,SP,housewares,12.98,2,4.0,13.95
45c20d94d9171b0bcfab3c955e47d67b,SP,toys,36.49,1,5.0,15.1
45d33f715e24d15a6ccf5c17b3a23e3c,SP,air_conditioning,299.87,1,4.0,28.65
45d33f715e24d15a6ccf5c17b3a23e3c,SP,auto,572.19,4,4.0,19.142500000000002
45d33f715e24d15a6ccf5c17b3a23e3c,SP,baby,772.4,14,4.071428571428571,12.524285714285714
45d33f715e24d15a6ccf5c17b3a23e3c,SP,bed_bath_table,104.87,1,5.0,18.16
45d33f715e24d15a6ccf5c17b3a23e3c,SP,computers_accessories,1265.75,15,4.705882352941177,16.69470588235294
45d33f715e24d15a6ccf5c17b3a23e3c,SP,construction_tools_construction,36.99,1,5.0,14.52
45d33f715e24d15a6ccf5c17b3a23e3c,SP,cool_stuff,507.82,4,3.5,19.565
45d33f715e24d15a6ccf5c17b3a23e3c,SP,electronics,114.89,1,5.0,22.27
45d33f715e24d15a6ccf5c17b3a23e3c,SP,home_comfort_2,59.9,1,5.0,11.81
45d33f715e24d15a6ccf5c17b3a23e3c,SP,sports_leisure,530.22,10,3.5,10.915000000000001
45d33f715e24d15a6ccf5c17b3a23e3c,SP,telephony,9.89,1,5.0,17.78
45d33f715e24d15a6ccf5c17b3a23e3c,SP,toys,243.70000000000002,3,3.6666666666666665,9.553333333333333
461ff5303b6c9c1a4a07f40c5aece516,PR,health_beauty,102.69999999999999,3,3.6666666666666665,19.576666666666664
466222e777149751370e7e98fb623b0c,RJ,auto,87.9,1,5.0,17.55
4677a5437afda5fa7140b927b07be1cc,PR,auto,3096.0,8,4.375,46.10875
4677a5437afda5fa7140b927b07be1cc,PR,pet_shop,79.9,1,5.0,15.41
4677a5437afda5fa7140b927b07be1cc,PR,toys,239.8,2,4.0,17.86
46dc3b2cc0980fb8ec44634e21d2718e,RJ,baby,11699.48,34,4.117647058823529,31.97147058823529
46dc3b2cc0980fb8ec44634e21d2718e,RJ,cool_stuff,8100.79,24,4.481481481481482,31.12037037037037
46dc3b2cc0980fb8ec44634e21d2718e,RJ,market_place,469.97,3,5.0,18.8
46dc3b2cc0980fb8ec44634e21d2718e,RJ,sports_leisure,13229.470000000001,53,4.3076923076923075,26.795283018867927
46dc3b2cc0980fb8ec44634e21d2718e,RJ,stationery,789.98,2,5.0,40.665000000000006
46dc3b2cc0980fb8ec44634e21d2718e,RJ,toys,79337.07,351,4.245856353591161,18.91273224043716
46ef1a25845fc051c2998d878354810c,MG,garden_tools,68.5,1,5.0,17.73
46ef1a25845fc051c2998d878354810c,MG,housewares,181.91,4,4.25,20.0775
4736e9d642ef4257cd7622516931eb51,SP,air_conditioning,636.97,4,3.6666666666666665,11.005
4736e9d642ef4257cd7622516931eb51,SP,furniture_decor,140.95,3,4.4,13.09
4736e9d642ef4257cd7622516931eb51,SP,housewares,119.0,3,5.0,22.646666666666665
4736e9d642ef4257cd7622516931eb51,SP,sports_leisure,151.95999999999998,5,3.8,31.074
47648caee88ccfe951fbb27fbf7b4cbe,SP,auto,1564.99,3,3.6666666666666665,22.666666666666668
478bfe564db21eeb44386606aa30b650,MG,pet_shop,182.70000000000002,3,4.666666666666667,16.033333333333335
47efca563408aae19bb7206c2d969ea9,PI,auto,2383.0,11,4.363636363636363,37.14090909090909
48162d548f5b1b11b9d29d1e01f75a61,SP,computers_accessories,535.0,2,2.0,10.567499999999999
48162d548f5b1b11b9d29d1e01f75a61,SP,construction_tools_safety,2610.0,3,4.428571428571429,19.554285714285715
48162d548f5b1b11b9d29d1e01f75a61,SP,electronics,380.0,2,5.0,14.41
48162d548f5b1b11b9d29d1e01f75a61,SP,fixed_telephony,198.0,6,5.0,12.268333333333333
48162d548f5b1b11b9d29d1e01f75a61,SP,garden_tools,10106.5,33,4.170731707317073,25.685609756097563
48162d548f5b1b11b9d29d1e01f75a61,SP,home_construction,6096.6,19,3.0714285714285716,24.356428571428573
48162d548f5b1b11b9d29d1e01f75a61,SP,security_and_services,183.29,1,4.0,25.77
4830e40640734fc1c52cd21127c341d4,SP,food,55.0,1,5.0,7.65
4830e40640734fc1c52cd21127c341d4,SP,furniture_decor,869.62,17,4.235294117647059,13.40764705882353
4830e40640734fc1c52cd21127c341d4,SP,health_beauty,239.96999999999997,3,4.666666666666667,13.503333333333332
4830e40640734fc1c52cd21127c341d4,SP,housewares,4887.51,113,4.194915254237288,14.26093220338983
4830e40640734fc1c52cd21127c341d4,SP,luggage_accessories,1077.66,17,4.117647058823529,15.038235294117648
4830e40640734fc1c52cd21127c341d4,SP,small_appliances,828.0,11,3.9166666666666665,17.504166666666666
4830e40640734fc1c52cd21127c341d4,SP,sports_leisure,674.87,19,4.2,11.328
4830e40640734fc1c52cd21127c341d4,SP,stationery,613.9,18,4.157894736842105,13.269473684210526
4830e40640734fc1c52cd21127c341d4,SP,watches_gifts,243.97,5,4.2,21.732
48328ec9a579151d9cc6a86d4a59336c,RS,cool_stuff,1099.0,1,2.0,97.78
483ca627d131e18f988349b1655c0acd,SP,health_beauty,264.0,1,5.0,19.73
48436dade18ac8b2bce089ec2a041202,SP,cool_stuff,8528.78,111,4.112903225806452,18.92064516129032
48436dade18ac8b2bce089ec2a041202,SP,toys,3292.33,23,4.217391304347826,21.510434782608694
485452467ff670447e84a8370c3fc898,SC,garden_tools,109.9,1,4.0,25.61
4867209cb29b56b92893d7bde3ce8012,SP,health_beauty,150.0,1,4.0,19.15
4869f7a5dfa277a7dca6462dcf3b52b2,SP,audio,9031.3,56,4.035714285714286,17.39517857142857
4869f7a5dfa277a7dca6462dcf3b52b2,SP,auto,159.9,1,5.0,19.22
4869f7a5dfa277a7dca6462dcf3b52b2,SP,computers_accessories,560.0,2,4.5,22.82
4869f7a5dfa277a7dca6462dcf3b52b2,SP,consoles_games,1615.0,6,4.666666666666667,15.725000000000001
4869f7a5dfa277a7dca6462dcf3b52b2,SP,cool_stuff,9699.5,53,4.2407407407407405,18.381851851851852
4869f7a5dfa277a7dca6462dcf3b52b2,SP,electronics,1709.6,10,4.8,18.091
4869f7a5dfa277a7dca6462dcf3b52b2,SP,health_beauty,4173.8,20,4.1,15.768
4869f7a5dfa277a7dca6462dcf3b52b2,SP,sports_leisure,169.0,1,5.0,19.28
4869f7a5dfa277a7dca6462dcf3b52b2,SP,telephony,1047.8,3,4.0,18.346666666666668
4869f7a5dfa277a7dca6462dcf3b52b2,SP,watches_gifts,198822.03,974,4.128672745694022,17.409628140703518
48985c61529077fa4f1e38bcff0f2ed3,RS,health_beauty,879.3000000000001,7,4.428571428571429,21.15285714285714
48b6c3f4c6a93171da04b75313f2130f,SP,signaling_and_security,290.26,2,5.0,18.9
48bad451945f5227341793478d6353ea,SP,books_general_interest,232.0,2,4.0,32.785
48bad451945f5227341793478d6353ea,SP,books_technical,75.0,1,4.0,11.92
48e5ee06fb2dc74df1c711a9b6dfac2a,MG,construction_tools_construction,57.0,1,5.0,15.1
48e954b2da4f6a750c844173b347ed40,RS,drinks,397.79999999999995,2,4.166666666666667,26.501666666666665
48efc9d94a9834137efd9ea76b065a38,PR,auto,21.8,2,5.0,8.72
48efc9d94a9834137efd9ea76b065a38,PR,baby,21.8,2,5.0,8.72
48efc9d94a9834137efd9ea76b065a38,PR,fashion_bags_accessories,138.8,11,5.0,10.23
48efc9d94a9834137efd9ea76b065a38,PR,furniture_bedroom,73.2,8,5.0,9.445
48efc9d94a9834137efd9ea76b065a38,PR,music,19.8,2,5.0,8.72
48efc9d94a9834137efd9ea76b065a38,PR,pet_shop,50.400000000000006,6,5.0,8.72
48efc9d94a9834137efd9ea76b065a38,PR,stationery,10.9,1,5.0,8.72
48efc9d94a9834137efd9ea76b065a38,PR,toys,8.9,1,5.0,8.72
48fb026ed7455a42f5d3e9390ed5088e,RJ,auto,489.73,9,2.888888888888889,21.28222222222222
49067458c68f7701fd334ce326accbe0,MG,costruction_tools_garden,903.4,16,3.34375,15.7784375
4917cee8d902e13428c3ec4b1ca6f315,SC,home_appliances_2,4523.9,27,4.222222222222222,35.23148148148148
4917cee8d902e13428c3ec4b1ca6f315,SC,kitchen_dining_laundry_garden_furniture,580.0,4,3.75,30.7975
491a5ada3aa1678414e990262c4bbdc1,SP,dvds_blu_ray,1420.0,1,5.0,15.58
49383af7ab774e4e8f3000f49c83dc4b,SP,bed_bath_table,660.0,8,4.583333333333333,20.18583333333333
4965a7002cca77301c82d3f91b82e1a9,SP,pet_shop,8.49,1,5.0,7.87
497709c2976a8fa308730a2dec5b0726,SP,stationery,76.0,1,5.0,9.02
4978a02ea9c8be7a9b5480680f40334e,SP,air_conditioning,233.99,1,3.0,49.5
4978a02ea9c8be7a9b5480680f40334e,SP,construction_tools_construction,573.9100000000001,8,4.0,11.614444444444445
4978a02ea9c8be7a9b5480680f40334e,SP,garden_tools,1170.75,5,4.0,28.192
4978a02ea9c8be7a9b5480680f40334e,SP,home_construction,377.96,4,2.25,11.31
499185655c29ecfdbfe776ef7cf875b5,RS,bed_bath_table,89.0,1,4.0,17.33
4992e76a42cb3aad7a7047e0d3d7e729,SP,housewares,2030.7,51,3.911764705882353,13.43
4992e76a42cb3aad7a7047e0d3d7e729,SP,pet_shop,140.5,5,3.4,15.823999999999998
499ec63c58e51296c9cf57edcfe1c8a8,SP,computers_accessories,365.0,5,4.8,9.586
49cdc90518a4f82676b38b3c1aa43ff6,SP,auto,609.8,2,4.0,19.005
49cdc90518a4f82676b38b3c1aa43ff6,SP,computers_accessories,489.8,2,4.5,15.25
49cdc90518a4f82676b38b3c1aa43ff6,SP,electronics,439.9,1,2.0,14.1
49e7217cfe4e427191c378ec626d8737,MG,furniture_decor,629.9,1,1.0,24.9
49e7217cfe4e427191c378ec626d8737,MG,housewares,2238.9,11,4.416666666666667,27.265833333333333
49f8d2ea7b718d0ce587d34207caf2b4,SP,pet_shop,149.9,1,5.0,15.36
4a1917ef994878940e1fb03eeb787ad7,DF,fixed_telephony,768.0,2,2.6666666666666665,26.206666666666667
4a1f694197d05fe70026b016a7316b41,SP,furniture_decor,707.8100000000001,12,4.894736842105263,16.36157894736842
4a1f694197d05fe70026b016a7316b41,SP,housewares,199.96,2,2.0,15.0275
4a23adac87cf538689fa600d976f78b2,SP,furniture_decor,405.0,3,4.333333333333333,11.803333333333333
4a3ca9315b744ce9f8e9374361493884,SP,baby,344.5,5,4.6,15.232
4a3ca9315b744ce9f8e9374361493884,SP,bed_bath_table,162206.95,1431,3.861457649376231,17.926506493506494
4a3ca9315b744ce9f8e9374361493884,SP,cool_stuff,169.0,1,4.0,21.67
4a3ca9315b744ce9f8e9374361493884,SP,furniture_decor,6304.89,79,3.765432098765432,14.560361445783132
4a3ca9315b744ce9f8e9374361493884,SP,home_comfort_2,335.40000000000003,20,3.391304347826087,13.542692307692308
4a3ca9315b744ce9f8e9374361493884,SP,home_confort,24295.0,223,3.6875,17.633916666666668
4a3ca9315b744ce9f8e9374361493884,SP,toys,3226.38,48,3.7222222222222223,15.572222222222221
4a3ccda38b2129705f3fb522db62ca31,SP,construction_tools_construction,1123.8,2,3.75,19.25
4a3ccda38b2129705f3fb522db62ca31,SP,construction_tools_safety,13061.35,48,3.8823529411764706,18.89666666666667
4a3ccda38b2129705f3fb522db62ca31,SP,electronics,70.6,2,2.0,14.149999999999999
4a3ccda38b2129705f3fb522db62ca31,SP,garden_tools,72.0,3,3.0,17.805
4a3ccda38b2129705f3fb522db62ca31,SP,home_construction,1841.3400000000001,10,4.333333333333333,17.4725
4a5b36211b1f51bf7eaa5c10a57fa483,RJ,auto,139.19,1,5.0,16.07
4a82168aaef173cbb6e46ae88728f919,PR,health_beauty,447.0,3,4.666666666666667,28.863333333333333
4a82168aaef173cbb6e46ae88728f919,PR,perfumery,65.0,1,2.0,13.8
4a82c4af97ffc0fb2dc26bfdc03b1842,MG,health_beauty,60.0,1,5.0,34.22
4aba391bc3b88717ce08eb11e44937b2,BA,fashion_bags_accessories,139.0,1,5.0,43.0
4aba391bc3b88717ce08eb11e44937b2,BA,sports_leisure,7147.88,26,3.962962962962963,26.576296296296295
4aba6a02a788d3ec81c03137144d9a80,SC,health_beauty,89.9,1,5.0,15.38
4b0fdb526525f9890eb145bf1534640e,SP,baby,127.9,1,3.0,18.03
4b0fdb526525f9890eb145bf1534640e,SP,bed_bath_table,2291.1,17,4.0,27.220000000000002
4b1eaadf791bdbbad8c4a35b65236d52,SP,consoles_games,960.0899999999999,5,2.6,13.790000000000001
4b39558c138930b9e5489c93b6df5fe3,SE,computers_accessories,735.9,3,4.5,24.0175
4b39558c138930b9e5489c93b6df5fe3,SE,industry_commerce_and_business,360.8,1,5.0,36.33
4b5f66b7adcf57f1ecc0d3c07dd6b177,PR,computers_accessories,6381.78,23,4.081081081081081,19.320526315789472
4b90495391ac0bd181a80a459df1e718,RS,furniture_decor,248.0,1,4.0,18.11
4b9750c8ad28220fe6702d4ecb7c898f,SP,baby,15248.6,206,4.363636363636363,15.291435406698564
4b9750c8ad28220fe6702d4ecb7c898f,SP,cool_stuff,566.8,12,4.166666666666667,13.545
4ba52dfeba874da5b9ee7b17c7494f04,SP,books_technical,1463.0,11,4.363636363636363,18.62818181818182
4bcec44888b30ba9001234c534716d3f,SP,health_beauty,146.0,5,4.6,12.645999999999999
4bde6149c15cf7e177b36fa060dd6de8,RS,food,79.9,1,5.0,16.33
4bde6149c15cf7e177b36fa060dd6de8,RS,toys,79.9,1,5.0,16.33
4be6b962d83299498bae2190f95d6566,SP,health_beauty,138.9,1,5.0,17.16
4be6b962d83299498bae2190f95d6566,SP,small_appliances,369.9,10,4.1,15.011818181818182
4be9ae93c4fc0f41713d71a4194ee1b3,MG,sports_leisure,109.9,1,5.0,27.07
4bf2f4ee540798a61f9636d12cd9cc80,SP,baby,419.9,1,4.0,36.74
4bf2f4ee540798a61f9636d12cd9cc80,SP,fashion_underwear_beach,4235.0,26,4.148148148148148,16.29925925925926
4bf2f4ee540798a61f9636d12cd9cc80,SP,health_beauty,340.66,2,4.5,14.315000000000001
4bf658053d453036c70976bccb2c31b2,SP,watches_gifts,899.99,1,4.0,59.97
4bfc7a4a1cf8d4d2121c27422d9e50b5,SP,housewares,8124.4,26,4.225,26.679750000000002
4c03b9dd4c11ee2cb35c96c49efc9420,SP,toys,6458.6,48,4.1063829787234045,17.577708333333334
4c18691b6037662be2df78a765d98ab5,SP,construction_tools_construction,23.5,1,1.0,13.75
4c18691b6037662be2df78a765d98ab5,SP,costruction_tools_tools,22.6,2,3.0,18.775
4c18691b6037662be2df78a765d98ab5,SP,garden_tools,60.4,2,4.5,11.915
4c18691b6037662be2df78a765d98ab5,SP,health_beauty,115.49000000000001,2,4.5,13.07
4c18691b6037662be2df78a765d98ab5,SP,housewares,2958.53,55,3.864406779661017,17.066610169491526
4c18691b6037662be2df78a765d98ab5,SP,small_appliances,15.0,1,4.0,12.79
4c1c7281388a33dd06daac44f9fadbd1,SP,baby,27.88,1,5.0,18.23
4c1c7281388a33dd06daac44f9fadbd1,SP,stationery,67.88,1,5.0,19.45
4c1c7281388a33dd06daac44f9fadbd1,SP,toys,92.56,3,4.666666666666667,14.636666666666665
4c2b230173bb36f9b240f2b8ac11786e,SP,health_beauty,29.99,1,1.0,16.35
4c2b230173bb36f9b240f2b8ac11786e,SP,sports_leisure,14444.58,257,3.7662721893491122,12.68359649122807
4c498c7345e89aebad651544829beca0,SP,health_beauty,1893.3500000000001,28,4.142857142857143,11.836785714285714
4c498c7345e89aebad651544829beca0,SP,perfumery,2676.92,19,4.473684210526316,12.103157894736842
4c4d546adf3c3868fe19c9ec6e9ffda9,PR,pet_shop,111.69999999999999,2,3.6666666666666665,15.13
4c60877808f4318ef1107fbeb8f89afa,SP,computers_accessories,118.0,2,4.0,16.315
4c61e37f664c3c88aff092aa5ac779d7,RJ,computers_accessories,279.89,1,4.0,16.84
4c61e37f664c3c88aff092aa5ac779d7,RJ,consoles_games,508.42,6,4.0,14.717142857142857
4c8545742faaf58fafd5fd14d25d75cf,SP,auto,1940.0,2,4.0,34.760000000000005
4c8545742faaf58fafd5fd14d25d75cf,SP,toys,1080.0,2,5.0,63.394999999999996
4c8b8048e33af2bf94f2eb547746a916,SP,baby,26.8,1,4.0,12.69
4c8b8048e33af2bf94f2eb547746a916,SP,bed_bath_table,1455.45,15,3.7222222222222223,16.603333333333335
4c8b8048e33af2bf94f2eb547746a916,SP,cool_stuff,23.1,1,5.0,15.1
4c8b8048e33af2bf94f2eb547746a916,SP,furniture_living_room,109.9,1,2.0,25.38
4c8b8048e33af2bf94f2eb547746a916,SP,toys,267.2,1,1.0,16.7
4cc43a222a0f94910728b62b97a8c5f8,SP,perfumery,108.5,1,3.0,12.26
4cc4fd4fdd406a85bbdc1f824b731bd7,PR,auto,539.98,1,5.0,15.62
4ce8b55b4bfa4659184e7becc1fba3f2,PR,auto,199.0,2,3.0,29.935000000000002
4cf490a58259286ada5ba8525ba9e84a,SP,cool_stuff,1075.3,7,3.4285714285714284,20.364285714285717
4d0041cdbe51b4617d95c70b19decc74,MG,auto,5235.200000000001,8,4.5,28.78625
4d232b78ab7ef10393dc3807d827bc0d,MG,auto,1076.0,4,4.5,46.3125
4d232b78ab7ef10393dc3807d827bc0d,MG,electronics,399.0,1,4.0,29.74
4d600e08ecbe08258c79e536c5a42fee,PR,market_place,224.16,1,5.0,15.74
4d600e08ecbe08258c79e536c5a42fee,PR,watches_gifts,3592.0099999999998,6,4.333333333333333,21.203333333333333
4d6d651bd7684af3fffabd5f08d12e5a,SP,health_beauty,1078.4,6,4.428571428571429,15.905714285714284
4d6d651bd7684af3fffabd5f08d12e5a,SP,perfumery,415.0,1,5.0,14.41
4d6d651bd7684af3fffabd5f08d12e5a,SP,sports_leisure,41505.6,356,4.1947368421052635,20.10763779527559
4d9fea3499bdc22aa4da4e339365f215,SP,perfumery,192.54000000000002,2,5.0,15.1
4da0e408c99d2fdc2126dc9fce518060,PR,market_place,441.5,5,4.6,20.792
4da0e408c99d2fdc2126dc9fce518060,PR,sports_leisure,2584.5,39,4.428571428571429,17.03612244897959
4dab98ca6cd6d3df586203cefd28a042,RS,fashion_bags_accessories,154.9,1,5.0,18.33
4dbd95a08b31ede5c82d3f861cb1ce1a,PR,books_general_interest,304.88,3,4.666666666666667,21.94333333333333
4dbd95a08b31ede5c82d3f861cb1ce1a,PR,books_technical,65.9,1,5.0,27.31
4dc2e811a1760953cb7c6a590b498943,SP,luggage_accessories,175.0,1,5.0,24.84
4dc646b9b9e8e411ef48ba000ea3ac6f,SP,perfumery,289.7,4,2.4,12.712
4ddeb3e828550cddc8d45c8bc36ab2d1,SP,cool_stuff,152.0,1,5.0,12.45
4de6e4ba574aa9dfdc824bc44dc47fdd,PR,health_beauty,400.40000000000003,9,4.111111111111111,20.061111111111114
4de6e4ba574aa9dfdc824bc44dc47fdd,PR,perfumery,50.7,5,4.0,14.553999999999998
4deebb3199eeafb282ae33229144f94b,SP,signaling_and_security,779.7,4,3.4,28.357999999999997
4e06067cc08b3f41d837768d392c3ee3,MG,perfumery,941.72,31,4.173913043478261,12.446304347826086
4e0d109ccfba9a1151c103049880c857,RJ,watches_gifts,279.89,2,3.0,33.92
4e17c65a516f69d023a2ae78b84f28d6,SP,bed_bath_table,80.8,1,5.0,37.48
4e17c65a516f69d023a2ae78b84f28d6,SP,furniture_decor,59.0,1,5.0,14.58
4e17c65a516f69d023a2ae78b84f28d6,SP,health_beauty,3786.19,27,3.90625,16.480625
4e17c65a516f69d023a2ae78b84f28d6,SP,housewares,150.59,4,4.111111111111111,14.33888888888889
4e17c65a516f69d023a2ae78b84f28d6,SP,perfumery,3562.68,29,4.193548387096774,14.420967741935485
4e2627090e6e5b9fabba883a37897683,MG,furniture_decor,39.9,1,,11.72
4e326052e5dbba8adcd512f3450a307e,SP,christmas_supplies,570.0,3,1.6666666666666667,14.326666666666666
4e42581f08e8cfc7c090f930bac4552a,SP,kitchen_dining_laundry_garden_furniture,98.0,1,1.0,26.9
4e480be820e37de1444325ff358c9296,MG,auto,430.3,1,5.0,71.72
4e5725ba188db8252977a4f0227bd462,SP,computers_accessories,1625.09,19,3.590909090909091,15.103181818181817
4e5725ba188db8252977a4f0227bd462,SP,cool_stuff,240.0,2,3.0,16.0
4e6015589b781adaa5ce7f1892d06bb1,SP,sports_leisure,684.0,3,3.6666666666666665,18.833333333333332
4e7c18b98d84e05cbae3ff0ff03846c2,SP,furniture_decor,1345.0,8,4.4,46.385000000000005
4e7c18b98d84e05cbae3ff0ff03846c2,SP,home_appliances_2,149.0,1,3.0,51.12
4e7c18b98d84e05cbae3ff0ff03846c2,SP,market_place,58.0,4,5.0,14.986
4e7c18b98d84e05cbae3ff0ff03846c2,SP,small_appliances,7486.9,69,4.098591549295775,31.021666666666665
4e85b538b0dad58852641540686d0e14,SP,garden_tools,352.08,3,3.3333333333333335,20.83666666666667
4e85b538b0dad58852641540686d0e14,SP,signaling_and_security,9.9,1,5.0,11.85
4e8dacf3d38f281ae26c3e0321d92d88,SP,housewares,119.8,2,3.0,19.47
4e922959ae960d389249c378d1c939f5,SP,agro_industry_and_commerce,177.0,4,4.571428571428571,24.87
4e922959ae960d389249c378d1c939f5,SP,audio,1270.0,11,3.75,19.333333333333332
4e922959ae960d389249c378d1c939f5,SP,auto,2379.19,27,3.7037037037037037,13.952962962962964
4e922959ae960d389249c378d1c939f5,SP,cds_dvds_musicals,730.0,12,4.642857142857143,16.070714285714285
4e922959ae960d389249c378d1c939f5,SP,christmas_supplies,69.0,1,5.0,24.97
4e922959ae960d389249c378d1c939f5,SP,computers_accessories,19937.15,138,4.02027027027027,15.985637583892618
4e922959ae960d389249c378d1c939f5,SP,consoles_games,1532.8,20,4.095238095238095,15.934285714285714
4e922959ae960d389249c378d1c939f5,SP,cool_stuff,1573.04,21,3.2916666666666665,14.540416666666665
4e922959ae960d389249c378d1c939f5,SP,electronics,3680.75,51,3.4210526315789473,15.125689655172414
4e922959ae960d389249c378d1c939f5,SP,fixed_telephony,750.0,10,3.8181818181818183,14.088181818181818
4e922959ae960d389249c378d1c939f5,SP,food,30.0,1,5.0,8.27
4e922959ae960d389249c378d1c939f5,SP,furniture_decor,184.0,3,3.3333333333333335,14.726666666666667
4e922959ae960d389249c378d1c939f5,SP,garden_tools,114.9,2,4.5,12.184999999999999
4e922959ae960d389249c378d1c939f5,SP,health_beauty,1735.0,19,4.052631578947368,15.988
4e922959ae960d389249c378d1c939f5,SP,home_appliances,220.0,1,4.0,43.95
4e922959ae960d389249c378d1c939f5,SP,housewares,249.9,2,2.5,23.625
4e922959ae960d389249c378d1c939f5,SP,musical_instruments,298.0,2,4.5,21.055
4e922959ae960d389249c378d1c939f5,SP,pet_shop,2476.0,20,4.2631578947368425,20.247
4e922959ae960d389249c378d1c939f5,SP,security_and_services,100.0,1,1.0,15.45
4e922959ae960d389249c378d1c939f5,SP,signaling_and_security,150.0,2,3.0,20.625
4e922959ae960d389249c378d1c939f5,SP,sports_leisure,2230.0,5,4.0,19.224
4e922959ae960d389249c378d1c939f5,SP,telephony,4698.7,43,3.9555555555555557,14.938
4e922959ae960d389249c378d1c939f5,SP,watches_gifts,189.99,1,3.0,8.59
4e92348462c75b6c842b994ce84a0ed4,RS,health_beauty,69.9,1,5.0,15.59
4ea2f12dbe91deeacd2c1e74f069a6e6,SP,perfumery,210.2,4,4.833333333333333,11.678333333333333
4eb61f060e7dcc1d5a80d806c35cc541,SP,home_appliances_2,1225.0,7,3.857142857142857,20.74857142857143
4eb61f060e7dcc1d5a80d806c35cc541,SP,housewares,88.0,1,4.0,7.88
4ebdc7e6cd6102a022dadc49156d4ea8,SP,bed_bath_table,34.9,1,5.0,9.34
4ebdc7e6cd6102a022dadc49156d4ea8,SP,furniture_decor,583.7,16,3.789473684210526,11.533684210526317
4ebdc7e6cd6102a022dadc49156d4ea8,SP,housewares,150.0,5,4.2,11.552000000000001
4ebdc7e6cd6102a022dadc49156d4ea8,SP,sports_leisure,25.0,1,1.0,8.72
4eeb99008a0f59d2c7759c59f9a346eb,SP,telephony,1282.0,2,4.5,19.475
4ef4c39cf3c24f326434cf0b2e48046a,SP,sports_leisure,792.0,7,3.875,13.688749999999999
4f0d637c1197fd65405ebd755ac9f86b,SP,health_beauty,199.8,2,5.0,16.335
4f1f1c8666cdb6442f775c4e8caed465,MG,toys,944.98,2,5.0,62.705
4fae87d32467e18eb46e4a76a0a0b9ce,RS,construction_tools_safety,100.9,1,5.0,19.9
4fb41dff7c50136976d1a5cf004a42e2,BA,watches_gifts,1230.0,3,4.0,22.256666666666664
4fe2f67634d00c021aa01f96b6f2d68e,PR,health_beauty,54.9,1,5.0,18.48
4fe2f67634d00c021aa01f96b6f2d68e,PR,sports_leisure,31.9,1,5.0,13.56
5011f0d93373a4c5753adf58ca77af8d,SP,food,59.699999999999996,3,4.666666666666667,11.74
5011f0d93373a4c5753adf58ca77af8d,SP,food_drink,629.83,7,3.4705882352941178,18.503529411764706
503c1de08ae81a2d86f17951b204db55,SP,baby,4906.99,22,4.409090909090909,18.859545454545454
5058e8c1e82653974541e83690655b4a,SP,furniture_decor,379.95000000000005,3,1.5,51.24
5058e8c1e82653974541e83690655b4a,SP,furniture_living_room,673.86,13,3.9285714285714284,16.898571428571426
5058e8c1e82653974541e83690655b4a,SP,kitchen_dining_laundry_garden_furniture,159.99,1,4.0,33.35
5058e8c1e82653974541e83690655b4a,SP,office_furniture,8599.03,45,2.9642857142857144,43.6851724137931
5075aaa8404020ae6aa8bf4792099b41,MG,drinks,606.88,7,4.166666666666667,19.578333333333333
5075aaa8404020ae6aa8bf4792099b41,MG,housewares,799.0,1,5.0,19.32
50770d25768b0486d89be26afca3108f,SP,books_general_interest,171.76999999999998,6,4.0,12.681666666666667
508808d438fe2ff972ed13bb8f4a82e2,SP,baby,29.99,1,5.0,18.31
508808d438fe2ff972ed13bb8f4a82e2,SP,construction_tools_construction,9.99,1,5.0,7.39
508808d438fe2ff972ed13bb8f4a82e2,SP,construction_tools_lights,25.02,2,4.5,11.76
508808d438fe2ff972ed13bb8f4a82e2,SP,furniture_decor,10.89,1,4.0,7.39
508808d438fe2ff972ed13bb8f4a82e2,SP,health_beauty,43.99,1,5.0,22.9
508808d438fe2ff972ed13bb8f4a82e2,SP,housewares,106.97,2,4.333333333333333,8.1
508808d438fe2ff972ed13bb8f4a82e2,SP,party_supplies,7.99,1,5.0,7.39
50a7e551a7b3f8d37cd6e32d8bfbe5ea,SP,drinks,140.0,1,5.0,27.96
50bf89f1349bc0409a268c3a49678009,SP,furniture_decor,179.9,1,5.0,102.57
50c9975695009e5e6473912e83a6d1da,MG,sports_leisure,3964.4,50,3.985074626865672,42.934558823529414
51209b446b2073894bdc0face6c73ffc,ES,furniture_decor,359.6,2,4.0,19.82
512d298ac2a96d1931b6bd30aa21f61d,RJ,electronics,258.9,1,2.0,25.94
512d298ac2a96d1931b6bd30aa21f61d,RJ,musical_instruments,7124.139999999999,9,4.4,28.844
512d298ac2a96d1931b6bd30aa21f61d,RJ,toys,18.9,1,5.0,7.55
513a54369b6a8a6602fcb0e129c6d78d,SP,computers_accessories,47.8,2,4.5,7.43
5145090ab595c0d0b8557199f5701fbf,PR,bed_bath_table,1459.6,4,4.25,49.4625
5151aea44289d6c6b090ee31c2132508,SP,air_conditioning,1315.3,7,1.8333333333333333,23.881428571428568
515d781150feed28a6ac091bb0e3cb8c,MS,air_conditioning,161.99,1,5.0,23.0
515d781150feed28a6ac091bb0e3cb8c,MS,cool_stuff,840.36,5,4.0,25.874000000000002
5160d23075764e18e07c1f4a87fad743,SP,toys,2359.0,33,4.447368421052632,12.59578947368421
516e7738bd8f735ac19a010ee5450d8d,RJ,health_beauty,6145.89,66,4.736111111111111,17.700555555555557
516e7738bd8f735ac19a010ee5450d8d,RJ,perfumery,317.3,8,3.7,16.806
51702dc2a3e106c76dbff722b5bf0726,SP,furniture_bedroom,518.0,2,3.5,110.405
51702dc2a3e106c76dbff722b5bf0726,SP,furniture_decor,2017.2,10,4.818181818181818,29.177272727272726
5194c22ed1f616ec0c0f33c571542879,MG,agro_industry_and_commerce,149.9,1,5.0,14.39
5194c22ed1f616ec0c0f33c571542879,MG,home_appliances_2,65.8,2,4.0,22.16
5194c22ed1f616ec0c0f33c571542879,MG,small_appliances_home_oven_and_coffee,29.9,1,4.0,22.14
519a7aa428f18d125a283cf8c014fdd6,SC,furniture_living_room,79.69999999999999,3,4.0,24.366666666666664
51a04a8a6bdcb23deccc82b0b80742cf,SP,electronics,167.99,1,1.0,31.93
51e0557bc7b86de13e946c60ee91ce39,MG,health_beauty,45.8,1,5.0,17.6
51e4e89242cbb846c2deff3dc015650e,RS,construction_tools_construction,72.0,2,5.0,17.884999999999998
51e4e89242cbb846c2deff3dc015650e,RS,garden_tools,750.58,14,4.571428571428571,22.67142857142857
51ed72984a04e5dd35c2b27e77179038,SP,cool_stuff,222.8,2,4.5,13.905000000000001
51ed72984a04e5dd35c2b27e77179038,SP,home_appliances_2,1071.5,5,3.2,34.224000000000004
51f108f62cb87d61918159902c8f8583,PR,books_technical,303.73,3,4.333333333333333,25.01
52092ddbd3a58c450a4459bf051b2287,SP,sports_leisure,351.7,6,4.333333333333333,12.558333333333332
520b493b57809f446cb0a233bb3e25c7,SP,bed_bath_table,60.0,2,4.666666666666667,9.94
520b493b57809f446cb0a233bb3e25c7,SP,home_confort,621.0,16,4.526315789473684,13.896315789473682
520b493b57809f446cb0a233bb3e25c7,SP,housewares,1369.3,26,4.178571428571429,14.555000000000001
522620dcb18a6b31cd7bdf73665113a9,PR,audio,39.9,1,5.0,14.52
522620dcb18a6b31cd7bdf73665113a9,PR,auto,279.0,1,5.0,18.79
522620dcb18a6b31cd7bdf73665113a9,PR,computers_accessories,8004.6,42,4.095238095238095,30.435
522620dcb18a6b31cd7bdf73665113a9,PR,consoles_games,36250.79,91,3.782608695652174,25.192021276595746
522620dcb18a6b31cd7bdf73665113a9,PR,dvds_blu_ray,699.0,1,1.0,20.65
522620dcb18a6b31cd7bdf73665113a9,PR,fixed_telephony,15.3,1,1.0,16.79
522620dcb18a6b31cd7bdf73665113a9,PR,music,1316.0,4,3.75,19.4875
522620dcb18a6b31cd7bdf73665113a9,PR,musical_instruments,2519.3999999999996,3,4.333333333333333,21.193333333333335
522620dcb18a6b31cd7bdf73665113a9,PR,sports_leisure,1726.9,4,2.75,20.24
522620dcb18a6b31cd7bdf73665113a9,PR,toys,219.70000000000002,3,4.333333333333333,23.483333333333334
522620dcb18a6b31cd7bdf73665113a9,PR,watches_gifts,5619.9,21,4.4,24.265714285714285
5236605f4d4b0b3e4df85b850393fca0,SP,sports_leisure,265.3,5,4.8,16.436
52454f90d4c30c016768db02f88c1a74,SP,pet_shop,80.5,3,3.6,13.434000000000001
52562a9f449c3dc3d53f5f5b9ed74903,RN,costruction_tools_garden,2379.6,4,4.75,34.34
52562a9f449c3dc3d53f5f5b9ed74903,RN,fixed_telephony,139.9,1,4.0,64.41
52562a9f449c3dc3d53f5f5b9ed74903,RN,health_beauty,32.9,1,5.0,22.85
52562a9f449c3dc3d53f5f5b9ed74903,RN,sports_leisure,714.2,8,4.875,27.4275
525e75a6fb1454a2325ab1734bcec221,SP,auto,607.17,9,4.0,11.222
5275ca25d0358ca73864e0ae41be1320,SP,stationery,409.6,4,4.75,17.305
527801b552d0077ffd170872eb49683b,SP,books_general_interest,17591.399999999998,85,4.529411764705882,22.149767441860465
527801b552d0077ffd170872eb49683b,SP,dvds_blu_ray,119.9,1,4.0,15.59
527801b552d0077ffd170872eb49683b,SP,musical_instruments,119.8,1,5.0,49.01
527801b552d0077ffd170872eb49683b,SP,stationery,111.69999999999999,3,3.0,14.69
52831e5990d0771cb4951d6f12928167,SP,sports_leisure,65.0,1,3.0,13.12
528bcf6680c36dddf07620bd35b33a6f,SP,health_beauty,969.98,2,4.5,21.93
528ce32f560edd11add4169f6a5b65be,SP,housewares,29.9,1,5.0,6.03
52956b80ae65fda598f06f6b9943e7a9,PR,perfumery,792.0,3,4.0,22.28333333333333
52a50b42accf164f9f019941e5759d9b,SP,food_drink,139.96,4,4.75,14.264999999999999
52a52b9f656520e99716f5bc40f661c8,SP,furniture_decor,783.1,7,4.125,18.515
52ac6f920b7280e4c6d30dd94de6259b,PR,office_furniture,5097.4,5,3.0,94.085
52b53f7061969fe471d119b6195da864,SP,perfumery,90.0,1,5.0,8.37
52bb00821bcdd358a5a5a27e1f6be5a1,SP,musical_instruments,349.8,2,4.5,19.314999999999998
52d76513f0c4d97f3b99570e2c94ee31,RS,air_conditioning,229.9,1,3.0,34.77
52d76513f0c4d97f3b99570e2c94ee31,RS,construction_tools_lights,389.97,1,,22.62
52d76513f0c4d97f3b99570e2c94ee31,RS,costruction_tools_garden,1349.9,1,4.0,99.3
52d76513f0c4d97f3b99570e2c94ee31,RS,electronics,499.9,1,5.0,36.03
52d76513f0c4d97f3b99570e2c94ee31,RS,home_appliances_2,954.5,5,3.6,18.81
52d76513f0c4d97f3b99570e2c94ee31,RS,home_construction,979.69,3,4.5,31.725
52d76513f0c4d97f3b99570e2c94ee31,RS,industry_commerce_and_business,829.8399999999999,7,4.428571428571429,15.272857142857143
52d76513f0c4d97f3b99570e2c94ee31,RS,signaling_and_security,2919.3999999999996,1,3.0,53.906666666666666
52f0fe436a347ddad7ed5f9aa4e27eaa,SP,auto,194.49,1,5.0,19.24
52f0fe436a347ddad7ed5f9aa4e27eaa,SP,baby,448.47,1,5.0,90.0
52f0fe436a347ddad7ed5f9aa4e27eaa,SP,computers_accessories,405.73,6,2.625,22.82625
52f0fe436a347ddad7ed5f9aa4e27eaa,SP,garden_tools,20.9,1,5.0,22.85
52f0fe436a347ddad7ed5f9aa4e27eaa,SP,sports_leisure,79.96,4,4.75,10.6675
52f0fe436a347ddad7ed5f9aa4e27eaa,SP,telephony,227.95,5,3.4,14.018
52f6f9f13ba19504c02781132a049e75,PR,furniture_decor,199.0,1,2.0,23.13
52f976b17ea7f2f087f56dcc419328f6,PR,sports_leisure,7630.0,6,3.6666666666666665,143.775
52f9db5cfb423382a2fa5c9e39303202,SP,health_beauty,233.96,3,3.75,16.9625
52f9db5cfb423382a2fa5c9e39303202,SP,home_appliances,492.90000000000003,10,4.0,16.435
52f9db5cfb423382a2fa5c9e39303202,SP,home_appliances_2,59.99,1,5.0,15.17
52f9db5cfb423382a2fa5c9e39303202,SP,small_appliances,431.93,7,5.0,14.054285714285713
53088c75f948b48a7ece173ac17f0c12,RS,drinks,119.9,1,5.0,23.56
53088c75f948b48a7ece173ac17f0c12,RS,health_beauty,141.8,2,5.0,15.485
530ec6109d11eaaf87999465c6afee01,PR,computers_accessories,104.9,1,5.0,43.14
530ec6109d11eaaf87999465c6afee01,PR,cool_stuff,144.8,2,2.5,15.254999999999999
530ec6109d11eaaf87999465c6afee01,PR,health_beauty,73.9,1,4.0,51.02
530ec6109d11eaaf87999465c6afee01,PR,housewares,860.2,7,4.875,20.05625
530ec6109d11eaaf87999465c6afee01,PR,sports_leisure,11498.310000000001,83,4.303370786516854,25.976741573033706
53243585a1d6dc2643021fd1853d8905,BA,computers,163322.76,143,4.22972972972973,46.711866666666666
53243585a1d6dc2643021fd1853d8905,BA,telephony,54617.68,205,4.068,23.3992
53336f97ddbe53e2a617d07b17447b95,SP,home_appliances_2,599.5,1,5.0,75.33
533d46c1b06970e99f09523a61df4972,SP,electronics,159.98,2,4.5,16.32
5343d0649eca2a983820bfe93fc4d17e,SP,furniture_decor,9819.02,70,3.638888888888889,21.591545454545457
534a01cc6df1e034e05c32028a291fa2,SP,bed_bath_table,48.99,1,4.0,14.1
534a01cc6df1e034e05c32028a291fa2,SP,housewares,186.6,4,4.5,11.440000000000001
535bf14f36346c7f59d87cece104d70c,RJ,construction_tools_lights,50.0,1,4.0,7.77
537eb890efff034a88679788b647c564,RJ,baby,360.9,10,3.909090909090909,13.931818181818182
537eb890efff034a88679788b647c564,RJ,bed_bath_table,274.59999999999997,12,4.5,12.807142857142855
537eb890efff034a88679788b647c564,RJ,christmas_supplies,158.39999999999998,6,3.3333333333333335,11.86
537eb890efff034a88679788b647c564,RJ,cool_stuff,1403.6,33,4.235294117647059,14.174999999999999
537eb890efff034a88679788b647c564,RJ,fashion_bags_accessories,585.0,20,4.3,14.535
537eb890efff034a88679788b647c564,RJ,furniture_decor,1175.1999999999998,55,4.413793103448276,15.289310344827586
537eb890efff034a88679788b647c564,RJ,housewares,143.29999999999998,5,4.285714285714286,9.082857142857142
537eb890efff034a88679788b647c564,RJ,party_supplies,175.2,5,2.5,16.25125
537eb890efff034a88679788b647c564,RJ,sports_leisure,239.2,7,3.6875,16.302500000000002
537eb890efff034a88679788b647c564,RJ,stationery,102.5,5,4.6,17.678
538caafddff204241cecbf3a02e6b3cf,SP,baby,128.4,8,2.75,11.30125
539ed9e19811677513447759be5eccfc,MG,construction_tools_construction,32.83,2,3.0,15.545
53b0300ca793f9834cd69c0678d35ee8,SP,construction_tools_construction,1662.15,5,5.0,13.731
53d00c40e32aeb924a84ce72b1af869d,SP,bed_bath_table,2165.85,17,4.352941176470588,17.42470588235294
53e4c6e0f4312d4d2107a8c9cddf45cd,SP,bed_bath_table,83.97,2,1.0,21.435
53e4c6e0f4312d4d2107a8c9cddf45cd,SP,furniture_decor,1588.48,30,3.65625,20.081818181818182
53e4c6e0f4312d4d2107a8c9cddf45cd,SP,furniture_living_room,185.99,1,5.0,54.77
53e4c6e0f4312d4d2107a8c9cddf45cd,SP,garden_tools,176.0,2,2.3333333333333335,29.863333333333333
53e4c6e0f4312d4d2107a8c9cddf45cd,SP,housewares,26790.34,425,4.12847965738758,18.116282051282052
53e4c6e0f4312d4d2107a8c9cddf45cd,SP,signaling_and_security,604.99,3,4.666666666666667,112.64
54065e9aef7e9e9c2dc23b7594db021a,RJ,computers_accessories,650.0,1,5.0,21.39
54065e9aef7e9e9c2dc23b7594db021a,RJ,cool_stuff,3290.0,7,4.285714285714286,18.345714285714287
54065e9aef7e9e9c2dc23b7594db021a,RJ,musical_instruments,200.0,1,5.0,26.68
54065e9aef7e9e9c2dc23b7594db021a,RJ,sports_leisure,1799.0,1,4.0,27.34
5415337f1863452476d42d9f14a16a61,MG,furniture_decor,44.9,1,3.0,23.45
54219883e72aad869adfb2a54b7bfa0f,SP,musical_instruments,2700.0,2,3.0,215.035
54219883e72aad869adfb2a54b7bfa0f,SP,toys,4050.0,3,3.3333333333333335,133.16
542917da124346b47ea1ac79a93ce454,PR,health_beauty,576.9,13,4.230769230769231,17.216153846153848
542917da124346b47ea1ac79a93ce454,PR,perfumery,727.0,7,4.0,19.91
544863df86ed3b78a04e0820d41430ee,ES,stationery,23.9,1,5.0,15.27
54583ab379489add547fe47b628db589,SP,baby,2000.0,8,4.75,16.86
54583ab379489add547fe47b628db589,SP,watches_gifts,240.0,2,5.0,8.1
54965bbe3e4f07ae045b90b0b8541f52,PR,bed_bath_table,10351.7,73,3.0657894736842106,25.632839506172836
54a1852d1b8f10312c55e906355666ee,SP,fashion_bags_accessories,333.86,5,4.2,17.916
54a1852d1b8f10312c55e906355666ee,SP,garden_tools,29.99,1,4.0,26.61
54a1852d1b8f10312c55e906355666ee,SP,housewares,99.98,2,5.0,15.785
54a1852d1b8f10312c55e906355666ee,SP,luggage_accessories,1039.96,4,5.0,15.555
54a1852d1b8f10312c55e906355666ee,SP,market_place,136.95,5,4.4,19.276
54a1852d1b8f10312c55e906355666ee,SP,pet_shop,641.9,10,4.6,16.246000000000002
54a1852d1b8f10312c55e906355666ee,SP,sports_leisure,14773.82,171,4.3428571428571425,16.53
54aa8463e87776b5612f4bdc4bd5d4de,MG,auto,179.8,2,4.5,19.2
54aa8463e87776b5612f4bdc4bd5d4de,MG,fixed_telephony,329.7,3,4.333333333333333,17.05333333333333
54aa8463e87776b5612f4bdc4bd5d4de,MG,furniture_decor,139.8,2,2.5,16.985
54c04bdb5ec46762f8f08c7e8f86ed4a,SC,sports_leisure,3281.66,18,4.315789473684211,25.05894736842105
55029529919c0123526150bd26ca8f20,MG,auto,26.0,1,5.0,22.11
55029529919c0123526150bd26ca8f20,MG,housewares,17.0,1,5.0,13.47
55029529919c0123526150bd26ca8f20,MG,sports_leisure,410.95,5,4.6,19.86
553a440137d6e0cf776aee0bb83ac9f5,SP,musical_instruments,35.9,1,1.0,7.87
553a440137d6e0cf776aee0bb83ac9f5,SP,toys,108.9,1,1.0,22.47
5563732abe64c3036cb97ad924128dd1,SP,health_beauty,340.0,1,5.0,11.195
5566627eab3fe93fd6ee08798226101a,PR,perfumery,85.5,5,4.4,20.462
556a6409838156ea299c9d1f9e2dde43,PR,housewares,1362.8,4,3.25,21.71
557f22c76691849db52d2abccf0015d0,GO,computers_accessories,695.89,11,3.2,24.970000000000002
557f22c76691849db52d2abccf0015d0,GO,garden_tools,103.98,1,4.0,17.0
5587130f9850696ed7fafbc91c2cee44,SP,housewares,69.8,2,5.0,16.845
559d56f3b8f0bc2e5a9a62fe2ce2a39f,SC,baby,385.0,2,2.5,24.36
55a5b51f93f2b70ea513f5a047b0262a,MG,sports_leisure,4002.2999999999997,39,4.487804878048781,20.66048780487805
55bb6fe5bebe5012e2d7d9928e1128ff,SP,agro_industry_and_commerce,197.0,2,5.0,47.125
55bb6fe5bebe5012e2d7d9928e1128ff,SP,auto,475.0,2,2.5,18.490000000000002
55bb6fe5bebe5012e2d7d9928e1128ff,SP,housewares,441.0,3,3.25,19.275
55bb6fe5bebe5012e2d7d9928e1128ff,SP,sports_leisure,67.0,1,2.0,57.24
55bb6fe5bebe5012e2d7d9928e1128ff,SP,stationery,636.55,7,3.857142857142857,44.41428571428571
55c26bcb609f480eb7868594245febb5,SP,baby,319.8,2,4.0,48.364999999999995
55c26bcb609f480eb7868594245febb5,SP,stationery,344.6,4,4.0,16.275
55c96925041a14097b6a7825554f4ad5,SP,furniture_decor,170.0,5,4.666666666666667,7.648333333333333
55d3daac7c404d59e51c2aa2f4dc5a23,SP,health_beauty,996.0,2,5.0,46.239999999999995
55d3daac7c404d59e51c2aa2f4dc5a23,SP,housewares,129.0,1,5.0,13.46
55d3daac7c404d59e51c2aa2f4dc5a23,SP,signaling_and_security,3355.6,18,3.8,48.1576
55dedd83e501d8248880557d9073cbfd,RJ,health_beauty,1055.3,8,4.888888888888889,12.309999999999999
55f7a3319d80f7fdf078b8f03e6725fe,SP,arts_and_craftmanship,657.94,6,3.1666666666666665,14.626666666666665
55f7a3319d80f7fdf078b8f03e6725fe,SP,auto,2355.84,16,4.0,19.931875
562f8cfc51f265411f487d07e9c40e7f,MG,cool_stuff,656.9200000000001,11,4.545454545454546,15.549999999999999
562f8cfc51f265411f487d07e9c40e7f,MG,home_confort,110.0,2,4.5,14.14
562fc2f2c2863ab7e79a9e4388a58a14,SP,telephony,8659.25,255,4.247148288973384,15.943245283018868
5656537e588803a555b8eb41f07a944b,DF,audio,692.01,9,4.222222222222222,15.938888888888888
5656537e588803a555b8eb41f07a944b,DF,auto,61.78,2,5.0,20.23
5656537e588803a555b8eb41f07a944b,DF,baby,34.89,1,2.0,18.34
5656537e588803a555b8eb41f07a944b,DF,computers_accessories,2353.82,37,3.9473684210526314,19.88315789473684
5656537e588803a555b8eb41f07a944b,DF,consoles_games,129.67000000000002,3,4.333333333333333,15.816666666666668
5656537e588803a555b8eb41f07a944b,DF,construction_tools_safety,899.3399999999999,4,2.5714285714285716,29.922857142857143
5656537e588803a555b8eb41f07a944b,DF,cool_stuff,385.66999999999996,3,3.6666666666666665,14.916666666666666
5656537e588803a555b8eb41f07a944b,DF,electronics,1950.6000000000001,84,3.8444444444444446,16.649333333333335
5656537e588803a555b8eb41f07a944b,DF,garden_tools,184.45,5,4.2,17.884
5656537e588803a555b8eb41f07a944b,DF,sports_leisure,64.89,1,1.0,23.17
5656537e588803a555b8eb41f07a944b,DF,telephony,1174.1399999999999,22,3.730769230769231,17.45346153846154
5659d77e8d90378e39b960ad5956f64e,SP,health_beauty,83.48,1,4.0,12.08
5659d77e8d90378e39b960ad5956f64e,SP,perfumery,99.0,1,1.0,18.57
56642bcb79900e777d68e91915cb4267,SP,garden_tools,787.72,18,3.1923076923076925,13.078076923076923
56642bcb79900e777d68e91915cb4267,SP,health_beauty,2838.0,29,4.310344827586207,15.876206896551725
56642bcb79900e777d68e91915cb4267,SP,market_place,31.92,1,3.0,13.71
5670f4db5b62c43d542e1b2d56b0cf7c,SP,perfumery,6630.09,22,4.409090909090909,26.479999999999997
56db5c0782e8f7ddc9343f9576ff6d16,SC,air_conditioning,734.8,2,3.0,28.575
56e361f411e38dcef17cdc2a3d99628b,SP,computers_accessories,248.0,4,3.75,15.7
56e361f411e38dcef17cdc2a3d99628b,SP,signaling_and_security,1050.0,1,5.0,299.16
56f413900b5166ab4d730e9ac0b12cb0,SP,computers_accessories,119.99,1,4.0,16.6
56f413900b5166ab4d730e9ac0b12cb0,SP,sports_leisure,31.8,2,5.0,12.925
570d4583587a5fe2d47c7be89b91ad27,SP,health_beauty,125.25,2,5.0,11.835
5721089ba9214e80074f27d5a03fc0eb,SP,cool_stuff,115.94999999999999,3,5.0,10.216
5721089ba9214e80074f27d5a03fc0eb,SP,housewares,129.98,2,5.0,7.78
5733d806668f8712c24b9abaefbfa642,SP,construction_tools_safety,77.9,1,5.0,67.47
5733d806668f8712c24b9abaefbfa642,SP,home_construction,165.9,1,5.0,18.41
5741dc2bf5044c34d0698681c5081bed,SP,perfumery,89.69999999999999,3,5.0,11.35
575df70bde3f9f2b30bf8d2e9910d725,SP,construction_tools_construction,1452.6,5,4.111111111111111,17.805555555555557
575df70bde3f9f2b30bf8d2e9910d725,SP,furniture_decor,3391.75,20,4.0,23.33409090909091
575df70bde3f9f2b30bf8d2e9910d725,SP,home_construction,165.9,1,5.0,12.37
575df70bde3f9f2b30bf8d2e9910d725,SP,housewares,399.8,1,5.0,33.7
577719699805dd125d5b6fdde5943bba,RS,construction_tools_construction,574.2,1,1.0,44.09
577719699805dd125d5b6fdde5943bba,RS,drinks,19.45,1,4.0,38.41
577719699805dd125d5b6fdde5943bba,RS,housewares,484.15,6,5.0,21.176666666666666
578fa3a9cb6b6dceab39231ad59cdaca,CE,books_technical,150.0,3,3.6666666666666665,12.4
5795aebfe331fbcd02a2c4b679fb7952,SC,cool_stuff,429.0,1,5.0,38.36
5795aebfe331fbcd02a2c4b679fb7952,SC,health_beauty,851.0,5,3.6,23.546
579891617139df7d8671d373f0669622,RJ,books_general_interest,237.39999999999998,7,4.428571428571429,15.709999999999999
579891617139df7d8671d373f0669622,RJ,books_technical,42.9,1,5.0,18.23
57a834594e1e9e9219603bfec184eadc,RS,pet_shop,139.0,1,5.0,27.05
57c764b4a836300be881e2ff86e449f9,SP,cool_stuff,319.6,4,5.0,13.86
57c764b4a836300be881e2ff86e449f9,SP,garden_tools,389.8,2,4.5,16.025
57c764b4a836300be881e2ff86e449f9,SP,housewares,446.7,22,4.090909090909091,16.082608695652173
57d2ba47f7a3209aa347532ae75c1165,SC,sports_leisure,318.0,2,4.0,70.12
57df9869a600bd6b7c405f2a862eccfb,MG,housewares,125.0,5,4.4,14.442000000000002
57e632711dec9ec14ca7546769483e7e,SC,health_beauty,5661.66,55,4.375,18.243214285714284
57e632711dec9ec14ca7546769483e7e,SC,perfumery,688.4,7,4.888888888888889,20.706666666666667
57fe6232e67823593374a2281d7a8af8,SP,books_general_interest,134.4,6,4.833333333333333,13.048333333333332
582d4f8675b945722eda7c0cb61ba4c7,SP,computers_accessories,360.9,1,1.0,19.78
582d4f8675b945722eda7c0cb61ba4c7,SP,electronics,3437.38,51,4.17741935483871,13.58241935483871
582d4f8675b945722eda7c0cb61ba4c7,SP,fixed_telephony,175.0,1,4.0,14.59
582d4f8675b945722eda7c0cb61ba4c7,SP,garden_tools,140.68,5,3.8333333333333335,15.32
582d4f8675b945722eda7c0cb61ba4c7,SP,telephony,589.0,1,5.0,12.57
585175ec331ea177fa47199e39a6170a,MG,computers,3549.0,1,5.0,53.47
586a871d4f1221763fddb6ceefdeb95e,RS,furniture_decor,198.0,1,1.0,20.74
5882820ef11c4c068eea0677a7a879b4,RS,furniture_decor,3135.5,9,4.25,30.742222222222225
5882820ef11c4c068eea0677a7a879b4,RS,garden_tools,6790.0,5,4.0,92.526
58c851d1a3c7cd3da329eb59453fed44,SP,pet_shop,268.99,2,5.0,12.135000000000002
58e4b302b54937e55a678c4d15111da4,PR,health_beauty,49.9,1,5.0,14.52
58f1a6197ed863543e0136bdedb3fce2,MG,cool_stuff,139.0,1,5.0,19.07
58f1a6197ed863543e0136bdedb3fce2,MG,toys,2661.0,13,3.5714285714285716,33.17071428571428
58f1a6197ed863543e0136bdedb3fce2,MG,watches_gifts,4033.0,30,4.4,19.574333333333335
59417c56835dd8e2e72f91f809cd4092,SP,small_appliances,36459.0,18,4.277777777777778,66.59833333333333
594f9aaa48e5bf431f011ddc5669b0d5,MG,baby,69.9,1,5.0,8.64
594f9aaa48e5bf431f011ddc5669b0d5,MG,housewares,893.1,14,4.533333333333333,22.088
594f9aaa48e5bf431f011ddc5669b0d5,MG,luggage_accessories,405.6,4,5.0,15.0475
594f9aaa48e5bf431f011ddc5669b0d5,MG,stationery,1754.4,16,4.5,27.89125
594f9aaa48e5bf431f011ddc5669b0d5,MG,toys,125.80000000000001,2,4.5,20.6
5962468f885ea01a1b6a97a218797b0a,PR,stationery,674.0,6,4.666666666666667,15.29
596849622429351f47b32e6cae1055ff,SP,electronics,215.70000000000002,3,4.666666666666667,10.403333333333334
596849622429351f47b32e6cae1055ff,SP,telephony,688.2,9,3.75,11.461111111111112
596849622429351f47b32e6cae1055ff,SP,toys,165.9,1,5.0,18.74
5996cddab893a4652a15592fb58ab8db,SP,garden_tools,810.0,1,5.0,70.75
59b22a78efb79a4797979612b885db36,MG,construction_tools_construction,11851.0,39,4.146341463414634,41.57219512195122
59b22a78efb79a4797979612b885db36,MG,housewares,15207.6,84,3.9213483146067416,35.23788888888889
59b22a78efb79a4797979612b885db36,MG,telephony,99.0,1,4.0,17.13
59b22a78efb79a4797979612b885db36,MG,toys,26.9,1,1.0,4.57
59bbc819b99a733f02f0d6b49d1c253d,SP,housewares,139.8,2,5.0,11.475000000000001
59cd88080b93f3c18508673122d26169,SP,pet_shop,183.39,5,4.6,16.894
59cea8e446d3834393058e7e0666b6fb,PR,auto,119.9,1,5.0,15.14
59cea8e446d3834393058e7e0666b6fb,PR,computers_accessories,159.6,4,5.0,15.5575
59cea8e446d3834393058e7e0666b6fb,PR,health_beauty,167.2,4,4.0,26.5575
59cea8e446d3834393058e7e0666b6fb,PR,stationery,249.9,1,5.0,20.94
59de1d4c8c057c2a53acd4ca66531af2,PR,computers_accessories,135.0,1,5.0,21.75
59fb871bf6f4522a87ba567b42dafecf,SP,cool_stuff,1457.8799999999999,11,4.083333333333333,18.995
59fb871bf6f4522a87ba567b42dafecf,SP,health_beauty,16215.92,93,4.32258064516129,16.186774193548388
59fb871bf6f4522a87ba567b42dafecf,SP,small_appliances,1665.91,8,4.444444444444445,14.587777777777777
59fb871bf6f4522a87ba567b42dafecf,SP,stationery,949.95,5,3.6,15.286000000000001
59fb871bf6f4522a87ba567b42dafecf,SP,telephony,599.97,3,3.6666666666666665,11.836666666666666
59fb871bf6f4522a87ba567b42dafecf,SP,toys,288.97,3,4.0,12.346666666666666
5a05a16bb50629ee31afab8a6d4c2674,RS,housewares,794.3,14,4.0,18.745333333333335
5a32c398a06c345440bf2a683b017ad3,RJ,books_general_interest,34.9,1,5.0,15.23
5a413ade68e8f8d93071a7f52a64cb9e,SP,health_beauty,778.9,14,4.642857142857143,10.983571428571429
5a4236931428800e9d9cc04af0987118,SP,housewares,44.97,1,5.0,15.229999999999999
5a425cc503b39b262a847fd6212bf53b,PR,toys,1340.6000000000001,14,4.461538461538462,17.94857142857143
5a6a02f419701fc8c605af71d4fc57a4,SP,baby,39.9,1,5.0,7.39
5a6a02f419701fc8c605af71d4fc57a4,SP,books_general_interest,560.6,10,4.8,10.652
5a8e7d5003a1f221f9e1d6e411de7c23,SP,baby,1287.7,22,3.8260869565217392,11.842173913043478
5a8e7d5003a1f221f9e1d6e411de7c23,SP,furniture_decor,9694.5,115,4.2387096774193544,15.397741935483872
5a8e7d5003a1f221f9e1d6e411de7c23,SP,stationery,59.9,1,5.0,7.68
5a93f3ab0ef4c84ed5e1b5dbf23978bc,SP,baby,2051.37,27,4.703703703703703,17.104444444444443
5a93f3ab0ef4c84ed5e1b5dbf23978bc,SP,food_drink,247.91,11,5.0,11.945
5a9b3bcab695173c820e53934574ae80,SP,furniture_decor,139.0,1,5.0,64.77
5a9c0859cb00fd8aa4db443837f0a700,SC,health_beauty,208.0,2,4.5,23.795
5ab05b6d86d417796c69ffd6774ec832,SP,health_beauty,1886.1,10,3.6666666666666665,21.395833333333332
5abb8ea023c77787f2c15da891c8d384,SC,cine_photo,453.0,7,4.714285714285714,31.858571428571427
5abb8ea023c77787f2c15da891c8d384,SC,construction_tools_construction,399.0,1,2.0,125.78
5abb8ea023c77787f2c15da891c8d384,SC,furniture_decor,1177.0,3,3.0,108.92999999999999
5abb8ea023c77787f2c15da891c8d384,SC,furniture_living_room,212.0,2,3.5,35.31
5acd070dd3fe441bbb2ec1f1ede515ee,SP,electronics,644.9,3,1.6666666666666667,23.55333333333333
5b07547f10dd980738a1a27f685af669,SP,electronics,116.8,1,5.0,15.92
5b07547f10dd980738a1a27f685af669,SP,health_beauty,1017.8000000000001,12,4.461538461538462,13.042307692307693
5b0cc932433fa5184b5b94bfe6bcc256,SP,furniture_bedroom,1000.0,6,3.3636363636363638,34.76454545454545
5b0cc932433fa5184b5b94bfe6bcc256,SP,furniture_living_room,437.8,6,3.6666666666666665,28.98
5b179e9e8cc7ab6fd113a46ca584da81,SP,auto,144.9,1,3.0,16.12
5b179e9e8cc7ab6fd113a46ca584da81,SP,furniture_decor,681.8,3,3.3333333333333335,42.96
5b179e9e8cc7ab6fd113a46ca584da81,SP,housewares,3827.2000000000003,26,3.4074074074074074,16.993214285714284
5b179e9e8cc7ab6fd113a46ca584da81,SP,kitchen_dining_laundry_garden_furniture,519.6,4,4.5,11.2075
5b2e94f2c22b39ccc24d34ad0f669672,SP,auto,949.78,10,4.9,39.036
5b33b527da3c5b969cc99dc435cad09a,PR,computers_accessories,39.89,1,5.0,12.48
5b33b527da3c5b969cc99dc435cad09a,PR,consoles_games,38.0,1,3.0,15.1
5b33b527da3c5b969cc99dc435cad09a,PR,electronics,1646.9,12,4.0,23.207692307692305
5b33b527da3c5b969cc99dc435cad09a,PR,garden_tools,24.0,1,5.0,18.27
5b33b527da3c5b969cc99dc435cad09a,PR,health_beauty,124.0,1,5.0,18.0
5b35136197710e16ac5e7b7c2bd4ea85,RJ,housewares,3104.2000000000003,7,2.5555555555555554,27.34333333333333
5b51032eddd242adc84c38acab88f23d,MG,bed_bath_table,1370.0,4,2.8,19.968
5b51032eddd242adc84c38acab88f23d,MG,furniture_decor,1910.0,8,4.333333333333333,18.790000000000003
5b581417df4480f632484ba681e53944,SC,cool_stuff,288.8,3,3.3333333333333335,58.75666666666666
5b581417df4480f632484ba681e53944,SC,toys,1352.8,9,3.5555555555555554,44.01555555555555
5b664594895aefb418afaee6d40a9a23,RJ,air_conditioning,305.6,4,4.5,12.4375
5b664594895aefb418afaee6d40a9a23,RJ,construction_tools_construction,586.5,10,3.1333333333333333,8.692
5b664594895aefb418afaee6d40a9a23,RJ,cool_stuff,116.69999999999999,2,5.0,15.416666666666666
5b67882648febfb6e1225e6ad7164f6b,PR,garden_tools,819.98,2,5.0,21.375
5b67882648febfb6e1225e6ad7164f6b,PR,sports_leisure,5993.5,25,3.9642857142857144,20.57821428571429
5b8154610ebb21fb90eb587365e673df,SP,auto,130.99,1,2.0,18.17
5b8154610ebb21fb90eb587365e673df,SP,computers_accessories,6630.71,20,3.909090909090909,33.11545454545455
5b8154610ebb21fb90eb587365e673df,SP,construction_tools_construction,356.45,5,4.4,14.951999999999998
5b8154610ebb21fb90eb587365e673df,SP,health_beauty,1604.41,10,4.7272727272727275,16.485454545454544
5b8154610ebb21fb90eb587365e673df,SP,home_appliances,325.49,1,5.0,45.86
5b85809efd0d0e4dea1a9544e1280ed9,SP,health_beauty,1594.7,11,4.461538461538462,16.02846153846154
5b85809efd0d0e4dea1a9544e1280ed9,SP,pet_shop,209.9,1,3.0,84.39
5b925e1d006e9476d738aa200751b73b,SP,sports_leisure,7748.5,63,4.603174603174603,16.719682539682537
5b92bfa4120daa27c574daa2e386c693,SP,auto,14.0,1,3.0,10.96
5b97c06a046398e7005b2b7c0d707a92,MG,musical_instruments,1139.97,3,4.0,66.14666666666666
5bba18b40e8c973b0f32e748004775b0,SP,furniture_decor,739.98,1,5.0,44.82
5bc237df65098fe211bb4818f4d26d78,MG,computers_accessories,126.80000000000001,2,4.5,28.545
5bc24d989e71e93c33e50a7782431b0e,MG,auto,3148.0,17,4.352941176470588,34.61941176470588
5bc55dbe2f12b6af6d83ed46023e0dc8,MG,sports_leisure,2492.1,15,2.263157894736842,19.61842105263158
5bc55dbe2f12b6af6d83ed46023e0dc8,MG,toys,500.0,2,3.0,22.265
5bf397d04035b5f45cc41e82ec106803,SP,health_beauty,760.0,1,4.0,10.87
5bf397d04035b5f45cc41e82ec106803,SP,small_appliances,765.0,3,4.333333333333333,12.136666666666665
5bffbafbb22daf6d3bfc216a46db8708,RJ,auto,349.95,4,4.2,14.608
5bffbafbb22daf6d3bfc216a46db8708,RJ,computers_accessories,4805.79,13,4.928571428571429,22.756428571428575
5bffbafbb22daf6d3bfc216a46db8708,RJ,food,83.96,4,4.5,15.717500000000001
5c030029b5916fed0986310385ec9009,SC,housewares,4164.4,7,4.9,91.55
5c243662ce92d84573bfaff24c3e3700,SP,cool_stuff,1082.97,3,4.666666666666667,12.516666666666666
5c243662ce92d84573bfaff24c3e3700,SP,health_beauty,31779.05,95,4.114583333333333,17.91845360824742
5c3460cd3e8a984382ae254e7dd20d9f,SP,baby,775.76,9,4.7,19.854
5c6d4016c2a288f074fa0848a2b653d2,SP,computers_accessories,1785.0,17,3.9411764705882355,15.380588235294116
5c6d4016c2a288f074fa0848a2b653d2,SP,consoles_games,139.8,2,5.0,17.765
5c6d4016c2a288f074fa0848a2b653d2,SP,electronics,524.0,5,4.571428571428571,15.632857142857144
5c6d4016c2a288f074fa0848a2b653d2,SP,fixed_telephony,651.2,7,4.25,11.4625
5c853bb56f70f4d14218944bae111d7a,SP,furniture_decor,145.23,13,3.7857142857142856,10.16
5ca5d579b5857ee8709479b1047cecc3,SP,consoles_games,169.99,1,1.0,8.05
5cbbd5a299cab112b7bf23862255e43e,PR,computers_accessories,36.0,1,5.0,15.23
5cbbd5a299cab112b7bf23862255e43e,PR,housewares,2012.4,17,4.235294117647059,19.241764705882353
5cbbd5a299cab112b7bf23862255e43e,PR,luggage_accessories,397.93,8,4.333333333333333,15.166666666666666
5cbbd5a299cab112b7bf23862255e43e,PR,sports_leisure,33.33,1,5.0,17.06
5cbbd5a299cab112b7bf23862255e43e,PR,stationery,246.4,9,4.3,16.325
5cf13accae3222c70a9cac40818ae839,MG,pet_shop,14183.400000000001,147,4.457516339869281,19.16766233766234
5cf13accae3222c70a9cac40818ae839,MG,small_appliances,109.9,1,5.0,51.06
5d0363b33554b373851fc1622e4d5f3c,SP,auto,5975.9,88,4.044943820224719,23.709550561797755
5d0363b33554b373851fc1622e4d5f3c,SP,electronics,260.99,2,5.0,8.625
5d0363b33554b373851fc1622e4d5f3c,SP,housewares,244.0,2,4.5,17.08
5d0363b33554b373851fc1622e4d5f3c,SP,small_appliances,67.9,1,5.0,13.92
5d043cd5512d4bd2f88e5ccdd5736c38,SP,sports_leisure,650.0,1,2.0,64.91
5d3bb11474a06bdc23fb9e89f1164ee0,SP,cool_stuff,356.8,1,4.0,27.34
5d3bb11474a06bdc23fb9e89f1164ee0,SP,furniture_decor,1182.0,15,4.0,14.34
5d3bb11474a06bdc23fb9e89f1164ee0,SP,garden_tools,188.8,1,5.0,21.29
5d3bb11474a06bdc23fb9e89f1164ee0,SP,home_appliances_2,799.4000000000001,3,5.0,23.656666666666666
5d3bb11474a06bdc23fb9e89f1164ee0,SP,housewares,897.8,10,3.727272727272727,15.09909090909091
5d3bb11474a06bdc23fb9e89f1164ee0,SP,industry_commerce_and_business,229.8,1,1.0,23.43
5d505d2298ad549e4e4e835562fa0c1e,SP,sports_leisure,249.8,2,5.0,14.169999999999998
5d76d80a2f5f39c891b996a1bf4c9853,SP,electronics,299.8,2,5.0,15.015
5d76d80a2f5f39c891b996a1bf4c9853,SP,perfumery,493.79999999999995,2,5.0,34.64
5d76d80a2f5f39c891b996a1bf4c9853,SP,watches_gifts,444.9,2,4.5,35.97
5d9dc90a686a8fddacffab6bab5653a3,SP,sports_leisure,3761.94,12,4.166666666666667,30.7775
5d9f3746e112e696f98ea22c56b3e912,SP,garden_tools,1322.64,1,5.0,47.77
5db42a6cd9bf1bf0d3aab9582767f168,ES,housewares,200.0,1,5.0,19.33
5dc203c7b84a0e71e878a179de05fb9a,SP,electronics,110.9,1,1.0,14.36
5dc203c7b84a0e71e878a179de05fb9a,SP,garden_tools,132.0,3,5.0,33.29333333333333
5dc203c7b84a0e71e878a179de05fb9a,SP,telephony,179.0,1,4.0,13.91
5dceca129747e92ff8ef7a997dc4f8ca,SP,baby,74509.92,105,3.1941747572815533,33.878571428571426
5dceca129747e92ff8ef7a997dc4f8ca,SP,bed_bath_table,1045.66,16,4.294117647058823,13.32
5dceca129747e92ff8ef7a997dc4f8ca,SP,cool_stuff,4186.8,7,4.428571428571429,61.73285714285714
5dceca129747e92ff8ef7a997dc4f8ca,SP,fashion_sport,109.8,2,5.0,11.91
5dceca129747e92ff8ef7a997dc4f8ca,SP,home_confort,887.6500000000001,9,4.6,26.377999999999997
5dceca129747e92ff8ef7a997dc4f8ca,SP,luggage_accessories,30386.899999999998,183,4.358974358974359,45.38517766497463
5de1c80811ce7007f62f00d971236c09,SC,housewares,39.9,1,5.0,17.21
5debea795b07621e1f90532e18f96145,PR,cool_stuff,368.9,1,5.0,15.6
5debea795b07621e1f90532e18f96145,PR,health_beauty,1514.88,24,4.25,15.2734375
5def4c3732941a971cba8fdee992ede1,SP,auto,7.5,1,5.0,7.39
5def4c3732941a971cba8fdee992ede1,SP,costruction_tools_tools,72.4,2,4.5,17.42
5def4c3732941a971cba8fdee992ede1,SP,housewares,31.0,1,4.0,8.29
5def4c3732941a971cba8fdee992ede1,SP,stationery,23.9,1,5.0,7.43
5e063e85d44b0f5c3e6ec3131103a57e,SP,health_beauty,22.9,1,5.0,7.42
5e105f5c9f63f5f1fd75d6cb942e55b1,SP,housewares,1471.9,8,4.5,34.22875
5e106d93b717c2682b9383da480364a1,PR,computers_accessories,445.9,1,5.0,21.71
5e25c632f9db6cfb8bc100421c2737b6,SC,sports_leisure,259.0,1,5.0,19.91
5e49e3a44bdeb5aab2684258bbd4f525,SC,sports_leisure,507.0,3,4.666666666666667,17.59
5e9f5bd34e0830569f05c9d4f56e04a8,RS,luggage_accessories,239.98,2,4.5,17.44
5ee7fd217d08dfe5d3e2f51f96a12c9a,SP,auto,867.5,7,3.0,28.082857142857144
5ee7fd217d08dfe5d3e2f51f96a12c9a,SP,pet_shop,298.0,2,5.0,36.55
5eeb9c756d9780b96283e5a2ac6da334,SP,sports_leisure,2471.0,9,4.222222222222222,27.526666666666667
5ef131ac72773e5b3f6c0d63cf424657,SP,toys,575.79,10,3.8181818181818183,22.381818181818183
5f0057b677eb963672bf05dfa3f16c34,SP,audio,186.89,3,5.0,13.383333333333333
5f0057b677eb963672bf05dfa3f16c34,SP,computers_accessories,26.99,1,5.0,10.96
5f06030071324cc52bf0304014ac7234,SP,bed_bath_table,783.96,4,4.0,25.087500000000002
5f1dc28029d2c244352a68107ec2b542,SP,cool_stuff,44.6,2,4.0,11.15
5f1dc28029d2c244352a68107ec2b542,SP,fashion_shoes,73.75,2,5.0,13.175
5f1dc28029d2c244352a68107ec2b542,SP,fashion_underwear_beach,59.099999999999994,4,5.0,15.054444444444446
5f1dc28029d2c244352a68107ec2b542,SP,fixed_telephony,200.5,1,4.0,9.6
5f1dc28029d2c244352a68107ec2b542,SP,garden_tools,47.5,1,,8.72
5f1dc28029d2c244352a68107ec2b542,SP,health_beauty,842.5,21,4.3,11.889333333333333
5f1dc28029d2c244352a68107ec2b542,SP,housewares,469.7,13,4.384615384615385,10.209999999999999
5f1dc28029d2c244352a68107ec2b542,SP,perfumery,328.5,6,5.0,11.2825
5f1dc28029d2c244352a68107ec2b542,SP,sports_leisure,269.7,3,4.0,25.330000000000002
5f1dc28029d2c244352a68107ec2b542,SP,toys,471.45,9,4.0,15.337777777777777
5f2684dab12e59f83bef73ae57724e45,SP,construction_tools_safety,29.9,1,1.0,15.31
5f2684dab12e59f83bef73ae57724e45,SP,cool_stuff,239.8,1,3.0,11.45
5f2684dab12e59f83bef73ae57724e45,SP,fashion_bags_accessories,119.8,2,5.0,8.58
5f2684dab12e59f83bef73ae57724e45,SP,luggage_accessories,209.96999999999997,1,1.0,7.78
5f2684dab12e59f83bef73ae57724e45,SP,toys,8271.5,62,3.9076923076923076,15.862153846153845
5f26c1408a65b42a7224cd463bdf3292,PR,food,59.8,2,5.0,22.14
5f26c1408a65b42a7224cd463bdf3292,PR,health_beauty,1080.0,8,4.75,21.62625
5f3ae9136c875522250f8184f253413a,SP,books_general_interest,104.64999999999999,3,4.2,9.292
5f3ae9136c875522250f8184f253413a,SP,books_technical,1038.3999999999999,39,4.625,13.756499999999999
5f57db27027655e6c6a391601daa0258,ES,auto,98.0,1,5.0,53.04
5f5a58930c3c35f3b5af264f34fb8c85,SP,construction_tools_construction,282.0,1,5.0,28.27
5f5a58930c3c35f3b5af264f34fb8c85,SP,home_appliances_2,278.0,2,5.0,20.16
5f5b43b2bffa8656e4bc6efeb13cc649,SP,fashion_bags_accessories,148.9,1,5.0,16.8
5f5b43b2bffa8656e4bc6efeb13cc649,SP,luggage_accessories,349.9,1,1.0,31.86
5f5b43b2bffa8656e4bc6efeb13cc649,SP,sports_leisure,29.9,1,5.0,37.12
5f5b43b2bffa8656e4bc6efeb13cc649,SP,stationery,3148.5,24,4.538461538461538,18.064230769230768
5f67c6082caacb26e431a7b17940cece,PR,computers_accessories,1662.6,13,3.5714285714285716,14.887857142857143
5f7300535881cef3b625fd683cf7d145,RS,bed_bath_table,49.8,1,5.0,15.23
5fd924b4836098a5be0ecf81ba054ce0,SP,garden_tools,1148.8,7,4.0,16.942500000000003
602044f2c16190c2c6e45eb35c2e21cb,SP,bed_bath_table,3559.17,48,3.037037037037037,16.541090909090908
6025c79c035c3d772133b8b8238463b2,PR,auto,989.74,2,5.0,27.1475
6039e27294dc75811c0d8a39069f52c0,SP,computers_accessories,2239.0,5,4.1,54.608000000000004
6039e27294dc75811c0d8a39069f52c0,SP,electronics,8474.3,35,3.923076923076923,31.720256410256408
6039e27294dc75811c0d8a39069f52c0,SP,market_place,2787.5,23,3.68,22.061999999999998
60562ab00b8054280520d390c8c0045c,SP,auto,2943.0,17,4.764705882352941,17.88764705882353
6061155addc1e54b4cfb51c1c2a32ad8,SP,health_beauty,4960.0,4,4.75,74.84
6061155addc1e54b4cfb51c1c2a32ad8,SP,pet_shop,10673.4,24,4.689655172413793,20.018965517241377
606ce7768feac12c5e8bd58db8b08f0f,SP,watches_gifts,2916.6,5,4.8,20.451999999999998
609e1a9a6c2539919b8205cf7c4e6ff0,SC,baby,18.9,1,4.0,18.23
609e1a9a6c2539919b8205cf7c4e6ff0,SC,bed_bath_table,6563.43,85,3.5833333333333335,20.73859375
609e1a9a6c2539919b8205cf7c4e6ff0,SC,pet_shop,12.9,1,5.0,14.42
60da8bfa7eebe230b7d66ac4082d79b3,SP,computers_accessories,79.8,2,5.0,12.94
610f72e407cdd7caaa2f8167b0163fd8,SP,bed_bath_table,13585.16,16,3.7058823529411766,49.66411764705882
612170e34b97004b3ba37eae81836b4c,RS,baby,2029.6999999999998,3,5.0,45.86666666666667
612170e34b97004b3ba37eae81836b4c,RS,computers_accessories,1805.6,10,4.5,17.975
612170e34b97004b3ba37eae81836b4c,RS,consoles_games,3440.1,13,4.615384615384615,18.19846153846154
612170e34b97004b3ba37eae81836b4c,RS,cool_stuff,1043.89,13,4.846153846153846,20.53153846153846
612170e34b97004b3ba37eae81836b4c,RS,electronics,3208.09,17,4.352941176470588,18.491764705882353
612170e34b97004b3ba37eae81836b4c,RS,fixed_telephony,1168.99,7,4.285714285714286,17.627142857142857
612170e34b97004b3ba37eae81836b4c,RS,perfumery,86.0,1,5.0,19.51
612170e34b97004b3ba37eae81836b4c,RS,signaling_and_security,444.09999999999997,6,4.111111111111111,23.284444444444446
612170e34b97004b3ba37eae81836b4c,RS,sports_leisure,549.9,1,3.0,18.95
612170e34b97004b3ba37eae81836b4c,RS,stationery,284.65,2,4.0,19.095
612170e34b97004b3ba37eae81836b4c,RS,telephony,4313.3,9,4.555555555555555,28.63222222222222
612170e34b97004b3ba37eae81836b4c,RS,watches_gifts,4690.700000000001,25,4.24,20.1828
612a743d294c27884fb7b80d2b19ba35,PR,furniture_decor,57.8,1,4.0,14.11
612a743d294c27884fb7b80d2b19ba35,PR,sports_leisure,2999.9,1,5.0,76.23
615005a3ef192c00c6f0e977cee3d2bc,SP,sports_leisure,286.5,10,3.909090909090909,14.149090909090908
615c3462099ffa940d37b17dfda19594,RJ,health_beauty,229.0,2,5.0,16.025
6179a28a13a726c29b3bf54c070dccab,MG,luggage_accessories,300.0,1,5.0,61.27
6187a137b2af59dfdbad8d9f8c373c14,SP,bed_bath_table,74.8,2,3.0,15.11
61b18775be84fb700a6b2d0ba097bf66,SP,pet_shop,334.5,4,4.6,20.302
61c36f0fc4a47f9532e5512b66668e62,SP,watches_gifts,750.0,1,1.0,17.69
620c87c171fb2a6dd6e8bb4dec959fc6,RJ,health_beauty,41552.200000000004,364,4.129441624365482,18.48488888888889
620c87c171fb2a6dd6e8bb4dec959fc6,RJ,perfumery,70909.3,358,4.415094339622642,16.971313672922253
6219ba2359cfb97f2e38fd4c321eb309,SP,housewares,342.6,5,4.0,16.509999999999998
6235903333ba7de1928c869e268e5964,SC,drinks,94.06,1,5.0,41.42
624f4ece8da4aafb77699233d480f8ef,SP,furniture_decor,8827.0,51,4.2075471698113205,31.761509433962264
624f4ece8da4aafb77699233d480f8ef,SP,market_place,219.0,1,3.0,22.19
626ab1cd96932367f0eeec2e47046c12,SP,garden_tools,1120.0,2,4.5,31.92
626ab1cd96932367f0eeec2e47046c12,SP,housewares,190.0,1,5.0,16.63
62760d278921b5f352461620d68a9cee,SP,furniture_decor,397.0,3,3.6666666666666665,17.7
6288c69c4ce638e59925e59193f98b16,SP,electronics,3327.92,8,4.375,14.108749999999999
6288c69c4ce638e59925e59193f98b16,SP,garden_tools,59.97,3,5.0,11.243333333333334
6288c69c4ce638e59925e59193f98b16,SP,toys,808.91,9,3.888888888888889,13.734444444444442
62c50c1af4dfdc4149d25c5222043d39,SP,fixed_telephony,1372.9,6,3.4,16.525
62c50c1af4dfdc4149d25c5222043d39,SP,furniture_decor,242.98000000000002,2,5.0,9.84
62c50c1af4dfdc4149d25c5222043d39,SP,garden_tools,289.98,1,1.0,26.95
62c50c1af4dfdc4149d25c5222043d39,SP,home_construction,419.97,3,4.333333333333333,14.373333333333333
62de60d81c55c29d76a6bce418b31cef,SP,auto,103.0,1,4.0,23.87
630008e0f062605a415d694489f6f82e,SP,electronics,35.35,1,5.0,15.35
63191ead8d3b2f937cd1996fdcbbad20,SP,musical_instruments,367.0,1,5.0,53.29
63272377184e969942f7fff221be858d,SP,housewares,149.7,2,5.0,33.265
6338ea67c41078a46ad99cc009654956,RS,auto,2286.09,37,4.609756097560975,21.00681818181818
633ecdf879b94b5337cca303328e4a25,SP,health_beauty,1037.6000000000001,6,1.8,14.648333333333333
634964b17796e64304cadf1ad3050fb7,RJ,agro_industry_and_commerce,420.0,1,4.0,21.04
634964b17796e64304cadf1ad3050fb7,RJ,auto,1529.4,19,3.526315789473684,18.38157894736842
634964b17796e64304cadf1ad3050fb7,RJ,electronics,348.5,6,4.142857142857143,15.595714285714285
634964b17796e64304cadf1ad3050fb7,RJ,food,89.9,1,2.0,37.32
634964b17796e64304cadf1ad3050fb7,RJ,furniture_decor,37.9,1,5.0,15.23
634964b17796e64304cadf1ad3050fb7,RJ,housewares,37.9,1,5.0,7.55
634964b17796e64304cadf1ad3050fb7,RJ,sports_leisure,1910.0,5,3.0,23.988
634964b17796e64304cadf1ad3050fb7,RJ,stationery,99.8,2,5.0,19.299999999999997
634964b17796e64304cadf1ad3050fb7,RJ,telephony,544.1,10,4.0,17.134999999999998
634964b17796e64304cadf1ad3050fb7,RJ,toys,260.0,1,4.0,19.92
634964b17796e64304cadf1ad3050fb7,RJ,watches_gifts,33836.6,218,3.890909090909091,18.22047272727273
63704069d9bd3a75c1cf59babe56004a,SP,drinks,59.3,1,1.0,7.39
638cba8be1fb599bbb76fd6948351eb3,SP,food_drink,89.5,3,5.0,13.8
638cba8be1fb599bbb76fd6948351eb3,SP,sports_leisure,445.9,13,4.647058823529412,11.721764705882352
63a79f5a7eb5cb48a7e5787b141c7993,MG,baby,89.0,1,5.0,16.58
63a79f5a7eb5cb48a7e5787b141c7993,MG,toys,726.1,10,4.5,18.425
63b464dbf392c7b80d12d932fa7cafed,SP,furniture_decor,6622.0,36,3.763157894736842,22.65368421052632
63b9ae557efed31d1f7687917d248a8d,SP,auto,20.0,2,5.0,19.68
63b9ae557efed31d1f7687917d248a8d,SP,furniture_decor,119.5,3,4.2,12.690000000000001
63ffcb71394dd8ea3872ed9ffda17c74,RJ,sports_leisure,72.7,3,4.333333333333333,15.666666666666666
640e21a7d01df7614a3b4923e990d40c,SP,bed_bath_table,7528.89,115,4.286764705882353,17.87985294117647
6426d21aca402a131fc0a5d0960a3c90,SP,bed_bath_table,774.89,12,4.166666666666667,18.555
6426d21aca402a131fc0a5d0960a3c90,SP,housewares,282.2,8,4.0,14.94875
6426d21aca402a131fc0a5d0960a3c90,SP,sports_leisure,49.9,1,5.0,15.1
6426d21aca402a131fc0a5d0960a3c90,SP,toys,102.65,2,4.5,13.415
643214e62b870443ccbe55ab29a4dccf,SP,fashion_bags_accessories,3209.43,64,4.390625,13.6984375
643214e62b870443ccbe55ab29a4dccf,SP,perfumery,19.8,1,5.0,7.39
643c01d7c56a724bec0454f4780e8a3e,SC,garden_tools,205.55,2,4.5,20.55
6481e96574816ead57975da2c0f6d80d,SP,agro_industry_and_commerce,1992.6,13,4.4,24.209999999999997
6481e96574816ead57975da2c0f6d80d,SP,bed_bath_table,373.0,2,5.0,26.7375
6481e96574816ead57975da2c0f6d80d,SP,garden_tools,324.5,1,5.0,61.18
6481e96574816ead57975da2c0f6d80d,SP,housewares,77.0,1,4.0,11.87
6481e96574816ead57975da2c0f6d80d,SP,signaling_and_security,557.8,15,3.772727272727273,21.491363636363637
64c9a1db4e73e19aaafd3286dc448c96,PR,housewares,439.0,1,5.0,43.6
64cc804291f90c81f02bfc2bb58ff55a,PR,furniture_decor,517.6,2,5.0,23.27
651530bf5c607240ccdd89a30c9c9712,BA,fashion_bags_accessories,199.9,1,4.0,24.55
651fe66032c9520ee5587f694908040d,RS,electronics,34.0,1,1.0,17.17
651fe66032c9520ee5587f694908040d,RS,fashion_bags_accessories,430.0,6,4.5,18.593333333333334
6524b847b982cd56bb5d4b02b776ee42,SP,computers_accessories,779.8,1,4.0,27.57
6548c2550b6e2d8f18053216e1c7b6f3,SP,housewares,217.7,3,5.0,13.969999999999999
655220df33262c7e0c4949a147366f94,SP,luggage_accessories,1618.0,10,4.083333333333333,41.17416666666667
655220df33262c7e0c4949a147366f94,SP,pet_shop,627.0,3,4.666666666666667,62.48
6560211a19b47992c3666cc44a7e94c0,SP,audio,2716.0,30,3.8125,13.9984375
6560211a19b47992c3666cc44a7e94c0,SP,computers_accessories,600.0,12,4.25,14.533333333333333
6560211a19b47992c3666cc44a7e94c0,SP,construction_tools_safety,99.0,1,5.0,15.79
6560211a19b47992c3666cc44a7e94c0,SP,fashion_bags_accessories,17909.83,322,4.083582089552239,13.08252225519288
6560211a19b47992c3666cc44a7e94c0,SP,perfumery,369.0,11,4.461538461538462,12.842307692307692
6560211a19b47992c3666cc44a7e94c0,SP,sports_leisure,446.0,6,3.6666666666666665,14.915000000000001
6560211a19b47992c3666cc44a7e94c0,SP,watches_gifts,98563.0,1438,3.918987341772152,13.821141065830721
6561d6bf844e464b4019442692b40e02,SP,sports_leisure,41.9,1,5.0,7.55
6562efe88ce0826a4ca4f189f03b4b84,PR,furniture_decor,1076.0,8,4.05,14.116
656591be56071d4c9ef4e5fee78a578a,SP,office_furniture,1702.0,7,4.636363636363637,29.018181818181816
657969cca82e884d272385ec0ef06edd,RS,sports_leisure,139.7,3,4.666666666666667,17.286666666666665
659e8466eb3ff1b0e8740d74fb7bbedd,BA,health_beauty,1486.8,11,4.5,28.085714285714285
65a7c0788e4d632ccb5e1b594b87f0bb,SP,drinks,266.7,3,4.111111111111111,13.046666666666667
65b081a070633e057c462abdd6fb9dd8,GO,perfumery,1885.09,19,4.35,22.079
65c255b299faf2d12050937cc219c46c,SP,perfumery,88.2,2,4.5,10.94
65febd49fd28ec955651299159b1f527,SP,housewares,4136.71,33,4.342105263157895,24.965
6601ee6383e7f452be71929f8de48bbb,SP,perfumery,153.6,2,4.0,14.17
6614814a00d344b846ae209f95ee7e3f,SP,art,13.0,1,1.0,12.69
661ad5fcc28cdfb8bcadb12bb2272475,SC,pet_shop,209.92999999999998,4,5.0,17.111428571428572
6624bc09786f0e41ae48dfc5eeb1a9e2,MG,garden_tools,89.54,1,5.0,17.47
6650fcccd8cd2f7e55ffa524f30c4c59,SP,luggage_accessories,339.8,2,3.0,48.155
668bf321538e5072858eaef6087ce027,PR,housewares,19.9,1,5.0,8.11
66922902710d126a0e7d26b0e3805106,MG,pet_shop,14267.3,150,4.474025974025974,20.629870967741937
669ae81880e08f269a64487cfb287169,SC,books_general_interest,6539.99,54,4.142857142857143,19.183157894736844
669ae81880e08f269a64487cfb287169,SC,drinks,104.25,1,3.0,18.23
669ae81880e08f269a64487cfb287169,SC,sports_leisure,6489.63,106,4.203252032520325,17.615772357723575
66dc1b1632bd6a3e508510c5b3492107,SP,auto,716.6,7,4.333333333333333,18.482222222222223
66dc1b1632bd6a3e508510c5b3492107,SP,computers_accessories,618.5,3,2.3333333333333335,25.006666666666664
66dc1b1632bd6a3e508510c5b3492107,SP,health_beauty,409.70000000000005,3,2.6666666666666665,16.75
66dc1b1632bd6a3e508510c5b3492107,SP,sports_leisure,854.39,11,3.727272727272727,15.576363636363636
66dc1b1632bd6a3e508510c5b3492107,SP,telephony,523.8,8,3.0,15.86909090909091
66dc1b1632bd6a3e508510c5b3492107,SP,toys,49.9,1,5.0,13.01
66dc1b1632bd6a3e508510c5b3492107,SP,watches_gifts,369.3,3,3.3333333333333335,13.063333333333333
66e0557ecc2b4dbea057e93f215f68d8,SP,consoles_games,12141.0,30,4.033333333333333,16.247333333333334
66fd84ee7528c0c0de85d0f44a73d5ab,RS,computers_accessories,989.02,9,2.611111111111111,19.727777777777778
670a9dda115b5a88b18cfadee8de2332,SP,fashion_bags_accessories,769.1,9,4.333333333333333,16.107777777777777
670a9dda115b5a88b18cfadee8de2332,SP,furniture_decor,99.9,1,5.0,19.89
670a9dda115b5a88b18cfadee8de2332,SP,stationery,49.9,1,5.0,18.23
670c26e0f1bf8d0576271d5cfaec6d2b,PR,health_beauty,217.39999999999998,5,4.0,14.358333333333334
670c26e0f1bf8d0576271d5cfaec6d2b,PR,sports_leisure,6032.7,72,4.375,19.92775
671585f5a2af58b6e276bc01003c0d2b,PR,housewares,1244.0,27,4.703703703703703,16.596666666666668
67225bff54a172ff67579aaf583efd78,PA,sports_leisure,1238.0,8,4.5,19.388749999999998
674207551483fec113276b67b0d871ff,SP,housewares,119.9,1,5.0,13.94
6750d71153f00fc58829af2a8ef1bcf1,RJ,sports_leisure,3514.0,6,4.166666666666667,18.75
67883baaae6134ee81b271a542613728,SP,sports_leisure,469.0,1,4.0,19.47
67883baaae6134ee81b271a542613728,SP,watches_gifts,7698.9,18,4.111111111111111,17.147222222222222
679769a98cfcc6da877c8486ff1c13f3,MG,health_beauty,7029.0,21,4.571428571428571,20.875714285714285
67bf6941ba2f1fa1d02c375766bc3e53,PR,furniture_living_room,417.0,1,3.0,18.53
67bf6941ba2f1fa1d02c375766bc3e53,PR,kitchen_dining_laundry_garden_furniture,627.0,2,5.0,47.27
67bf6941ba2f1fa1d02c375766bc3e53,PR,office_furniture,4018.0,12,4.428571428571429,75.75285714285714
6806dad1da97bfb5a9038eac6881f706,PR,auto,1089.0,6,4.0,26.39833333333333
6806dad1da97bfb5a9038eac6881f706,PR,furniture_decor,45.0,1,4.0,18.42
6806dad1da97bfb5a9038eac6881f706,PR,housewares,120.0,1,4.0,18.27
6806dad1da97bfb5a9038eac6881f706,PR,sports_leisure,223.0,2,3.75,19.05
681fce914360217db47784ae28905a96,PR,health_beauty,342.0,3,2.6666666666666665,28.263333333333335
681fce914360217db47784ae28905a96,PR,housewares,350.0,1,5.0,29.11
681fce914360217db47784ae28905a96,PR,perfumery,3435.33,20,4.0,16.5285
6824a69c9ea0313eba299dd4a2dba09a,MG,construction_tools_construction,473.5,4,4.5,16.1075
6824a69c9ea0313eba299dd4a2dba09a,MG,costruction_tools_garden,109.0,1,5.0,14.68
6824a69c9ea0313eba299dd4a2dba09a,MG,sports_leisure,84.4,1,5.0,23.39
685b870da5b52a710782c9c0fefbeb5b,SP,musical_instruments,627.0,2,2.0,21.99
6860153b69cc696d5dcfe1cdaaafcf62,SP,auto,162.38,1,1.0,15.89
6860153b69cc696d5dcfe1cdaaafcf62,SP,construction_tools_construction,3648.06,72,4.185185185185185,17.817073170731707
6860153b69cc696d5dcfe1cdaaafcf62,SP,electronics,17.19,1,5.0,13.71
6861de0f40cacb0602e473c51639f980,PR,office_furniture,674.0,5,2.625,34.46625
686886775c8f6b1191c7b953fb52708c,SP,furniture_decor,189.0,1,5.0,13.62
6879c4d287a8dd06b11f54ea8f78e4da,SP,health_beauty,119.97,3,3.6666666666666665,12.016666666666666
6879c4d287a8dd06b11f54ea8f78e4da,SP,office_furniture,289.9,1,5.0,71.99
6879c4d287a8dd06b11f54ea8f78e4da,SP,stationery,117.8,2,5.0,20.71
688756f717c462a206ad854c5027a64a,SP,auto,45.0,1,5.0,15.42
688756f717c462a206ad854c5027a64a,SP,baby,97.98,2,3.0,26.59
688756f717c462a206ad854c5027a64a,SP,garden_tools,81.8,3,5.0,15.916666666666666
688756f717c462a206ad854c5027a64a,SP,housewares,5531.89,73,3.8488372093023258,19.35303370786517
688756f717c462a206ad854c5027a64a,SP,stationery,81.0,2,1.75,17.32
68ca56ce86830f3d31b1b7ec6a54da3e,PR,housewares,46.99,1,3.0,21.56
68ca56ce86830f3d31b1b7ec6a54da3e,PR,sports_leisure,183.0,1,5.0,48.33
68ca56ce86830f3d31b1b7ec6a54da3e,PR,stationery,119.8,2,5.0,18.52
68ca56ce86830f3d31b1b7ec6a54da3e,PR,toys,249.9,1,2.0,16.41
68f86ba270525243e68ae74044f992b9,RJ,health_beauty,777.5,10,4.363636363636363,16.972727272727273
6902157ee16728322d61a1321fa79e58,SP,telephony,159.8,2,3.0,15.815000000000001
693660429f9dc4ff704eb3d88dad54d7,SP,electronics,124.0,2,4.0,12.059999999999999
6973a06f484aacf400ece213dbf3d946,SP,computers_accessories,10418.72,89,3.6728971962616823,11.924722222222222
6989574bd97d9773f10d232b6c07da59,PR,garden_tools,409.9,1,4.0,22.36
6989574bd97d9773f10d232b6c07da59,PR,luggage_accessories,2068.5,6,5.0,49.79
698f5fa55a5f73d0740e9d9a773e8093,RJ,health_beauty,120.0,4,4.833333333333333,13.998333333333335
69a43819c758c65a5befb0b471c954d7,PR,fashion_bags_accessories,299.85,2,4.0,33.63666666666666
69b5eaa096c3f9d1e5c398c597f567d6,SP,housewares,938.0,2,5.0,24.51
6a0cbc8af2e8abd1bdfb777943d174c6,SP,auto,359.45000000000005,4,4.25,23.9775
6a0cbc8af2e8abd1bdfb777943d174c6,SP,sports_leisure,3428.7,30,4.0,21.103
6a3139c7bf09ece22a4713d956acbe5e,SP,sports_leisure,61.9,1,5.0,14.74
6a38087bc8ad4f89ff453561005f6dea,GO,computers_accessories,1411.7,11,4.538461538461538,32.27846153846154
6a38087bc8ad4f89ff453561005f6dea,GO,consoles_games,421.73,4,4.222222222222222,14.255555555555556
6a51fc556dab5f766ced6fbc860bc613,SP,air_conditioning,5686.47,18,4.32,24.8
6a51fc556dab5f766ced6fbc860bc613,SP,costruction_tools_garden,389.8,2,4.0,15.41
6a51fc556dab5f766ced6fbc860bc613,SP,furniture_decor,871.8,2,3.0,29.705000000000002
6a51fc556dab5f766ced6fbc860bc613,SP,garden_tools,99.9,1,5.0,18.98
6a51fc556dab5f766ced6fbc860bc613,SP,housewares,169.9,1,1.0,17.93
6a53b90c3ad9e0b56d9fe5c69165fff5,PR,baby,99.8,1,3.0,18.23
6a53b90c3ad9e0b56d9fe5c69165fff5,PR,telephony,39.98,1,4.0,9.27
6a8a889bde935bafa76d7848782dfaf9,SP,home_appliances,152.94,6,4.166666666666667,15.331666666666665
6a8a889bde935bafa76d7848782dfaf9,SP,small_appliances,707.88,20,3.875,11.492083333333333
6a8b085f816a1f75f92dbac6eb545f8f,SP,auto,5884.17,125,4.176691729323308,16.195864661654138
6aa3928696eab49a19a466e665a649fd,RJ,health_beauty,2075.0,18,4.545454545454546,15.258181818181818
6b15924333bd1a741595fe981ea04822,SP,health_beauty,614.3199999999999,21,4.666666666666667,11.435238095238097
6b1c4d4d9ccf0be3d8544eb0e71e5318,RS,computers_accessories,1699.0,1,5.0,60.04
6b243f80ed07b10f0e8aa0f21a205f3c,PR,sports_leisure,6260.1,79,4.022471910112359,17.385393258426966
6b2612338467c08c9b25f0cc55b1578d,PR,agro_industry_and_commerce,92.9,1,4.0,20.97
6b333a05bf188ef3e1f1662a86bd9855,DF,air_conditioning,458.0,2,3.5,55.285
6b333a05bf188ef3e1f1662a86bd9855,DF,auto,49.94,2,5.0,7.71
6b333a05bf188ef3e1f1662a86bd9855,DF,cool_stuff,1099.0,1,5.0,32.73
6b333a05bf188ef3e1f1662a86bd9855,DF,home_appliances,339.0,1,4.0,33.42
6b333a05bf188ef3e1f1662a86bd9855,DF,home_appliances_2,1747.97,3,4.333333333333333,101.77666666666669
6b333a05bf188ef3e1f1662a86bd9855,DF,small_appliances,297.0,3,4.333333333333333,19.596666666666668
6b3bd31ad8fcda4b2635ec9f3ff2ecdf,RJ,auto,169.9,1,3.0,16.04
6b3bd31ad8fcda4b2635ec9f3ff2ecdf,RJ,sports_leisure,3894.0,34,3.951219512195122,17.608048780487803
6b536a23086fba0d58c08d68814397f6,RJ,sports_leisure,1608.8,15,4.315789473684211,16.256842105263157
6b536a23086fba0d58c08d68814397f6,RJ,watches_gifts,388.0,3,2.3333333333333335,16.953333333333333
6b803197e03abd5056b4313306b4f29d,SP,food,288.0,5,5.0,9.207777777777778
6b803197e03abd5056b4313306b4f29d,SP,health_beauty,119.0,2,4.333333333333333,13.583333333333334
6b90f847357d8981edd79a1eb1bf0acb,SP,cine_photo,141.0,9,4.7,8.714
6b90f847357d8981edd79a1eb1bf0acb,SP,consoles_games,919.49,8,4.25,12.5625
6b90f847357d8981edd79a1eb1bf0acb,SP,food,549.5,5,4.0,11.492
6b90f847357d8981edd79a1eb1bf0acb,SP,health_beauty,1132.89,16,4.375,25.548125
6b90f847357d8981edd79a1eb1bf0acb,SP,sports_leisure,419.4,5,4.166666666666667,11.056666666666667
6b90f847357d8981edd79a1eb1bf0acb,SP,toys,159.8,2,4.5,8.719999999999999
6b9b80d53ba3676eafe60268a810b5a1,SP,sports_leisure,783.7,9,4.222222222222222,17.501111111111115
6ba4733aa33f6386e9fb0c0fd3993b38,RS,toys,59.99,1,4.0,23.35
6bb0724edf0b62fb91ac404873a97241,SP,electronics,3653.0,17,4.5,42.41777777777778
6bb62a4912377c7bfe7cb17b406bc7e6,SP,construction_tools_safety,525.25,2,5.0,18.09
6bb62a4912377c7bfe7cb17b406bc7e6,SP,electronics,16.89,1,2.0,11.84
6bb62a4912377c7bfe7cb17b406bc7e6,SP,home_construction,197.38,1,5.0,19.88
6bbcb8924baf70b7fe2fe2097e8cd407,SC,party_supplies,2239.4,8,4.375,27.69125
6bbcb8924baf70b7fe2fe2097e8cd407,SC,stationery,143.10000000000002,2,5.0,14.266666666666666
6bcb2352a2a0c38b845f598298ab9d26,PR,computers_accessories,15.9,1,5.0,15.1
6bd503a8230299c9316fb0f726933927,GO,health_beauty,92.28999999999999,2,5.0,16.115
6bd503a8230299c9316fb0f726933927,GO,perfumery,232.0,2,4.333333333333333,32.45666666666667
6bd69102ab48df500790a8cecfc285c2,SP,agro_industry_and_commerce,8070.0,5,3.0,57.803999999999995
6bef34c5be6f2bbd70aa5165f6df94b1,SC,consoles_games,1198.0,2,2.0,66.44
6c12e40690c335dbc2f68a4134d30dc1,PR,garden_tools,8585.0,7,3.3333333333333335,44.82857142857143
6c12e40690c335dbc2f68a4134d30dc1,PR,health_beauty,75.0,3,5.0,14.033333333333333
6c12e40690c335dbc2f68a4134d30dc1,PR,sports_leisure,479.2,6,4.285714285714286,16.145
6c177e38df6d3f34182b1f1d427231bf,PR,auto,98.0,1,4.0,19.04
6c177e38df6d3f34182b1f1d427231bf,PR,consoles_games,80.0,1,2.0,7.75
6c177e38df6d3f34182b1f1d427231bf,PR,dvds_blu_ray,409.0,1,1.0,18.16
6c177e38df6d3f34182b1f1d427231bf,PR,electronics,795.0,5,4.8,15.648000000000001
6c177e38df6d3f34182b1f1d427231bf,PR,housewares,59.9,1,4.0,17.13
6c177e38df6d3f34182b1f1d427231bf,PR,telephony,6670.99,44,4.204545454545454,19.154545454545453
6c17baf138731a4aaacc3210adf2037b,SP,perfumery,538.8,4,5.0,17.984
6c1b6d0c604b776f844125f911eb7377,SP,auto,263.36,2,4.5,15.330000000000002
6c1b6d0c604b776f844125f911eb7377,SP,baby,16.77,1,3.0,10.96
6c1b6d0c604b776f844125f911eb7377,SP,computers_accessories,46.94,1,4.0,14.52
6c6cc59a5c00cacc5054ca06d65cc282,RS,pet_shop,1107.0,1,5.0,148.71
6c6e3d67f969468f3bfd33f827a31222,PR,computers_accessories,224.0,5,4.833333333333333,15.401666666666666
6c77cd583b36a13aacccf2b3ee23e233,SP,furniture_decor,18.9,1,5.0,12.79
6c7d50c24b3ccd2fd83b44d8bb34e073,SP,furniture_decor,7592.26,94,4.4326923076923075,20.56457142857143
6c7d50c24b3ccd2fd83b44d8bb34e073,SP,kitchen_dining_laundry_garden_furniture,853.7,18,4.476190476190476,24.69285714285714
6c9875b2f94ba781186f0c1aed8d1687,SP,pet_shop,25.0,2,5.0,9.5125
6c99c983ce3b6ba0ab813e6790e81691,MG,baby,74.39,1,4.0,19.71
6c99c983ce3b6ba0ab813e6790e81691,MG,toys,472.36,8,3.75,23.256249999999998
6cd68b3ed6d59aaa9fece558ad360c0a,MG,housewares,265.19,7,4.142857142857143,15.468571428571428
6cd68b3ed6d59aaa9fece558ad360c0a,MG,luggage_accessories,8180.0,96,4.534653465346534,16.333267326732674
6cd68b3ed6d59aaa9fece558ad360c0a,MG,sports_leisure,75.3,3,4.666666666666667,11.703333333333333
6cd68b3ed6d59aaa9fece558ad360c0a,MG,stationery,2283.7000000000003,33,4.314285714285714,16.726285714285712
6cf476a4ca74498db55cbccdaa9dcfb6,SP,auto,499.99,1,5.0,94.47
6cf476a4ca74498db55cbccdaa9dcfb6,SP,fashion_underwear_beach,124.94999999999999,4,2.6,14.437999999999999
6d04126aba80df143fd038e711b8fd96,RJ,sports_leisure,89.99,1,1.0,18.87
6d1b9c9579132c87d2703ec38c30f2c5,PR,baby,159.8,2,5.0,18.305
6d1b9c9579132c87d2703ec38c30f2c5,PR,toys,139.89,2,4.0,15.545
6d22a1fcebb6dd08c9cd90b92a93e8d0,SC,health_beauty,522.1,8,4.777777777777778,17.624444444444446
6d22a1fcebb6dd08c9cd90b92a93e8d0,SC,perfumery,201.6,4,3.25,16.0275
6d2f2e3b539480db1e0842b3a4e32e6e,SP,furniture_decor,305.96,3,4.333333333333333,28.05
6d66611d7c44cc30ce351abc49a68421,SP,auto,644.4,16,3.5625,15.07625
6d66611d7c44cc30ce351abc49a68421,SP,baby,189.6,4,4.0,12.5425
6d66611d7c44cc30ce351abc49a68421,SP,market_place,382.6,4,4.0,22.759999999999998
6d66611d7c44cc30ce351abc49a68421,SP,musical_instruments,7690.3,95,4.114583333333333,18.914329896907216
6d66611d7c44cc30ce351abc49a68421,SP,pet_shop,1140.1,16,3.526315789473684,16.878947368421052
6d66611d7c44cc30ce351abc49a68421,SP,sports_leisure,3381.6,30,3.787878787878788,19.96588235294118
6d7f8d9d594e28796b6b3205b00f459c,PR,furniture_decor,417.9,3,3.6666666666666665,19.703333333333333
6d803cb79cc31c41c4c789a75933b3c7,SP,sports_leisure,8711.4,58,4.28030303030303,18.388939393939395
6d988d6174a2c27441597174f8905515,PR,health_beauty,68.53,3,4.857142857142857,12.882857142857144
6d988d6174a2c27441597174f8905515,PR,housewares,303.2,16,4.0,17.205625
6dc9bec584588412a6a338830946a3e4,SP,furniture_decor,280.0,1,2.0,84.96
6dd7dce75cd55c1ce255dc38d9f0cd46,SC,cool_stuff,75.0,1,4.0,21.33
6ddc28b61be28373b4503a1f61cf98a9,SP,stationery,48.9,1,5.0,7.6
6ddc28b61be28373b4503a1f61cf98a9,SP,toys,1684.0,10,4.1,15.959
6df688df543f90e9b38f4319e75a9d88,MG,health_beauty,1780.9,35,4.541666666666667,13.837916666666667
6e0908ef4d4efadbc3cc2b74ea477cb0,RJ,furniture_decor,373.7,5,4.285714285714286,14.989999999999998
6e13dd869aa7185f601c941423abcc8f,SP,health_beauty,522.0,5,4.833333333333333,12.68
6e1862e15f33d9994bc25922a85e1efc,SP,perfumery,94.99,2,5.0,7.7250000000000005
6e1862e15f33d9994bc25922a85e1efc,SP,signaling_and_security,573.5,5,4.5,9.991249999999999
6e386f64c84e482f0b9abf960797ee1b,SP,health_beauty,12209.3,29,4.607142857142857,21.08655172413793
6e4a902d1054e4e17aa6eab87fac1c75,SP,food,146.67000000000002,2,4.0,8.5
6e4a902d1054e4e17aa6eab87fac1c75,SP,home_appliances,383.8,4,4.5,16.285
6e4a902d1054e4e17aa6eab87fac1c75,SP,small_appliances,56.1,1,4.0,18.49
6e4f5ff6b086632ba8dcb558fb10249e,RS,bed_bath_table,178.0,1,5.0,16.32
6e4f5ff6b086632ba8dcb558fb10249e,RS,furniture_living_room,272.9,1,1.0,56.35
6e4f5ff6b086632ba8dcb558fb10249e,RS,home_appliances_2,388.0,3,3.6666666666666665,47.22666666666667
6e864f5c4669eff3d98140a07cc50202,SP,books_general_interest,491.78,5,4.2,13.772
6e864f5c4669eff3d98140a07cc50202,SP,books_technical,191.1,5,4.6,18.728
6e864f5c4669eff3d98140a07cc50202,SP,consoles_games,57.709999999999994,3,4.666666666666667,9.756666666666666
6eb94e1466490d327a09abf8f3552a50,SP,health_beauty,816.95,5,5.0,16.47
6eb94e1466490d327a09abf8f3552a50,SP,stationery,556.0,4,4.333333333333333,32.980000000000004
6ebf4eceee4dd9847201c82e77ef8123,RJ,health_beauty,59.9,1,5.0,22.13
6ec1a01e866584bb679eb9b098345919,SP,health_beauty,3890.94,27,4.153846153846154,27.29321428571429
6ec1a01e866584bb679eb9b098345919,SP,housewares,107.97,3,5.0,10.546666666666667
6edacfd9f9074789dad6d62ba7950b9c,SP,auto,288.3,6,4.857142857142857,10.90857142857143
6edacfd9f9074789dad6d62ba7950b9c,SP,baby,76.9,1,5.0,15.64
6edacfd9f9074789dad6d62ba7950b9c,SP,bed_bath_table,91.9,1,5.0,9.46
6edacfd9f9074789dad6d62ba7950b9c,SP,computers_accessories,15.9,1,4.0,17.06
6edacfd9f9074789dad6d62ba7950b9c,SP,cool_stuff,336.40000000000003,6,4.833333333333333,11.729999999999999
6edacfd9f9074789dad6d62ba7950b9c,SP,fashion_bags_accessories,17.9,1,5.0,7.78
6edacfd9f9074789dad6d62ba7950b9c,SP,furniture_decor,8376.800000000001,117,4.459016393442623,13.866721311475409
6edacfd9f9074789dad6d62ba7950b9c,SP,housewares,2887.4,53,4.303571428571429,13.374464285714286
6edacfd9f9074789dad6d62ba7950b9c,SP,luggage_accessories,79.8,2,5.0,12.885
6edacfd9f9074789dad6d62ba7950b9c,SP,market_place,149.6,4,4.0,9.7675
6edacfd9f9074789dad6d62ba7950b9c,SP,perfumery,136.7,2,4.333333333333333,14.763333333333334
6edacfd9f9074789dad6d62ba7950b9c,SP,sports_leisure,188.6,4,4.0,16.785
6edacfd9f9074789dad6d62ba7950b9c,SP,stationery,257.5,5,3.6,11.588
6edacfd9f9074789dad6d62ba7950b9c,SP,telephony,19.8,2,2.0,10.09
6edacfd9f9074789dad6d62ba7950b9c,SP,toys,42.9,1,5.0,14.1
6ee85be3693ed79a8e80718743d80655,SP,electronics,147.5,5,3.2,17.794
6eeed17989b0ae47c9f11ece6f38ea90,SP,auto,557.0,3,3.6666666666666665,39.67
6f1a1263039c76e68f40a8e536b1da6a,SP,food,178.69,2,2.6,14.9
6f229cc508fc6915ed5c499efd93baa4,RJ,sports_leisure,2654.8,13,4.428571428571429,23.84857142857143
6f835fd4be26989b1b064399da346143,PR,health_beauty,197.8,2,5.0,15.725000000000001
6f83d9e4da896daae20b9b6b2d3ff8d2,PR,housewares,666.39,9,4.222222222222222,20.245555555555555
6f892e20a171e98efe17fdb971ff319b,SP,fixed_telephony,199.9,1,5.0,12.9
6f892e20a171e98efe17fdb971ff319b,SP,stationery,199.8,2,4.0,11.2
6f892e20a171e98efe17fdb971ff319b,SP,telephony,5649.3,38,3.869565217391304,17.49340425531915
6fa9202c10491e472dffd59a3e82b2a3,SP,housewares,7014.24,3,4.333333333333333,308.33666666666664
6fc26fe110feebd80a433e1f012a84f9,SP,furniture_decor,4150.87,35,4.014705882352941,13.572083333333333
6fd52c528dcb38be2eea044946b811f8,SP,bed_bath_table,7743.0199999999995,67,3.5,13.554285714285713
7008613ea464bad5cb9b83456e1e6a8f,SC,sports_leisure,7538.7,123,4.291390728476821,19.403552631578947
700f03c207639c22d933381ff60b35c2,SP,pet_shop,1189.8600000000001,4,4.0,34.112500000000004
70125af26c2d6d4ef401a1d02ae7701f,GO,sports_leisure,371.2,5,4.625,32.3025
70126eecc6aa1274392a1743866e9678,SP,arts_and_craftmanship,19.8,1,5.0,7.4
70126eecc6aa1274392a1743866e9678,SP,toys,77.6,2,5.0,19.97
701938c450705b8ae65fc923b70f35c7,SP,furniture_living_room,11237.47,69,3.701923076923077,33.71438095238096
701938c450705b8ae65fc923b70f35c7,SP,office_furniture,641.8199999999999,5,4.666666666666667,38.598333333333336
7040e82f899a04d1b434b795a43b4617,SP,audio,1694.2,93,3.473684210526316,12.621428571428572
7040e82f899a04d1b434b795a43b4617,SP,baby,34.9,1,5.0,13.71
7040e82f899a04d1b434b795a43b4617,SP,computers_accessories,124.39999999999999,6,2.8333333333333335,16.31833333333333
7040e82f899a04d1b434b795a43b4617,SP,costruction_tools_garden,187.5,5,3.4,14.535999999999998
7040e82f899a04d1b434b795a43b4617,SP,furniture_decor,179.8,2,3.0,10.635
7040e82f899a04d1b434b795a43b4617,SP,health_beauty,49.8,2,1.0,8.29
7040e82f899a04d1b434b795a43b4617,SP,housewares,3337.4,31,3.75,17.77638888888889
7040e82f899a04d1b434b795a43b4617,SP,perfumery,1467.1000000000001,19,4.2105263157894735,13.790526315789473
7040e82f899a04d1b434b795a43b4617,SP,telephony,1329.4,41,3.6739130434782608,13.339565217391305
7040e82f899a04d1b434b795a43b4617,SP,toys,809.2,8,3.5,18.5775
70849ca4f400aaabb62cb7462a6f1428,MG,auto,43.99,1,5.0,20.08
70849ca4f400aaabb62cb7462a6f1428,MG,electronics,64.99,1,5.0,18.56
70849ca4f400aaabb62cb7462a6f1428,MG,furniture_living_room,379.77,3,3.6666666666666665,15.886666666666665
70849ca4f400aaabb62cb7462a6f1428,MG,musical_instruments,403.84,6,4.5,22.314999999999998
70849ca4f400aaabb62cb7462a6f1428,MG,toys,16.99,1,5.0,13.47
709e16e2b25c7474d980076c6bfc4806,SP,bed_bath_table,450.4,3,5.0,17.798333333333332
709e16e2b25c7474d980076c6bfc4806,SP,health_beauty,4040.1,44,4.5,15.248275862068965
709e16e2b25c7474d980076c6bfc4806,SP,housewares,194.60000000000002,3,4.0,15.6675
709e16e2b25c7474d980076c6bfc4806,SP,perfumery,165.39999999999998,5,4.166666666666667,15.928333333333335
709e16e2b25c7474d980076c6bfc4806,SP,sports_leisure,301.4,5,5.0,12.921666666666667
70a12e78e608ac31179aea7f8422044b,SP,audio,813.5,12,3.25,15.793333333333331
70a12e78e608ac31179aea7f8422044b,SP,auto,1290.7,17,3.8823529411764706,17.52058823529412
70a12e78e608ac31179aea7f8422044b,SP,baby,530.0,7,4.142857142857143,18.534285714285716
70a12e78e608ac31179aea7f8422044b,SP,computers_accessories,10771.34,106,3.8545454545454545,15.918999999999999
70a12e78e608ac31179aea7f8422044b,SP,consoles_games,720.0,9,4.0,16.288
70a12e78e608ac31179aea7f8422044b,SP,construction_tools_construction,89.0,1,5.0,18.72
70a12e78e608ac31179aea7f8422044b,SP,cool_stuff,455.0,4,4.75,19.4725
70a12e78e608ac31179aea7f8422044b,SP,electronics,3815.69,31,3.75,15.073939393939394
70a12e78e608ac31179aea7f8422044b,SP,fixed_telephony,270.0,3,2.3333333333333335,14.883333333333335
70a12e78e608ac31179aea7f8422044b,SP,health_beauty,4258.0,42,3.880952380952381,23.262142857142855
70a12e78e608ac31179aea7f8422044b,SP,housewares,196.0,4,4.75,14.3125
70a12e78e608ac31179aea7f8422044b,SP,perfumery,128.0,2,4.5,13.13
70a12e78e608ac31179aea7f8422044b,SP,signaling_and_security,174.0,1,1.0,12.95
70a12e78e608ac31179aea7f8422044b,SP,sports_leisure,852.0,6,3.4,15.363333333333332
70a12e78e608ac31179aea7f8422044b,SP,telephony,5600.3,67,3.7,16.79057142857143
70b52a4cfc823994561b00bad161b4ed,SP,auto,585.0,8,4.5,10.035
70bf57d811208f8923b41bbd499a67a4,SP,cool_stuff,601.4000000000001,6,4.166666666666667,13.401666666666666
70bf57d811208f8923b41bbd499a67a4,SP,health_beauty,179.4,1,4.0,8.52
70c0fda4c313d87115644d39e62eec60,PE,housewares,25.99,1,5.0,37.09
70c27847eca8195c983ed7e798c56743,RJ,pet_shop,12077.52,77,4.204081632653061,14.812857142857144
70c4eedec9cb4a85cda2f3f9673557b4,SP,computers_accessories,239.9,1,5.0,13.18
70ee69419916dc13e3aed619061f996c,SP,furniture_decor,45.0,1,3.0,8.72
70eea00b476a314817cefde4aad4f89a,SP,construction_tools_lights,1290.0,1,5.0,20.23
70eea00b476a314817cefde4aad4f89a,SP,cool_stuff,349.0,1,5.0,66.0
70eea00b476a314817cefde4aad4f89a,SP,garden_tools,444.5,4,4.0,16.808
70eea00b476a314817cefde4aad4f89a,SP,housewares,1384.0,8,3.4444444444444446,23.913333333333334
70eea00b476a314817cefde4aad4f89a,SP,kitchen_dining_laundry_garden_furniture,1440.0,5,5.0,36.098
70eea00b476a314817cefde4aad4f89a,SP,sports_leisure,26517.25,87,4.444444444444445,23.724505494505493
70f7e8018e3d46c748c92f026aa2585a,SP,health_beauty,239.8,1,5.0,18.94
70f84699be677ec988d1fa824aef7d90,MG,musical_instruments,1588.3,5,4.6,23.228
71039d19d4303bf9054d69e9a9236699,SP,cool_stuff,1034.4,6,3.5,24.53
71039d19d4303bf9054d69e9a9236699,SP,sports_leisure,1769.3,7,3.857142857142857,23.30857142857143
71039d19d4303bf9054d69e9a9236699,SP,toys,733.5,22,3.68,12.4444
710e3548e02bc1d2831dfc4f1b5b14d4,PR,auto,609.82,9,3.6666666666666665,18.403333333333332
710e3548e02bc1d2831dfc4f1b5b14d4,PR,computers_accessories,2999.7,28,1.8333333333333333,21.382
710e3548e02bc1d2831dfc4f1b5b14d4,PR,costruction_tools_garden,579.98,1,5.0,22.35
710e3548e02bc1d2831dfc4f1b5b14d4,PR,electronics,259.98,2,4.5,15.31
710e3548e02bc1d2831dfc4f1b5b14d4,PR,furniture_decor,14034.06,71,3.904109589041096,32.99391891891892
710e3548e02bc1d2831dfc4f1b5b14d4,PR,market_place,119.89,2,4.5,18.825
710e3548e02bc1d2831dfc4f1b5b14d4,PR,pet_shop,3129.8900000000003,11,3.8181818181818183,25.12909090909091
710e3548e02bc1d2831dfc4f1b5b14d4,PR,sports_leisure,185.96,4,4.75,14.467500000000001
710e3548e02bc1d2831dfc4f1b5b14d4,PR,watches_gifts,449.97,3,3.0,15.586666666666668
71271995e85f5b8530be99ed54a91b89,RS,housewares,582.0,6,3.0,15.358333333333334
712e6ed8aa4aa1fa65dab41fed5737e4,SC,auto,39385.0,77,3.4642857142857144,79.58611764705881
712efd3b68f9686dc856b84abd0f21ae,PR,baby,139.0,1,4.0,17.16
7139dc5186aa238b006e066d8fbab2e4,SP,art,228.0,4,4.5,20.8575
7139dc5186aa238b006e066d8fbab2e4,SP,costruction_tools_tools,155.0,5,5.0,16.866
7139dc5186aa238b006e066d8fbab2e4,SP,furniture_decor,1329.0,13,3.7333333333333334,24.544666666666664
713e3a23ca5e47786eb6f0d99f94cfac,PR,baby,1126.0,4,4.75,21.7575
7142540dd4c91e2237acb7e911c4eba2,SP,auto,28067.48,225,4.030837004405286,21.784757709251103
7142540dd4c91e2237acb7e911c4eba2,SP,fashion_shoes,9114.460000000001,91,4.1313131313131315,18.798019801980196
714b9a1332840f257b49f476bea4e341,SP,computers_accessories,1499.94,6,3.3333333333333335,26.358333333333334
71592660bbcb6a4664e97b6f8b68babc,SP,computers_accessories,564.36,2,4.5,34.18
71592660bbcb6a4664e97b6f8b68babc,SP,construction_tools_safety,630.9,2,4.0,19.97
71592660bbcb6a4664e97b6f8b68babc,SP,electronics,65.6,1,4.0,14.55
71592660bbcb6a4664e97b6f8b68babc,SP,garden_tools,766.32,1,5.0,25.26
71593c7413973a1e160057b80d4958f6,SP,air_conditioning,119.8,1,1.0,9.17
71593c7413973a1e160057b80d4958f6,SP,furniture_decor,179.7,1,5.0,9.17
715bbd5ba4e6b74cb0d2f29eb45058b0,SP,furniture_decor,1602.6000000000001,24,4.75,18.215
715bbd5ba4e6b74cb0d2f29eb45058b0,SP,housewares,184.0,4,4.75,26.5475
715bbd5ba4e6b74cb0d2f29eb45058b0,SP,kitchen_dining_laundry_garden_furniture,973.0,6,3.5714285714285716,36.11
715bbd5ba4e6b74cb0d2f29eb45058b0,SP,stationery,64.9,2,5.0,14.635
715bbd5ba4e6b74cb0d2f29eb45058b0,SP,watches_gifts,1218.8,26,4.37037037037037,16.562592592592594
7178e1eaa97257d8b6d4b80efd77a025,SP,costruction_tools_tools,167.9,1,5.0,16.81
7178f9f4dd81dcef02f62acdf8151e01,SC,audio,129.9,1,3.0,15.66
7178f9f4dd81dcef02f62acdf8151e01,SC,auto,672.5,13,4.266666666666667,18.053333333333335
7178f9f4dd81dcef02f62acdf8151e01,SC,baby,567.0,3,4.333333333333333,29.813333333333333
7178f9f4dd81dcef02f62acdf8151e01,SC,computers_accessories,2207.0,26,3.7037037037037037,19.785555555555558
7178f9f4dd81dcef02f62acdf8151e01,SC,electronics,2257.6,24,4.16,17.6612
7178f9f4dd81dcef02f62acdf8151e01,SC,food,99.78,2,4.5,18.725
7178f9f4dd81dcef02f62acdf8151e01,SC,garden_tools,49.9,1,1.0,15.1
7178f9f4dd81dcef02f62acdf8151e01,SC,health_beauty,3385.0,54,3.9672131147540983,21.125573770491805
7178f9f4dd81dcef02f62acdf8151e01,SC,home_appliances,104.69999999999999,3,3.6666666666666665,15.1
7178f9f4dd81dcef02f62acdf8151e01,SC,home_construction,320.0,1,2.0,16.99
7178f9f4dd81dcef02f62acdf8151e01,SC,musical_instruments,9099.36,19,4.105263157894737,22.549500000000002
7178f9f4dd81dcef02f62acdf8151e01,SC,perfumery,17295.76,52,4.365384615384615,21.417307692307695
7178f9f4dd81dcef02f62acdf8151e01,SC,stationery,9.9,1,5.0,16.79
7178f9f4dd81dcef02f62acdf8151e01,SC,telephony,597.0,2,2.3333333333333335,16.14
717b78b0950b51ed00b1471d858b0edc,SP,housewares,138.6,5,4.0,16.23
718539d38d07dd351c76db862760e2e2,SP,cool_stuff,99.9,1,5.0,34.91
718539d38d07dd351c76db862760e2e2,SP,pet_shop,1173.11,34,4.476190476190476,14.278333333333334
71dc18fd8cbf5fd77f45dd8b427abb34,PR,garden_tools,1080.0,4,5.0,16.6
7202e2ba20579a9bd1acb29e61fe71f6,SP,auto,1239.3,7,4.0,32.332857142857144
7202e2ba20579a9bd1acb29e61fe71f6,SP,telephony,10846.4,44,3.933333333333333,19.67782608695652
720e6cf846ea7572cbb66b743fb91e6c,SP,health_beauty,54.0,1,5.0,14.55
7210cd29727d674c00741e5e387b3ccd,SP,food,135.56,1,1.0,8.4
7210cd29727d674c00741e5e387b3ccd,SP,food_drink,29.98,1,5.0,8.37
7210cd29727d674c00741e5e387b3ccd,SP,furniture_decor,45.8,1,5.0,17.93
7210cd29727d674c00741e5e387b3ccd,SP,health_beauty,194.96999999999997,3,4.666666666666667,10.043333333333333
7210cd29727d674c00741e5e387b3ccd,SP,perfumery,322.78,3,5.0,12.376666666666665
72146da5774cabf2632faedcae097a76,PR,health_beauty,14.99,1,5.0,22.06
72146da5774cabf2632faedcae097a76,PR,signaling_and_security,185.95,3,4.2,17.686
7238a95bb63ef7e498389fb863b834a1,SP,agro_industry_and_commerce,228.0,3,5.0,17.0
7238a95bb63ef7e498389fb863b834a1,SP,baby,1436.7,7,4.428571428571429,47.221428571428575
7238a95bb63ef7e498389fb863b834a1,SP,costruction_tools_garden,601.0,5,5.0,37.572
7238f877570096ae403c51898fa64566,SP,cool_stuff,1200.0,3,5.0,16.506666666666664
723a46b89fd5c3ed78ccdf039e33ac63,RS,auto,66.64,1,4.0,23.4
723cd880edaacdb998898b67c8f9da30,SP,bed_bath_table,1736.57,7,3.875,40.40625
723cd880edaacdb998898b67c8f9da30,SP,furniture_living_room,399.96,4,4.75,22.4625
72431a818f97fe6ab9c81eee3e297e54,SP,auto,229.9,1,5.0,19.49
725af026f869236a8dd0ceb98564d156,MG,housewares,810.72,5,4.4,25.189999999999998
725c32fa80c2faacc4fc88450d27314e,SP,baby,272.87,3,4.5,14.413333333333334
725c32fa80c2faacc4fc88450d27314e,SP,toys,7566.01,86,4.53932584269663,14.272666666666666
7299e27ed73d2ad986de7f7c77d919fa,MG,art,340.0,3,4.0,16.243333333333336
7299e27ed73d2ad986de7f7c77d919fa,MG,auto,1500.0,1,5.0,126.65
7299e27ed73d2ad986de7f7c77d919fa,MG,baby,24.9,1,4.0,13.47
7299e27ed73d2ad986de7f7c77d919fa,MG,bed_bath_table,67.99,1,5.0,17.73
7299e27ed73d2ad986de7f7c77d919fa,MG,consoles_games,12780.22,151,4.559006211180124,19.06366459627329
7299e27ed73d2ad986de7f7c77d919fa,MG,cool_stuff,939.98,2,4.5,32.625
7299e27ed73d2ad986de7f7c77d919fa,MG,food,260.0,2,4.0,15.3
7299e27ed73d2ad986de7f7c77d919fa,MG,furniture_decor,249.99,1,5.0,37.07
7299e27ed73d2ad986de7f7c77d919fa,MG,housewares,1650.24,73,4.177215189873418,15.257341772151898
7299e27ed73d2ad986de7f7c77d919fa,MG,small_appliances,449.95,8,4.3,15.488999999999999
7299e27ed73d2ad986de7f7c77d919fa,MG,sports_leisure,1739.89,11,4.0,18.288181818181815
7299e27ed73d2ad986de7f7c77d919fa,MG,toys,13444.289999999999,80,4.4941176470588236,21.383529411764705
7299e27ed73d2ad986de7f7c77d919fa,MG,watches_gifts,659.99,1,5.0,16.75
729b2d09b2a0bdab221076327f13d050,SP,health_beauty,1249.32,30,4.526315789473684,15.712894736842106
729b2d09b2a0bdab221076327f13d050,SP,sports_leisure,555.89,18,4.681818181818182,15.34590909090909
729f06993dac8e860d4f02d7088ca48a,SP,housewares,15997.779999999999,71,4.232558139534884,49.14563218390805
729f06993dac8e860d4f02d7088ca48a,SP,pet_shop,3887.4,23,4.653846153846154,24.516153846153845
72bc2cce903c872fe376a8faaa81d237,SP,books_general_interest,287.3,7,5.0,9.68857142857143
72bc2cce903c872fe376a8faaa81d237,SP,books_technical,1861.9,10,4.090909090909091,17.08636363636364
72c38a04bd6a1c3dbc5298425a0db86d,PR,computers_accessories,270.4,2,4.333333333333333,24.16333333333333
72c38a04bd6a1c3dbc5298425a0db86d,PR,consoles_games,284.9,1,5.0,18.29
72c38a04bd6a1c3dbc5298425a0db86d,PR,electronics,92.0,1,1.0,22.57
72c5da29406b4234927b81855e7b64f6,SP,auto,1578.93,7,3.5714285714285716,32.43571428571429
72c5da29406b4234927b81855e7b64f6,SP,construction_tools_construction,10219.76,24,4.291666666666667,26.11375
72c73be2b085b9d57650dd53eb2004c9,SP,auto,29.4,1,5.0,17.92
730937bf88cb151eb2eb849f642fc213,SP,sports_leisure,2821.2,22,4.423076923076923,17.537307692307692
7315baebc0572ff220d226283dc66728,SP,health_beauty,23.9,1,3.0,11.85
731ef20c231d9a7103a425e83fd91271,SC,kitchen_dining_laundry_garden_furniture,1692.0,2,3.6666666666666665,168.53333333333333
734def04b237117a09321dd6d8f3f2a2,SP,musical_instruments,1085.99,1,5.0,18.94
734def04b237117a09321dd6d8f3f2a2,SP,toys,166.44,1,5.0,9.86
7354220fb240bde543b3c40c060d41e7,DF,computers_accessories,380.0,5,4.4,25.727999999999998
7354220fb240bde543b3c40c060d41e7,DF,consoles_games,167.0,1,5.0,19.05
7354220fb240bde543b3c40c060d41e7,DF,luggage_accessories,125.0,1,5.0,17.44
7357b52d27cbaa90f81a96cbc1279396,MG,cool_stuff,53.65,1,5.0,15.26
7357b52d27cbaa90f81a96cbc1279396,MG,housewares,1274.37,11,4.2727272727272725,18.413636363636364
739c7d7be81f63812dea0d1b1451c651,PB,housewares,77.5,2,4.0,35.9
73a63f72308aa20a46f4b1632018f196,PR,construction_tools_construction,256.8,3,3.0,24.73
73a63f72308aa20a46f4b1632018f196,PR,garden_tools,6814.15,22,4.392857142857143,28.345172413793104
73a63f72308aa20a46f4b1632018f196,PR,industry_commerce_and_business,569.8499999999999,2,5.0,33.699999999999996
73b8eb4a9a729d4019b24ed1be748cbf,SP,auto,325.4,5,4.8,8.86
73b8eb4a9a729d4019b24ed1be748cbf,SP,toys,243.5,2,5.0,21.15
73da1880b39c71de2b262bc7720c1494,SP,housewares,398.0,2,5.0,23.495
740205fedfe4e90ca6857bc77db0f2b4,SP,small_appliances,229.9,1,5.0,21.93
7402d13c03a7e91366337cd1de471144,PR,kitchen_dining_laundry_garden_furniture,113.9,2,4.5,21.32
7402d13c03a7e91366337cd1de471144,PR,office_furniture,359.99,1,4.0,68.26
741f8c587cb4248ebc5b779a0e8e0e51,SP,home_appliances,35.99,1,5.0,19.44
741f8c587cb4248ebc5b779a0e8e0e51,SP,housewares,34.98,2,3.0,11.315
741f8c587cb4248ebc5b779a0e8e0e51,SP,pet_shop,5.99,1,4.0,7.39
741f8c587cb4248ebc5b779a0e8e0e51,SP,stationery,12.99,1,5.0,18.23
744dac408745240a2c2528fb1b6028f3,PR,audio,298.0,1,5.0,15.84
744dac408745240a2c2528fb1b6028f3,PR,electronics,697.8,4,5.0,17.4325
744dac408745240a2c2528fb1b6028f3,PR,industry_commerce_and_business,1496.0,2,5.0,27.025
744dac408745240a2c2528fb1b6028f3,PR,watches_gifts,19830.8,71,4.5131578947368425,22.870789473684212
74636e24f01da9268b0ed88dacd8513e,SP,housewares,567.0,3,5.0,74.90333333333334
74636e24f01da9268b0ed88dacd8513e,SP,sports_leisure,209.0,1,1.0,47.9
747c1cdcd1737dcfbd1547f6eb6f2cf3,SP,bed_bath_table,193.1,2,2.5,14.635
747e73c01a4593d4cf60dcf970fd2689,PE,watches_gifts,2217.99,3,4.333333333333333,41.25666666666667
74871d19219c7d518d0090283e03c137,SP,cool_stuff,203.8,1,5.0,15.52
74871d19219c7d518d0090283e03c137,SP,food_drink,60.0,1,5.0,11.23
74871d19219c7d518d0090283e03c137,SP,sports_leisure,286.24,4,5.0,12.4725
7494d0dcba8551df6cf37f1b905dc2f7,SP,computers_accessories,45.9,1,3.0,17.07
74a9b9bddf14ece02beb81f52c41a88d,SP,cool_stuff,60.0,1,5.0,17.7
74a9b9bddf14ece02beb81f52c41a88d,SP,toys,35.0,1,2.0,4.36
74bafed391319577bce6f4d2acc0589a,SP,cool_stuff,349.0,1,1.0,58.9
74bafed391319577bce6f4d2acc0589a,SP,health_beauty,1498.0,2,3.5,89.41499999999999
74c7dec0a384d8a05950e629bd23bde9,SP,health_beauty,57.8,2,3.5,14.399999999999999
74c7dec0a384d8a05950e629bd23bde9,SP,perfumery,39.98,2,5.0,11.605
750303a20e9c56b2a6bc45cdce0b897d,GO,auto,49.0,1,5.0,34.15
750303a20e9c56b2a6bc45cdce0b897d,GO,costruction_tools_tools,411.29999999999995,7,4.375,16.935
750303a20e9c56b2a6bc45cdce0b897d,GO,garden_tools,138.6,5,3.6,19.028
750303a20e9c56b2a6bc45cdce0b897d,GO,health_beauty,859.8,7,4.0,21.631428571428575
750303a20e9c56b2a6bc45cdce0b897d,GO,housewares,86.6,3,4.666666666666667,15.299999999999999
750303a20e9c56b2a6bc45cdce0b897d,GO,small_appliances,129.0,1,5.0,43.18
750303a20e9c56b2a6bc45cdce0b897d,GO,sports_leisure,6201.7,29,4.451612903225806,25.2758064516129
751bdc4d83a466c7206cd42e8f426b03,SP,food,369.96,3,4.0,13.98
751bdc4d83a466c7206cd42e8f426b03,SP,food_drink,571.85,10,4.333333333333333,15.157333333333334
751bdc4d83a466c7206cd42e8f426b03,SP,sports_leisure,5579.15,38,3.4893617021276597,15.035510204081632
751e274377499a8503fd6243ad9c56f6,SP,construction_tools_safety,218.0,1,5.0,8.92
75745ef7bc7d4f3ea3380f6f5303f514,DF,drinks,169.9,1,5.0,17.62
75745ef7bc7d4f3ea3380f6f5303f514,DF,toys,58.5,2,5.0,15.65
7586919161935337bf6b6d7ff5779648,RJ,cool_stuff,74.8,1,4.0,14.11
7586919161935337bf6b6d7ff5779648,RJ,sports_leisure,1589.91,10,3.1176470588235294,18.59470588235294
75a4764c108403a7a0575140cb22287c,RS,furniture_living_room,39.91,1,4.0,17.6
75a4764c108403a7a0575140cb22287c,RS,housewares,676.99,4,4.875,24.06875
75d34ebb1bd0bd7dde40dd507b8169c3,BA,computers_accessories,52.97,3,3.3333333333333335,25.80333333333333
75d34ebb1bd0bd7dde40dd507b8169c3,BA,cool_stuff,229.99,1,5.0,26.06
75d34ebb1bd0bd7dde40dd507b8169c3,BA,telephony,12362.380000000001,52,4.0,19.260967741935485
75d34ebb1bd0bd7dde40dd507b8169c3,BA,watches_gifts,10.99,1,4.0,15.79
75fbb52eda0cbc24f479d3b2fbfa8d3e,GO,dvds_blu_ray,1094.19,38,4.487804878048781,21.957560975609756
761681a821d8275bc79f552116d06869,SP,garden_tools,253.73000000000002,2,5.0,69.965
761681a821d8275bc79f552116d06869,SP,industry_commerce_and_business,101.19,1,5.0,20.05
762ed976527cddf02787edba70fffa2a,PR,furniture_decor,100.0,1,2.0,16.79
762ed976527cddf02787edba70fffa2a,PR,home_construction,79.8,2,2.5,13.37
762fafdaa57a532ee0119731697579dd,SP,cool_stuff,49.0,2,5.0,10.129999999999999
762fafdaa57a532ee0119731697579dd,SP,toys,157.7,3,5.0,11.303333333333333
76623fde66e6b63b59440fd34160512d,SP,fashion_bags_accessories,65.4,3,4.0,7.78
7681ef142fd2c19048da7430856b5588,SP,computers,27468.92,25,4.2,47.2365
7681ef142fd2c19048da7430856b5588,SP,construction_tools_lights,60.0,1,5.0,16.61
7681ef142fd2c19048da7430856b5588,SP,home_construction,110.0,2,5.0,31.01
7681ef142fd2c19048da7430856b5588,SP,housewares,36.89,1,4.0,11.28
7681ef142fd2c19048da7430856b5588,SP,industry_commerce_and_business,2376.0,23,4.0,30.029999999999998
7681ef142fd2c19048da7430856b5588,SP,music,1100.0,5,4.2,18.884
7681ef142fd2c19048da7430856b5588,SP,sports_leisure,60.0,1,4.0,8.29
76833248bbc0e65a0293ec62023e4396,SP,industry_commerce_and_business,2399.98,2,5.0,115.35
768a86e36ad6aae3d03ee3c6433d61df,SP,baby,186.0,7,4.714285714285714,8.708571428571428
768a86e36ad6aae3d03ee3c6433d61df,SP,toys,401.46,10,4.6,11.928
768de2a4fc06aacecb9a586ccc30746a,DF,books_general_interest,131.6,4,4.5,16.4325
768de2a4fc06aacecb9a586ccc30746a,DF,cool_stuff,311.09999999999997,9,4.333333333333333,17.253333333333334
76c47a299e4a8fe992316a85865acbe9,SP,health_beauty,1024.46,6,4.8,22.188
76d336555bb25f3165d2f0d6da719c40,SP,sports_leisure,165.0,1,3.0,11.76
76d5af76d0271110f9af36c92573f765,SP,construction_tools_lights,352.0,4,4.25,14.8675
76d5af76d0271110f9af36c92573f765,SP,cool_stuff,1197.0,3,4.0,68.05666666666666
76d5af76d0271110f9af36c92573f765,SP,costruction_tools_garden,735.0,1,5.0,23.32
76d5af76d0271110f9af36c92573f765,SP,garden_tools,157.3,5,4.0,12.118
76d5af76d0271110f9af36c92573f765,SP,home_construction,3387.3,11,3.8181818181818183,40.265454545454546
76d5af76d0271110f9af36c92573f765,SP,pet_shop,1027.72,19,4.2,12.637333333333334
76d5af76d0271110f9af36c92573f765,SP,sports_leisure,25088.28,88,4.09,25.915544554455444
76d64c4aca3a7baf218bf93ef7fa768d,PR,auto,1461.9,4,3.75,45.215
76d64c4aca3a7baf218bf93ef7fa768d,PR,bed_bath_table,717.8,5,2.8,22.448
76d64c4aca3a7baf218bf93ef7fa768d,PR,construction_tools_construction,1139.5,4,4.1,43.222
76d64c4aca3a7baf218bf93ef7fa768d,PR,industry_commerce_and_business,3501.8,19,4.043478260869565,21.421304347826087
76d64c4aca3a7baf218bf93ef7fa768d,PR,toys,10090.8,32,4.4375,79.4246875
76de363de16dacc923eec8daf91df504,SC,cool_stuff,250.0,1,4.0,32.4
76de363de16dacc923eec8daf91df504,SC,stationery,110.0,1,1.0,18.02
76ea5315acb3f5f7ade3cd261faf922a,SP,auto,487.7,4,5.0,10.91
76ea5315acb3f5f7ade3cd261faf922a,SP,baby,135.98,2,5.0,18.060000000000002
76ea5315acb3f5f7ade3cd261faf922a,SP,construction_tools_safety,40.8,1,3.0,22.22
76ea5315acb3f5f7ade3cd261faf922a,SP,food,50.9,1,5.0,18.24
76ea5315acb3f5f7ade3cd261faf922a,SP,garden_tools,68.19,2,3.0,12.895
76ea5315acb3f5f7ade3cd261faf922a,SP,housewares,124.69999999999999,3,3.3333333333333335,17.919999999999998
76ea5315acb3f5f7ade3cd261faf922a,SP,toys,178.79000000000002,2,5.0,12.125
77128dec4bec4878c37ab7d6169d6f26,SP,food_drink,6.5,1,5.0,8.72
7722b1df1b0e383e000397b2c11e3e19,SP,fashion_bags_accessories,169.9,1,5.0,18.77
7722b1df1b0e383e000397b2c11e3e19,SP,furniture_decor,1430.65,32,4.193548387096774,13.324375
7722b1df1b0e383e000397b2c11e3e19,SP,health_beauty,42.8,2,4.5,12.495000000000001
7722b1df1b0e383e000397b2c11e3e19,SP,housewares,5043.95,91,4.166666666666667,14.625686274509803
7722b1df1b0e383e000397b2c11e3e19,SP,market_place,39.9,1,5.0,11.85
7722b1df1b0e383e000397b2c11e3e19,SP,perfumery,20.9,1,5.0,24.84
7722b1df1b0e383e000397b2c11e3e19,SP,small_appliances,34.9,1,5.0,15.11
7722b1df1b0e383e000397b2c11e3e19,SP,watches_gifts,153.8,2,5.0,12.325
77530e9772f57a62c906e1c21538ab82,PR,baby,441.0,6,3.3333333333333335,18.200000000000003
77530e9772f57a62c906e1c21538ab82,PR,furniture_decor,45235.6,307,4.099462365591398,21.803521505376345
77714512e8d4dda9c234da8e3faf16e4,SP,computers_accessories,79.8,1,3.0,19.47
77714512e8d4dda9c234da8e3faf16e4,SP,construction_tools_construction,163.6,3,4.5,16.66
777a0c55737f34ffeb78010f7542ab41,SP,health_beauty,289.8,4,4.25,12.4375
777a0c55737f34ffeb78010f7542ab41,SP,perfumery,162.7,2,4.5,13.040000000000001
778323240ce2830d68aab11794e00bfb,SP,health_beauty,189.98000000000002,3,4.333333333333333,17.483333333333334
77a515caa36327151d1cc6c32a9f00e1,SP,stationery,2217.39,26,4.423076923076923,15.238076923076923
77e4abfd739aed9c46480f90f81c0eb4,DF,auto,289.99,1,5.0,18.96
77e4abfd739aed9c46480f90f81c0eb4,DF,cine_photo,598.0,5,5.0,17.668
77e4abfd739aed9c46480f90f81c0eb4,DF,cool_stuff,507.0,4,4.5,15.98
77e4abfd739aed9c46480f90f81c0eb4,DF,stationery,2342.0,8,4.75,23.0
77fccaae319668a8ab6cd0fd16aec48c,RJ,electronics,79.0,1,2.0,18.65
77fccaae319668a8ab6cd0fd16aec48c,RJ,perfumery,501.0,5,4.8,21.362000000000002
77fccaae319668a8ab6cd0fd16aec48c,RJ,sports_leisure,1087.0,5,4.333333333333333,15.996666666666668
7813ea3ebd9411dc600b4dd01f7a97b9,SP,auto,305.9,1,5.0,21.11
7813ea3ebd9411dc600b4dd01f7a97b9,SP,telephony,1293.5,8,3.75,15.685
7816cd9c5b1238e320545f5bf7eb80e8,SP,garden_tools,489.0,1,4.0,22.76
781a66c0d89e30814d49fe8b5e14cd07,SP,cool_stuff,115.0,1,1.0,21.3
782f78b632a43875dd5b53e3e49c9564,SP,furniture_decor,97.34,1,5.0,16.11
784ba75dd9d20200c4caed3d7a77141a,SP,computers_accessories,7605.849999999999,6,3.8333333333333335,62.29
784ba75dd9d20200c4caed3d7a77141a,SP,housewares,182.8,2,4.0,31.74
784ba75dd9d20200c4caed3d7a77141a,SP,stationery,215.89,9,3.772727272727273,12.30909090909091
78744a20ee2f80ba64f6804c25def2b8,PE,furniture_decor,2715.0,6,4.166666666666667,58.975
78813699ffac347fe27dba345a5f1551,RS,drinks,152.42,1,5.0,48.12
788e857f317e53de488d393e65a80f45,SP,stationery,1210.0,11,4.909090909090909,16.813636363636363
788f22bafdd7ab0e1e79f19db72f16a4,SP,auto,69.9,1,5.0,18.59
788f22bafdd7ab0e1e79f19db72f16a4,SP,construction_tools_construction,55.9,1,4.0,7.65
78a4d36f65a019172c6154468831a69f,SP,kitchen_dining_laundry_garden_furniture,1545.5,7,4.285714285714286,31.914285714285715
78ba5933c21686d1c2f64669c8c459e7,SP,bed_bath_table,105.9,1,4.5,9.56
78ba5933c21686d1c2f64669c8c459e7,SP,housewares,85.9,1,4.0,11.21
78c99c6dff4eeae5be99bf635ed21e3f,SP,sports_leisure,2030.88,31,4.333333333333333,17.048461538461538
78ef7e885d17f35e2382a47aae8b8cce,RS,books_technical,388.0,3,4.666666666666667,21.813333333333333
7901646fdd36a55f564ffaf2dbccaaf7,RJ,air_conditioning,8900.08,11,4.923076923076923,18.62153846153846
7901646fdd36a55f564ffaf2dbccaaf7,RJ,garden_tools,2957.0,11,4.0,27.119285714285713
791cfcfe22fe4a771ece27f90017da92,SP,computers_accessories,298.13,1,1.0,17.85
79565f7d5603b24ddf07ade262547f2f,SP,auto,116.0,2,4.5,16.46
79565f7d5603b24ddf07ade262547f2f,SP,furniture_decor,89.0,1,5.0,11.23
7957cac1a02f45d0a4a7e45626382ec2,PR,health_beauty,343.0,1,4.0,21.64
7963e546f34e098b578f9ad102494601,SP,sports_leisure,60.99,1,5.0,21.23
7994081388d55b9cf976c050653dd359,SP,computers_accessories,120.0,1,5.0,14.6
7994b065a7ffb14e71c6312cf87b9de2,ES,furniture_living_room,367.2,4,5.0,21.628
79a679c36c08d606b3fd47ead9de109b,SP,drinks,935.0,3,2.7142857142857144,19.602857142857143
79b93a308a97792cf53ac75f46da00b5,RJ,luggage_accessories,99.9,1,5.0,16.14
79ebd9a61bac3eaf882805ed4ecfa12a,PR,furniture_decor,14783.09,133,4.014285714285714,28.19592857142857
79ed755314cfe6df0daef2c6cd3022cd,SP,bed_bath_table,299.8,1,4.0,20.24
79ed755314cfe6df0daef2c6cd3022cd,SP,construction_tools_lights,99.9,1,5.0,19.89
79ed755314cfe6df0daef2c6cd3022cd,SP,garden_tools,3507.8,21,4.75,18.126818181818184
7a241947449cc45dbfda4f9d0798d9d0,MG,air_conditioning,4014.98,33,4.25,22.94272727272727
7a241947449cc45dbfda4f9d0798d9d0,MG,housewares,3330.6800000000003,22,3.28125,34.45
7a241947449cc45dbfda4f9d0798d9d0,MG,small_appliances,89.0,1,5.0,15.47
7a2d2949aea47fab95fd98d6c9f618b1,PR,pet_shop,912.99,9,4.222222222222222,16.508888888888887
7a2d2949aea47fab95fd98d6c9f618b1,PR,sports_leisure,726.0,2,4.333333333333333,20.886666666666667
7a425d299613df3e613bcf9d2eaf5c49,RJ,perfumery,1218.8,18,4.111111111111111,15.926111111111112
7a67c85e85bb2ce8582c35f2203ad736,SP,baby,6250.0,94,4.1,17.4708
7a67c85e85bb2ce8582c35f2203ad736,SP,cool_stuff,133408.69,1051,4.28414517669532,17.888862559241705
7a704e63bb29c446869efde5d57524c8,PR,auto,94.49,1,5.0,15.41
7a91bf945c6fae0779f1c61ce97fe45c,RJ,health_beauty,634.6,4,4.5,16.292499999999997
7a9c12e235c36247c3c81f50d6ea9cea,SP,toys,983.9000000000001,5,4.6,23.137999999999998
7aa4334be125fcdd2ba64b3180029f14,SP,baby,1512.71,18,3.8333333333333335,15.47777777777778
7aa4334be125fcdd2ba64b3180029f14,SP,bed_bath_table,285.89,7,4.636363636363637,15.055454545454547
7aa4334be125fcdd2ba64b3180029f14,SP,cool_stuff,1559.47,21,4.142857142857143,15.770476190476192
7aa4334be125fcdd2ba64b3180029f14,SP,toys,12654.88,170,4.064516129032258,18.942139037433154
7aa538dd6e114e503a2e6154ea352253,SP,housewares,829.88,3,4.333333333333333,22.613333333333333
7ab0dd5487bab2dc835337b244f689fb,SP,bed_bath_table,12.5,1,5.0,10.96
7ad32824caee82087b3e2e5f33b1bf32,SP,bed_bath_table,22018.1,147,3.785310734463277,19.320555555555554
7ad41305e96a6cab8294cd65891e9a86,SP,sports_leisure,180.0,2,5.0,28.8
7adbd3210a7b3cc2235e225eef33574d,SP,housewares,131.9,3,4.666666666666667,24.319999999999997
7ade73f1b9b4e965f9009a4c3a7e2c15,SP,computers_accessories,312.0,7,4.75,15.32625
7ade73f1b9b4e965f9009a4c3a7e2c15,SP,electronics,79.9,1,5.0,14.14
7ade73f1b9b4e965f9009a4c3a7e2c15,SP,furniture_decor,164.9,2,5.0,16.855
7ade73f1b9b4e965f9009a4c3a7e2c15,SP,home_appliances,559.3000000000001,7,4.857142857142857,17.15714285714286
7ade73f1b9b4e965f9009a4c3a7e2c15,SP,housewares,669.2,8,4.75,16.8975
7ade73f1b9b4e965f9009a4c3a7e2c15,SP,pet_shop,50.0,1,4.0,13.71
7b07b3c7487f0ea825fc6df75abd658b,SP,fashion_bags_accessories,946.0,4,3.25,15.592500000000001
7b07b3c7487f0ea825fc6df75abd658b,SP,sports_leisure,8313.47,87,4.445652173913044,13.373043478260868
7b0df942f46435babab05d49b744b2c4,SP,musical_instruments,22241.63,31,4.366666666666666,21.092903225806452
7b0df942f46435babab05d49b744b2c4,SP,toys,359.0,1,5.0,18.27
7b1222c3624aa89b9558b50a2594188c,SP,health_beauty,144.99,1,5.0,16.22
7b1222c3624aa89b9558b50a2594188c,SP,market_place,924.6,4,3.5,15.815
7b1222c3624aa89b9558b50a2594188c,SP,toys,9033.93,17,4.647058823529412,22.240588235294116
7b3447b497e55af8c15fc7bd89d7b81a,SP,sports_leisure,49.9,1,5.0,20.75
7b7ed56ae755e2880f2b69632e839c1e,GO,housewares,321.5,5,4.2,27.02
7b7f91e98f8c6def45a1407923304402,SP,computers_accessories,23.7,1,5.0,22.06
7b7f91e98f8c6def45a1407923304402,SP,home_appliances_2,88.87,2,5.0,17.125
7b7f91e98f8c6def45a1407923304402,SP,housewares,304.9,8,3.090909090909091,13.337272727272728
7b8e8ec35bad4b0ef7e3963650b0a87b,SC,air_conditioning,264.88,2,5.0,34.225
7b8e8ec35bad4b0ef7e3963650b0a87b,SC,auto,1979.3999999999999,3,4.666666666666667,101.19
7b98de631987e26dd6d803490c43a13c,PR,construction_tools_construction,447.40000000000003,6,4.666666666666667,17.675
7b98de631987e26dd6d803490c43a13c,PR,home_construction,186.8,2,4.5,19.19
7bac63f6603d382cc8d0832eb6c100a8,SP,garden_tools,2668.99,6,4.666666666666667,24.646666666666665
7bac63f6603d382cc8d0832eb6c100a8,SP,health_beauty,145.0,1,1.0,19.98
7bac63f6603d382cc8d0832eb6c100a8,SP,home_appliances,2796.0,4,3.5,20.2025
7bac63f6603d382cc8d0832eb6c100a8,SP,sports_leisure,2141.96,8,4.125,14.2475
7bcd7c5f8631701474db233ccf1c094b,SP,sports_leisure,179.0,2,4.0,14.325
7c1fea10b5b006671d608b1d7c446ec4,SP,auto,44.9,1,4.0,12.79
7c1fea10b5b006671d608b1d7c446ec4,SP,housewares,29.9,1,4.0,7.75
7c1fea10b5b006671d608b1d7c446ec4,SP,telephony,313.9,11,3.909090909090909,16.85272727272727
7c4402417d51474d4d0cda9557340e40,SP,housewares,119.9,1,5.0,27.69
7c4618c82226628831613e95e9c22f44,SP,sports_leisure,333.93,13,4.076923076923077,12.733846153846153
7c462184585ae80bd6e5774c62ce50f2,SP,baby,60.0,1,3.0,8.82
7c4adcc13272c0e26fa23aac642adb7b,RJ,auto,135.0,2,3.0,15.315000000000001
7c51de0ab286204ce75ff42bf7c10d92,SC,health_beauty,759.0,4,4.5,37.41
7c5b05cbdb5542049f38d90d7815b97d,SP,books_imported,993.97,21,4.565217391304348,12.996521739130435
7c67e1448b00f6e969d365cea6b010ab,SP,auto,239.95,3,1.3333333333333333,31.796666666666667
7c67e1448b00f6e969d365cea6b010ab,SP,baby,549.8199999999999,3,3.6666666666666665,74.62333333333333
7c67e1448b00f6e969d365cea6b010ab,SP,furniture_decor,10178.89,67,3.10989010989011,37.51032967032967
7c67e1448b00f6e969d365cea6b010ab,SP,furniture_living_room,1609.65,9,2.5,35.9375
7c67e1448b00f6e969d365cea6b010ab,SP,office_furniture,171605.82,882,3.390304026294166,37.794411764705885
7c67e1448b00f6e969d365cea6b010ab,SP,sports_leisure,2385.92,14,2.6470588235294117,37.14333333333333
7c9130f5f3729edd32aa059141d92484,SP,computers_accessories,126.0,3,3.75,16.7875
7caa63f175b1cecbfaadd8b5ab9998c7,SP,bed_bath_table,19.9,1,1.0,7.74
7cb946b1ad19faebe28c3e86c2794ec3,MG,health_beauty,25.0,1,5.0,15.1
7cf4ea70955b00d6b3c22542598e2715,SP,small_appliances,189.9,1,5.0,14.91
7d13fca15225358621be4086e1eb0964,SP,audio,18561.65,47,3.9574468085106385,19.7068085106383
7d13fca15225358621be4086e1eb0964,SP,cool_stuff,360.0,2,3.0,18.555
7d13fca15225358621be4086e1eb0964,SP,electronics,3074.65,15,3.7333333333333334,19.14466666666667
7d13fca15225358621be4086e1eb0964,SP,market_place,287.6,2,4.5,32.699999999999996
7d13fca15225358621be4086e1eb0964,SP,perfumery,220.0,2,5.0,18.87
7d13fca15225358621be4086e1eb0964,SP,sports_leisure,1013.0,2,4.5,21.535
7d13fca15225358621be4086e1eb0964,SP,watches_gifts,88919.28,489,4.028112449799197,14.174810379241517
7d294cf9a6a69dc6a0c3e540fff0e039,SC,baby,257.25,5,4.4,38.826
7d456afc660226829370f3173d14520c,SP,bed_bath_table,4700.35,28,4.142857142857143,19.735238095238095
7d456afc660226829370f3173d14520c,SP,furniture_decor,25.0,1,5.0,2.02
7d456afc660226829370f3173d14520c,SP,health_beauty,80.0,2,4.333333333333333,7.706666666666666
7d456afc660226829370f3173d14520c,SP,market_place,3202.9,23,4.257142857142857,14.98942857142857
7d456afc660226829370f3173d14520c,SP,perfumery,110.0,3,5.0,11.902
7d484ca289afaac6bf5fc6a1e96d2226,MS,toys,183.2,2,4.0,32.61
7d76b645482be4a332374e8223836592,SP,auto,62.699999999999996,3,3.6666666666666665,9.136666666666667
7d76b645482be4a332374e8223836592,SP,telephony,3703.04,169,3.9719101123595504,13.859
7d7866a99a8656a42c7ff6352a433410,SP,bed_bath_table,49.0,1,5.0,16.53
7d7866a99a8656a42c7ff6352a433410,SP,housewares,28.99,1,5.0,8.95
7d7866a99a8656a42c7ff6352a433410,SP,party_supplies,69.9,3,4.0,11.336666666666668
7d7d2b7a51328016102d4528c411d630,SP,bed_bath_table,616.0,3,4.333333333333333,34.29
7d7d2b7a51328016102d4528c411d630,SP,housewares,302.8,4,4.0,19.295
7d81e74a4755b552267cd5e081563028,SP,construction_tools_construction,32.5,1,4.0,7.49
7d948535954aaf8c5d39db007f74372e,SP,baby,49.0,1,3.0,8.82
7d948535954aaf8c5d39db007f74372e,SP,fashio_female_clothing,145.0,3,4.0,11.659999999999998
7daca0837f033a41a6f3428c18657533,SP,housewares,1228.98,7,3.5714285714285716,24.02285714285714
7dc8c42cc750eeafea6c85712ffee9bf,SP,cool_stuff,69.98,2,5.0,14.195
7dc8c42cc750eeafea6c85712ffee9bf,SP,costruction_tools_garden,79.98,1,2.0,9.03
7dc8c42cc750eeafea6c85712ffee9bf,SP,electronics,19.98,2,5.0,8.88
7dc8c42cc750eeafea6c85712ffee9bf,SP,furniture_decor,1473.98,7,4.125,16.43375
7dc8c42cc750eeafea6c85712ffee9bf,SP,health_beauty,454.0,6,4.166666666666667,18.271666666666665
7dc8c42cc750eeafea6c85712ffee9bf,SP,home_appliances,159.0,1,4.0,13.02
7dc8c42cc750eeafea6c85712ffee9bf,SP,home_confort,299.0,1,1.0,26.93
7dc8c42cc750eeafea6c85712ffee9bf,SP,housewares,3853.76,21,4.5,24.648214285714285
7dc9a3355bae96dd82008b313d3a456c,MG,pet_shop,899.0,1,5.0,50.62
7ddcbb64b5bc1ef36ca8c151f6ec77df,SP,auto,1065.69,31,4.161290322580645,14.013225806451612
7ddcbb64b5bc1ef36ca8c151f6ec77df,SP,computers_accessories,1803.5,46,3.96,13.1394
7ddcbb64b5bc1ef36ca8c151f6ec77df,SP,consoles_games,9354.91,9,4.333333333333333,31.278888888888886
7ddcbb64b5bc1ef36ca8c151f6ec77df,SP,cool_stuff,27013.33,166,3.9634146341463414,22.096586826347306
7ddcbb64b5bc1ef36ca8c151f6ec77df,SP,electronics,1527.89,9,3.272727272727273,14.085454545454546
7ddcbb64b5bc1ef36ca8c151f6ec77df,SP,health_beauty,2441.9,10,4.0,15.472999999999999
7ddcbb64b5bc1ef36ca8c151f6ec77df,SP,luggage_accessories,8737.64,36,3.9166666666666665,54.148888888888884
7ddcbb64b5bc1ef36ca8c151f6ec77df,SP,sports_leisure,2182.84,14,3.96875,24.388125
7ddcbb64b5bc1ef36ca8c151f6ec77df,SP,toys,307.96,4,5.0,13.7075
7dea6f73af847b42cc3985bd620f994d,PR,kitchen_dining_laundry_garden_furniture,324.0,2,4.0,28.085
7df1fc11cc5cbc518b39faa60cf5d67c,MS,auto,1037.6,5,4.2,26.872000000000003
7e1fb0a3ebfb01ffb3a7dae98bf3238d,SP,health_beauty,23450.6,134,4.082758620689655,17.298979591836734
7e1fb0a3ebfb01ffb3a7dae98bf3238d,SP,sports_leisure,2718.93,21,4.636363636363637,15.460909090909091
7e26c750b4cb9f6766f58265ff9ebe95,MG,health_beauty,150.0,3,3.3333333333333335,14.520000000000001
7e3f87d16fb353f408d467e74fbd8014,SP,computers_accessories,3310.9900000000002,71,4.166666666666667,15.562777777777777
7e3f87d16fb353f408d467e74fbd8014,SP,cool_stuff,64.9,1,5.0,15.55
7e3f87d16fb353f408d467e74fbd8014,SP,electronics,322.5,4,4.8,12.654
7e3f87d16fb353f408d467e74fbd8014,SP,furniture_decor,912.9,13,4.0,15.055384615384614
7e3f87d16fb353f408d467e74fbd8014,SP,home_construction,20.9,1,5.0,12.81
7e3f87d16fb353f408d467e74fbd8014,SP,stationery,20.9,1,1.0,7.41
7e79d65b5c6f1f544b7daea036acf720,SP,toys,517.8,4,4.5,15.5225
7e93a43ef30c4f03f38b393420bc753a,SP,audio,2033.98,8,4.428571428571429,18.375
7e93a43ef30c4f03f38b393420bc753a,SP,cool_stuff,957.26,4,4.0,16.5625
7e93a43ef30c4f03f38b393420bc753a,SP,electronics,557.99,3,3.6666666666666665,13.219999999999999
7e93a43ef30c4f03f38b393420bc753a,SP,food,274.99,1,5.0,10.74
7e93a43ef30c4f03f38b393420bc753a,SP,health_beauty,675.38,2,3.0,17.57
7e93a43ef30c4f03f38b393420bc753a,SP,sports_leisure,1394.23,6,5.0,18.261666666666667
7e93a43ef30c4f03f38b393420bc753a,SP,watches_gifts,160087.66,296,4.369127516778524,18.73724832214765
7ea5bfa6c340f58f8e71fc1f0412b0d6,MG,baby,10633.49,92,4.279569892473118,16.235744680851063
7ea5bfa6c340f58f8e71fc1f0412b0d6,MG,cool_stuff,169.92999999999998,3,2.7142857142857144,13.084285714285715
7ea5bfa6c340f58f8e71fc1f0412b0d6,MG,toys,34.99,1,1.0,14.1
7ecd59e5e20407131822c1a68ac59c1f,DF,stationery,1466.71,24,4.482758620689655,20.269310344827588
7ecef8194babfec876ca720714327841,SP,construction_tools_construction,728.6,4,4.0,9.906
7ecef8194babfec876ca720714327841,SP,home_construction,129.9,1,5.0,45.37
7ecef8194babfec876ca720714327841,SP,housewares,132.0,2,4.5,14.43
7f02656561b680def9986c0795a8a080,SP,housewares,42.0,1,5.0,11.85
7f152321c60a266edc53af1925ef96c1,SC,sports_leisure,3919.8,20,3.8,27.606
7f2617c58d5d06806987308b45654351,SP,sports_leisure,3656.8,22,3.869565217391304,14.194347826086956
7f35f9daf223da737b78738fbae4d977,SP,diapers_and_hygiene,180.0,3,3.3333333333333335,19.97
7f35f9daf223da737b78738fbae4d977,SP,perfumery,72.0,2,5.0,20.55
7f40d06aa0b5f1aa4f41af8c0480e2ef,SP,food,49.99,1,4.0,11.37
7f40d06aa0b5f1aa4f41af8c0480e2ef,SP,toys,1259.95,5,5.0,22.862000000000002
7f5e4d5efad7e44b91115dd1decb65f3,SP,computers_accessories,179.9,3,5.0,8.602222222222222
7f7b8245c336066a1f9933c359f11d77,SP,baby,64.8,2,3.0,29.28
7f7b8245c336066a1f9933c359f11d77,SP,books_general_interest,54.5,4,4.4,7.742
7f7b8245c336066a1f9933c359f11d77,SP,books_technical,31.9,1,5.0,12.79
7f7b8245c336066a1f9933c359f11d77,SP,computers_accessories,39.9,1,5.0,7.71
7f7b8245c336066a1f9933c359f11d77,SP,food,116.85000000000001,1,5.0,18.37
7f7b8245c336066a1f9933c359f11d77,SP,health_beauty,1380.06,25,4.555555555555555,11.524444444444445
7f7b8245c336066a1f9933c359f11d77,SP,housewares,94.0,1,5.0,13.1
7f7b8245c336066a1f9933c359f11d77,SP,toys,312.35,3,5.0,12.910000000000002
7fc87cc3e89b3d1d5cabdca32f8485aa,SP,furniture_living_room,73.8,2,5.0,8.280000000000001
7fc87cc3e89b3d1d5cabdca32f8485aa,SP,office_furniture,1810.3,10,3.4,56.443
7fc87cc3e89b3d1d5cabdca32f8485aa,SP,stationery,269.8,2,3.0,50.465
7fdb0720c8d7c9075538b365dc8c3a22,PR,furniture_bedroom,1435.0,5,2.8,59.001999999999995
7fdb0720c8d7c9075538b365dc8c3a22,PR,furniture_decor,69.0,1,1.0,50.77
7fdb0720c8d7c9075538b365dc8c3a22,PR,furniture_living_room,300.0,3,2.25,34.6325
7fe21dd00d2f4943ae09525efa2fd674,RJ,fashion_bags_accessories,169.8,2,5.0,9.605
7ff588a03c2aeae4fbd23f9ae64b760d,SP,auto,1182.2,14,4.6875,13.82375
800214c63934acd05d47e84214db8ba8,SC,luggage_accessories,139.8,2,5.0,15.795
800214c63934acd05d47e84214db8ba8,SC,sports_leisure,59.9,1,5.0,19.12
804287717b9156fb7a787acd9af4fac1,PR,toys,18.8,1,5.0,15.1
8060d731897e33b5c5ae575ce1e209e1,SP,sports_leisure,199.5,5,4.8,18.29
808d4348b916efa08e766ebad39f61eb,SP,perfumery,712.95,20,4.6,13.429499999999999
8090490573c6c0aa343a7231ebcb8c86,SP,art,323.84,7,5.0,15.214285714285714
8090490573c6c0aa343a7231ebcb8c86,SP,health_beauty,2750.6,13,4.0,17.036153846153844
8090490573c6c0aa343a7231ebcb8c86,SP,sports_leisure,598.6800000000001,4,3.5,15.015
8090490573c6c0aa343a7231ebcb8c86,SP,toys,198.0,2,4.0,19.439999999999998
809413606dbfe5deefd2db646693ef67,SP,food_drink,196.68,3,4.2,10.074
80ceebb4ee9b31afb6c6a916a574a1e2,PR,computers,6729.0,1,,193.21
80cfd480be3eb6d6267139f5cb793555,SP,stationery,99.9,1,4.0,26.44
80e6699fe29150b372a0c8a1ebf7dcc8,PR,auto,239.8,2,5.0,37.8
80e6699fe29150b372a0c8a1ebf7dcc8,PR,garden_tools,475.6,4,4.25,15.907499999999999
80e6699fe29150b372a0c8a1ebf7dcc8,PR,sports_leisure,9777.460000000001,85,4.3604651162790695,27.712988505747127
80f2cf9abf6b5a0e5c612b5eea6646e6,SP,baby,554.1800000000001,5,5.0,40.512
80f2cf9abf6b5a0e5c612b5eea6646e6,SP,sports_leisure,99.9,1,5.0,23.28
8132b9bd16876e1b0f8808d43825dd48,SC,sports_leisure,77.9,1,5.0,21.0
813348c996469b40f2e028d5429d3495,SP,housewares,10813.53,172,4.005208333333333,17.73179487179487
81336a0f57a33776419727a300249e90,SP,health_beauty,239.8,2,4.0,15.59
81336a0f57a33776419727a300249e90,SP,sports_leisure,1112.1000000000001,13,3.8125,15.413749999999999
8160255418d5aaa7dbdc9f4c64ebda44,SP,auto,319.8,1,2.0,13.72
8160255418d5aaa7dbdc9f4c64ebda44,SP,bed_bath_table,45633.3,375,3.8668280871670704,18.104234449760764
8160255418d5aaa7dbdc9f4c64ebda44,SP,food,139.99,1,5.0,20.17
8160255418d5aaa7dbdc9f4c64ebda44,SP,pet_shop,275.3,3,3.0,37.370000000000005
817245bcc3badd82bbd222e0366951a6,SP,auto,5345.6,28,4.15,15.89159090909091
81783131d2a97c8d44d406a4be81b5d9,SP,construction_tools_construction,90.49,1,5.0,19.82
81783131d2a97c8d44d406a4be81b5d9,SP,toys,671.3499999999999,7,4.5,11.66625
817f85dbb65aa3e70831d90fe75cdf89,SP,baby,389.97,3,4.666666666666667,20.226666666666667
817f85dbb65aa3e70831d90fe75cdf89,SP,toys,1162.3,8,4.5,21.3675
8185694b58b2ba6de20fd41ae608bbea,SP,furniture_decor,1122.3,6,4.666666666666667,30.436666666666667
8185694b58b2ba6de20fd41ae608bbea,SP,stationery,250.0,2,4.0,23.825
818d28f936e791926d33bcb6ee94ef79,SP,telephony,111.6,4,4.0,15.67
81a1104df0f08b59c68aa5b03cfe398e,PR,garden_tools,9320.98,72,4.314285714285714,24.922916666666666
81ed90f07c0bacb7594940ba2ef676aa,MG,bed_bath_table,223.9,2,4.5,16.78
81f89e42267213cb94da7ddc301651da,SP,computers_accessories,19.0,1,5.0,12.79
81f89e42267213cb94da7ddc301651da,SP,consoles_games,1929.0,21,3.6,15.559199999999999
81f89e42267213cb94da7ddc301651da,SP,perfumery,2007.0,24,3.423076923076923,14.015769230769232
820c7c9eaf76d2b226b6c242bcf3f34d,SP,home_appliances_2,559.0,1,4.0,18.0
820cc752a266cdc6c1a1e61dd4583330,PR,home_appliances,35.0,1,5.0,22.06
820cc752a266cdc6c1a1e61dd4583330,PR,home_appliances_2,189.9,2,4.0,18.895
820cc752a266cdc6c1a1e61dd4583330,PR,small_appliances,2577.9,12,4.083333333333333,18.01
821fb029fc6e495ca4f08a35d51e53a5,SP,home_appliances_2,1595.0,1,5.0,63.81
821fb029fc6e495ca4f08a35d51e53a5,SP,home_construction,389.0,1,4.0,55.25
821fb029fc6e495ca4f08a35d51e53a5,SP,housewares,37.14,2,4.5,15.23
821fb029fc6e495ca4f08a35d51e53a5,SP,sports_leisure,15830.48,20,3.3,57.906190476190474
822166ed1e47908f7cfb49946d03c726,RJ,bed_bath_table,3603.36,66,3.836734693877551,17.5749
822166ed1e47908f7cfb49946d03c726,RJ,furniture_decor,78.68,2,5.0,6.471428571428571
822166ed1e47908f7cfb49946d03c726,RJ,housewares,32.79,1,5.0,18.33
822b63912576852aea9a8436d72317b7,SP,consoles_games,3465.9300000000003,6,4.857142857142857,21.334285714285716
822bad9bc42b51213ba522fe87b7ab5d,SC,computers_accessories,518.0,2,5.0,14.4
822bad9bc42b51213ba522fe87b7ab5d,SC,cool_stuff,279.0,1,2.0,11.1
822bad9bc42b51213ba522fe87b7ab5d,SC,electronics,469.0,1,5.0,20.85
822bad9bc42b51213ba522fe87b7ab5d,SC,telephony,3894.0,14,4.071428571428571,33.32785714285715
827f8f69dfa529c561901c4f2e0f332f,PR,baby,658.9,21,4.333333333333333,14.248571428571427
827f8f69dfa529c561901c4f2e0f332f,PR,fashio_female_clothing,64.9,1,2.0,22.84
827f8f69dfa529c561901c4f2e0f332f,PR,fashion_shoes,2456.4,66,4.3133333333333335,15.507105263157895
827f8f69dfa529c561901c4f2e0f332f,PR,fashion_sport,64.99,1,2.0,18.96
827f8f69dfa529c561901c4f2e0f332f,PR,furniture_decor,70.5,2,5.0,16.145
827f8f69dfa529c561901c4f2e0f332f,PR,market_place,32.9,1,2.0,14.52
827f8f69dfa529c561901c4f2e0f332f,PR,toys,59.8,2,4.0,14.6
82921991ff5b557b045605b8bbf08d49,SP,telephony,18.9,1,5.0,18.23
82bd0703a4aefd6b599e5bfdaed378fb,SP,health_beauty,1691.98,13,4.071428571428571,18.239285714285714
82bd0703a4aefd6b599e5bfdaed378fb,SP,market_place,249.9,1,5.0,16.86
82bd0703a4aefd6b599e5bfdaed378fb,SP,perfumery,452.4,6,3.125,13.24
82cb9f452fe8334df74b22d37824b431,RS,food,98.0,2,5.0,10.6
82cb9f452fe8334df74b22d37824b431,RS,health_beauty,69.0,2,4.5,24.025
82cb9f452fe8334df74b22d37824b431,RS,small_appliances,671.2,11,4.714285714285714,17.700714285714287
82e0a475a88cc9595229d8029273f045,SP,furniture_decor,10590.02,40,3.4155844155844157,18.56987012987013
830379336fad8c6f3b15a4a3ddb5c66e,SP,kitchen_dining_laundry_garden_furniture,268.0,2,4.5,42.595
83353a83fd769dfafa4f21a72b15e3e5,SP,sports_leisure,579.5,5,3.8,18.966
834f3294fba9f932f56edc879193f925,SP,cool_stuff,39158.5,65,4.569230769230769,64.76184615384616
834f3294fba9f932f56edc879193f925,SP,home_appliances_2,749.0,1,3.0,90.4
834f8533b2ecb6598dd004ff3de7203a,SP,baby,1875.5099999999998,14,3.933333333333333,24.373333333333335
834f8533b2ecb6598dd004ff3de7203a,SP,pet_shop,1744.93,20,3.8636363636363638,19.00409090909091
834f8533b2ecb6598dd004ff3de7203a,SP,sports_leisure,127.84,2,4.0,15.51
834f8533b2ecb6598dd004ff3de7203a,SP,toys,282.07,3,4.666666666666667,18.296666666666667
835f0f7810c76831d6c7d24c7a646d4d,SP,fashion_male_clothing,979.0,8,2.2,13.815999999999999
835f0f7810c76831d6c7d24c7a646d4d,SP,housewares,4011.2000000000003,34,3.6052631578947367,20.89184210526316
83645b1645cdee8953ee54c29ceed564,PR,baby,607.3,8,4.25,20.4325
83645b1645cdee8953ee54c29ceed564,PR,health_beauty,282.6,5,5.0,16.848000000000003
83645b1645cdee8953ee54c29ceed564,PR,perfumery,89.0,1,3.0,18.5
8378eb36b6b70c5734e83ad7b8cdc3b7,SC,construction_tools_construction,148.0,1,5.0,20.23
8378eb36b6b70c5734e83ad7b8cdc3b7,SC,home_construction,1566.8,6,3.6666666666666665,18.47
83b08de96980757220871b31bf6cffca,RJ,construction_tools_construction,1304.17,5,4.285714285714286,64.88714285714285
83c465a786b06574376909b35ef6752a,SP,bed_bath_table,281.4,3,5.0,16.353333333333335
83c8aafbefb034674a70de0eac5b8954,PR,auto,134.9,2,5.0,25.485
83deb69e889cf80f82be1dc6d5f2d486,SC,musical_instruments,5363.01,40,4.357142857142857,21.753333333333334
83e197e95a1bbabc8c75e883ed016c47,RJ,books_general_interest,6274.59,44,4.72,18.2102
83e197e95a1bbabc8c75e883ed016c47,RJ,musical_instruments,299.6,2,5.0,12.705
83f2b4881141ce3fcd4e985125d3279e,SP,baby,60.7,3,5.0,13.56
8444e55c1f13cd5c179851e5ca5ebd00,MG,auto,387.59999999999997,3,3.6666666666666665,15.339999999999998
8444e55c1f13cd5c179851e5ca5ebd00,MG,baby,2400.5,7,2.2222222222222223,16.587777777777777
8444e55c1f13cd5c179851e5ca5ebd00,MG,consoles_games,965.8,2,5.0,21.66
8444e55c1f13cd5c179851e5ca5ebd00,MG,cool_stuff,4946.0599999999995,21,4.380952380952381,21.005238095238095
8444e55c1f13cd5c179851e5ca5ebd00,MG,drinks,1246.0,2,2.5,20.84
8444e55c1f13cd5c179851e5ca5ebd00,MG,fashion_bags_accessories,1955.0,5,1.0,22.494
8444e55c1f13cd5c179851e5ca5ebd00,MG,health_beauty,924.53,9,3.5,14.23
8444e55c1f13cd5c179851e5ca5ebd00,MG,perfumery,4053.57,26,3.3703703703703702,21.79962962962963
8444e55c1f13cd5c179851e5ca5ebd00,MG,stationery,271.25,1,1.0,15.63
8444e55c1f13cd5c179851e5ca5ebd00,MG,telephony,653.4000000000001,1,1.0,16.28
8444e55c1f13cd5c179851e5ca5ebd00,MG,toys,919.0,7,2.375,18.14
8444e55c1f13cd5c179851e5ca5ebd00,MG,watches_gifts,2758.25,8,3.375,17.6875
845e8036c3f7bf62099352f5ed910240,RJ,baby,249.5,4,4.0,16.988
845e8036c3f7bf62099352f5ed910240,RJ,bed_bath_table,1335.1000000000001,17,3.789473684210526,19.773684210526316
8476243f92442881ddd5b578975cf115,RS,electronics,1129.0,1,5.0,22.02
8476243f92442881ddd5b578975cf115,RS,health_beauty,3373.0,7,4.571428571428571,20.627142857142854
8476243f92442881ddd5b578975cf115,RS,telephony,3336.0,4,3.0,27.155
84c945f15571830c1a91a33978e94009,SP,housewares,51.98,2,4.5,13.030000000000001
84deb808079d1be601c209c1e771b1cc,PR,health_beauty,34.93,2,5.0,11.605
85044848b1b767db2a4a58526adef4b4,SP,electronics,95.9,1,1.0,19.58
85044848b1b767db2a4a58526adef4b4,SP,small_appliances,104.9,1,4.0,19.7
85044848b1b767db2a4a58526adef4b4,SP,telephony,39.8,2,4.0,12.815000000000001
850857dfac77488c307e2b1cbd84ab5a,PR,air_conditioning,1599.0,1,5.0,39.72
850913d59ce317156b00f3705f1c3edb,SP,auto,1088.0,9,3.3,23.238
850913d59ce317156b00f3705f1c3edb,SP,telephony,1095.0,20,3.6,14.325999999999999
850f4f8af5ea87287ac68de36e29107f,SP,cool_stuff,24021.6,56,4.509090909090909,18.471379310344826
850f4f8af5ea87287ac68de36e29107f,SP,musical_instruments,1168.0,2,2.5,28.299999999999997
850f4f8af5ea87287ac68de36e29107f,SP,toys,18952.77,113,4.315789473684211,15.091052631578949
850f4f8af5ea87287ac68de36e29107f,SP,watches_gifts,1143.0,15,3.5625,14.648823529411764
851773c885feb5e2da3b4f82bc2b17ce,SP,health_beauty,585.3,10,4.2,25.183
855668e0971d4dfd7bef1b6a4133b41b,SP,art,75.0,1,5.0,17.78
855668e0971d4dfd7bef1b6a4133b41b,SP,baby,25501.34,273,3.817204301075269,24.10514184397163
855668e0971d4dfd7bef1b6a4133b41b,SP,cool_stuff,5272.88,28,3.925925925925926,26.568214285714284
8581055ce74af1daba164fdbd55a40de,SP,auto,64011.22,380,4.265258215962441,22.161030444964872
85cc55e048b6bcc90c75afe7f0e72f72,RJ,agro_industry_and_commerce,33.9,1,4.0,14.4
85cc55e048b6bcc90c75afe7f0e72f72,RJ,computers_accessories,183.6,4,5.0,23.0375
85cc55e048b6bcc90c75afe7f0e72f72,RJ,construction_tools_lights,29.9,1,1.0,18.23
85cc55e048b6bcc90c75afe7f0e72f72,RJ,signaling_and_security,29.49,1,5.0,13.42
85cc55e048b6bcc90c75afe7f0e72f72,RJ,toys,31.39,2,5.0,27.64
85d9eb9ddc5d00ca9336a2219c97bb13,MG,auto,384.8,20,4.0,13.48090909090909
85d9eb9ddc5d00ca9336a2219c97bb13,MG,baby,113.6,4,4.5,17.4875
85d9eb9ddc5d00ca9336a2219c97bb13,MG,computers_accessories,13939.82,464,4.21321961620469,16.61283898305085
85d9eb9ddc5d00ca9336a2219c97bb13,MG,cool_stuff,569.12,9,4.416666666666667,16.892500000000002
85d9eb9ddc5d00ca9336a2219c97bb13,MG,luggage_accessories,70.0,1,4.0,8.07
85d9eb9ddc5d00ca9336a2219c97bb13,MG,market_place,29.9,1,4.0,14.1
85e7c62c1d6ea078c3897424f867a7c8,SC,pet_shop,60.0,2,4.5,13.85
85ecf03781da592876b7844acc1b729f,SP,health_beauty,251.0,2,4.5,21.95
8602a61d680a10a82cceeeda0d99ea3d,SP,fashion_bags_accessories,826.99,17,4.473684210526316,13.311052631578947
8603f0038fe0e52fedd3382d266723de,SC,furniture_bedroom,712.0,3,4.333333333333333,47.81
8603f0038fe0e52fedd3382d266723de,SC,furniture_decor,200.0,1,5.0,46.87
8603f0038fe0e52fedd3382d266723de,SC,home_appliances_2,1047.0,4,5.0,47.44
8603f0038fe0e52fedd3382d266723de,SC,kitchen_dining_laundry_garden_furniture,229.0,1,5.0,63.42
8629a7efec1aab257e58cda559f03ba7,GO,computers_accessories,45.22,1,1.0,18.89
8629c241b3622ac12cd4118afdc8d394,SP,consoles_games,51.81,1,4.0,37.05
8629c241b3622ac12cd4118afdc8d394,SP,garden_tools,495.3,5,4.4,16.654
8629c241b3622ac12cd4118afdc8d394,SP,perfumery,620.55,7,3.857142857142857,30.577142857142857
863d2ebcd347ce4922de7a0f9a5581d6,RJ,auto,1312.36,17,4.111111111111111,16.290000000000003
8648b1e89e9b349e32d3741b30ec737e,SP,construction_tools_construction,5713.45,74,4.037037037037037,14.616049382716051
8648b1e89e9b349e32d3741b30ec737e,SP,home_construction,880.1,10,4.7,11.179
8648b1e89e9b349e32d3741b30ec737e,SP,sports_leisure,272.8,3,4.666666666666667,17.11
866558b3bccef2dbc6d29a2b5995016f,PR,furniture_decor,519.5,4,4.6,64.748
866558b3bccef2dbc6d29a2b5995016f,PR,kitchen_dining_laundry_garden_furniture,999.9,1,5.0,27.61
86bb7c4b535e49a541baf3266b1c95b1,SP,toys,8162.4,16,3.2,20.30125
86bf77bdb52e615674772d5817c6212f,RS,health_beauty,222.0,3,4.666666666666667,20.319999999999997
86bf77bdb52e615674772d5817c6212f,RS,pet_shop,59.8,1,5.0,18.31
86ccac0b835037332a596a33b6949ee1,SC,sports_leisure,135.87,3,5.0,13.473333333333334
86ccac0b835037332a596a33b6949ee1,SC,watches_gifts,15758.47,175,4.017156862745098,18.85458536585366
86ff3eaef0267069cc891a2ed9d10a17,SC,kitchen_dining_laundry_garden_furniture,82.49,1,3.0,16.55
86ff3eaef0267069cc891a2ed9d10a17,SC,sports_leisure,327.26,6,5.0,20.676666666666666
870d0118f7a9d85960f29ad89d5d989a,MG,furniture_living_room,2202.1,37,4.096153846153846,21.425192307692306
870d0118f7a9d85960f29ad89d5d989a,MG,housewares,955.1,8,3.5555555555555554,17.413333333333334
87142160b41353c4e5fca2360caf6f92,RS,auto,119.9,4,3.75,22.37
87142160b41353c4e5fca2360caf6f92,RS,computers_accessories,26864.58,246,4.344765342960288,21.44678700361011
87142160b41353c4e5fca2360caf6f92,RS,consoles_games,463.7,13,4.5,18.423846153846153
87142160b41353c4e5fca2360caf6f92,RS,electronics,1384.9,19,4.55,18.57
87142160b41353c4e5fca2360caf6f92,RS,furniture_decor,239.70000000000002,3,4.333333333333333,15.046666666666667
87142160b41353c4e5fca2360caf6f92,RS,housewares,39.8,1,1.0,31.02
87142160b41353c4e5fca2360caf6f92,RS,market_place,19.9,1,5.0,10.96
87142160b41353c4e5fca2360caf6f92,RS,sports_leisure,1963.5,18,4.7894736842105265,24.159999999999997
8759e7aedd644f487315e5860962f162,SP,home_appliances,627.0,3,3.6666666666666665,55.446666666666665
876182d1918783bbe15233febfbd4926,SP,computers_accessories,85.29,2,4.5,13.004999999999999
87b4428a334b8f676fd9a7f3bf544fb5,SP,health_beauty,29.99,1,5.0,18.99
87b740daf17b5d1be335a64164ec6842,SP,sports_leisure,12099.89,11,3.727272727272727,114.08545454545455
87d30a6a0cbf89356e49324971ab1d24,SP,toys,2134.13,17,4.352941176470588,12.692941176470589
87d3c3aeb3ead335511b3ce315eb341e,SP,baby,59.96,4,3.0,9.35
87d3c3aeb3ead335511b3ce315eb341e,SP,toys,689.39,11,3.7,16.028181818181817
87d73636a3acf123e842bb890a4db036,SP,furniture_bedroom,269.9,1,5.0,43.71
87e24fc7052259b1f7f607d61c10d8be,SP,auto,249.9,1,1.0,8.61
87e24fc7052259b1f7f607d61c10d8be,SP,telephony,6623.79,5,4.2,38.164
87e24fc7052259b1f7f607d61c10d8be,SP,toys,199.9,1,5.0,15.23
87f3e35268860433e13d577825aada95,SP,furniture_decor,19.9,1,,14.52
880ce4951cf857ab1d9e0b75c1d856f4,MG,auto,178.9,1,5.0,18.82
883dd81e82754ac2c65e9790a7db8c9a,PR,bed_bath_table,49.9,1,5.0,13.47
883dd81e82754ac2c65e9790a7db8c9a,PR,sports_leisure,269.6,4,4.25,15.3725
88460e8ebdecbfecb5f9601833981930,PR,computers_accessories,31320.4,246,3.37123745819398,16.46063333333333
888faa8bfb0b159c37de6d898b961c31,SC,bed_bath_table,49.9,1,5.0,26.65
888faa8bfb0b159c37de6d898b961c31,SC,construction_tools_construction,725.6,3,4.0,9.82
888faa8bfb0b159c37de6d898b961c31,SC,cool_stuff,259.8,2,5.0,27.21
888faa8bfb0b159c37de6d898b961c31,SC,garden_tools,89.9,1,5.0,26.93
888faa8bfb0b159c37de6d898b961c31,SC,housewares,170.76,3,4.25,16.11
888faa8bfb0b159c37de6d898b961c31,SC,market_place,149.9,1,5.0,20.24
888faa8bfb0b159c37de6d898b961c31,SC,sports_leisure,792.54,7,3.0,29.178888888888892
888faa8bfb0b159c37de6d898b961c31,SC,toys,179.9,1,4.0,32.13
889009a0ed0bb52c87819941192931b8,SP,health_beauty,89.9,1,4.0,33.08
88ae906ea2acf6971f26c3e8b7cb4357,SP,perfumery,246.0,3,3.3333333333333335,14.003333333333332
88cd3681e0a2ba85e190f7d817629c4c,SC,auto,180.0,1,4.0,19.36
88cf19ec1fc2c58f161aee259d57142c,SP,construction_tools_construction,65.0,1,5.0,18.56
88cf19ec1fc2c58f161aee259d57142c,SP,home_appliances,554.97,5,4.2,13.394
88cf19ec1fc2c58f161aee259d57142c,SP,small_appliances_home_oven_and_coffee,753.0,8,4.625,18.6475
88ef59b51bdaa941d10a853429f2b6ce,PR,agro_industry_and_commerce,252.9,2,2.0,20.9
891071be6ba827b591264c90c2ae8a63,SP,bed_bath_table,354.98,17,4.411764705882353,12.58470588235294
891071be6ba827b591264c90c2ae8a63,SP,cool_stuff,164.97,6,5.0,14.606666666666667
891071be6ba827b591264c90c2ae8a63,SP,dvds_blu_ray,39.99,1,1.0,14.1
891071be6ba827b591264c90c2ae8a63,SP,fashion_bags_accessories,2468.58,40,3.5952380952380953,13.39095238095238
891071be6ba827b591264c90c2ae8a63,SP,fashion_male_clothing,139.96,4,4.25,17.0875
891071be6ba827b591264c90c2ae8a63,SP,market_place,324.9,7,3.0,12.181000000000001
891071be6ba827b591264c90c2ae8a63,SP,sports_leisure,35.0,1,2.0,20.94
891071be6ba827b591264c90c2ae8a63,SP,stationery,209.97,8,4.875,11.692499999999999
891071be6ba827b591264c90c2ae8a63,SP,watches_gifts,25.0,1,2.0,10.96
8931a84a914b3fe9b1ddaa4d704947ca,SP,perfumery,4668.3,29,3.774193548387097,13.268437500000001
8936ba0de1073ee888cb3185ae5dc661,SP,garden_tools,389.99,1,5.0,22.22
897060da8b9a21f655304d50fd935913,SP,auto,25.52,2,4.0,13.945
897060da8b9a21f655304d50fd935913,SP,computers_accessories,20508.6,293,3.472151898734177,15.09438596491228
897060da8b9a21f655304d50fd935913,SP,cool_stuff,177.0,1,5.0,17.0
89757206b887aed36f3e18d858460fea,SP,stationery,120.5,2,5.0,27.82
89a51f50b8095ea78d5768f34c13a76f,DF,perfumery,677.16,10,4.7272727272727275,16.099999999999998
89ad3263c0931c47f976d7c5778e60f6,SP,baby,568.2,6,4.166666666666667,21.923333333333332
89bc797e2e29667aa035d4368f9b7f92,SP,telephony,392.4,16,3.8947368421052633,12.528421052631579
89c127985a8b130cfa45c1d36764017a,SP,audio,299.99,1,1.0,15.12
89c127985a8b130cfa45c1d36764017a,SP,cool_stuff,189.8,2,5.0,16.465
89c127985a8b130cfa45c1d36764017a,SP,health_beauty,131.99,1,5.0,9.74
89c127985a8b130cfa45c1d36764017a,SP,small_appliances_home_oven_and_coffee,712.89,2,3.0,24.615
89dda63a3c907c468ec88c310ed91213,SP,computers_accessories,44.99,1,5.0,20.4
89de2d6f23e9746ff309705b23581faa,PR,books_technical,340.0,8,2.7142857142857144,20.01
89f69225956f951295ca4c7fb1266553,RJ,furniture_decor,120.0,1,5.0,18.72
89f69225956f951295ca4c7fb1266553,RJ,health_beauty,54.0,1,5.0,18.48
89f69225956f951295ca4c7fb1266553,RJ,music,168.8,2,5.0,18.85
89f69225956f951295ca4c7fb1266553,RJ,toys,645.6,6,3.857142857142857,26.291428571428575
89f69225956f951295ca4c7fb1266553,RJ,watches_gifts,52.9,1,5.0,18.47
8a130737016f838139d31878787a39c9,SP,construction_tools_construction,426.3,6,4.125,11.55
8a130737016f838139d31878787a39c9,SP,home_construction,3795.73,50,4.388888888888889,13.886851851851851
8a1ff5c35f6595a73fef4c7b96e4908a,PR,baby,1598.0,2,5.0,142.39999999999998
8a207b6080964f3c1fc9d35bd6096ba4,SP,furniture_bedroom,469.8,1,5.0,78.93
8a207b6080964f3c1fc9d35bd6096ba4,SP,furniture_living_room,83.9,1,5.0,18.48
8a2d12a90e92f012ce5226fc6592b653,PR,baby,89.0,1,5.0,19.59
8a2d12a90e92f012ce5226fc6592b653,PR,housewares,1505.65,17,4.5625,18.78705882352941
8a32e327fe2c1b3511609d81aaf9f042,SP,bed_bath_table,2106.49,31,4.0,14.665625
8a32e327fe2c1b3511609d81aaf9f042,SP,furniture_decor,3994.63,95,3.925925925925926,12.908321167883212
8a40ae794fa3f9892cee24bd5af0488b,PR,fashion_bags_accessories,49.99,1,1.0,21.15
8a40ae794fa3f9892cee24bd5af0488b,PR,sports_leisure,449.9,1,5.0,30.43
8a40ae794fa3f9892cee24bd5af0488b,PR,telephony,239.96,4,3.25,38.7075
8a43128d7f9a3db592b866e6861a6cce,SP,auto,837.8,1,1.0,18.03
8a43128d7f9a3db592b866e6861a6cce,SP,electronics,57.9,1,5.0,13.07
8a43128d7f9a3db592b866e6861a6cce,SP,telephony,94.9,1,1.0,18.76
8a432f4e5b471f8da497d7dc517666e2,SP,baby,354.0,5,4.333333333333333,17.296666666666667
8a432f4e5b471f8da497d7dc517666e2,SP,bed_bath_table,6534.0,77,4.176470588235294,18.709080459770117
8a432f4e5b471f8da497d7dc517666e2,SP,housewares,667.0,13,4.3076923076923075,17.97230769230769
8a87611c08849ffeeccab52aa798b6c7,PR,furniture_decor,60.0,1,5.0,14.18
8a87611c08849ffeeccab52aa798b6c7,PR,garden_tools,527.9,5,4.6,19.774
8a8835a43bda99fd37310ad76c457510,SP,auto,224.34,2,4.333333333333333,11.4
8a9260f2b0340411d6d2a56bcf4f7378,MG,agro_industry_and_commerce,120.0,1,5.0,17.03
8a9260f2b0340411d6d2a56bcf4f7378,MG,food,243.0,4,4.6,14.307999999999998
8a9260f2b0340411d6d2a56bcf4f7378,MG,garden_tools,873.0,2,5.0,18.02
8a9260f2b0340411d6d2a56bcf4f7378,MG,health_beauty,20.0,1,5.0,16.33
8ab42aa58097fd4668d60cc648225d5f,GO,bed_bath_table,2560.85,19,4.12,23.0528
8ab42aa58097fd4668d60cc648225d5f,GO,health_beauty,55.9,1,5.0,17.32
8ae520247981aa06bc94abddf5f46d34,SC,market_place,169.0,1,4.0,15.93
8ae520247981aa06bc94abddf5f46d34,SC,sports_leisure,3095.0,10,4.3,22.983999999999998
8ae520247981aa06bc94abddf5f46d34,SC,stationery,878.9,2,5.0,39.34
8ae520247981aa06bc94abddf5f46d34,SC,watches_gifts,12178.09,52,4.461538461538462,21.555769230769233
8b11118053756a9a2932f447e11fc1b5,SP,fixed_telephony,79.99,1,3.0,11.17
8b181ee5518df84f18f4e1a43fe07923,SP,health_beauty,27.9,1,5.0,27.08
8b2492b7ff4468839593fafeed55bad9,RJ,health_beauty,3660.08,29,3.888888888888889,15.026222222222222
8b28d096634035667e8263d57ba3368c,SP,auto,38.9,1,5.0,18.23
8b28d096634035667e8263d57ba3368c,SP,baby,213.24,4,3.5,14.23
8b28d096634035667e8263d57ba3368c,SP,computers_accessories,200.57000000000002,4,4.5,24.9375
8b28d096634035667e8263d57ba3368c,SP,consoles_games,376.36,5,3.8,25.195999999999998
8b28d096634035667e8263d57ba3368c,SP,cool_stuff,1950.1999999999998,8,3.75,16.583750000000002
8b28d096634035667e8263d57ba3368c,SP,electronics,49.89,1,5.0,15.1
8b28d096634035667e8263d57ba3368c,SP,furniture_decor,297.45,5,4.6,12.315999999999999
8b28d096634035667e8263d57ba3368c,SP,garden_tools,231.2,4,4.5,18.0975
8b28d096634035667e8263d57ba3368c,SP,health_beauty,3532.83,63,4.196969696969697,16.397101449275365
8b28d096634035667e8263d57ba3368c,SP,housewares,1310.2,28,3.3548387096774195,16.962580645161292
8b28d096634035667e8263d57ba3368c,SP,small_appliances,311.4,3,4.333333333333333,16.57
8b28d096634035667e8263d57ba3368c,SP,small_appliances_home_oven_and_coffee,46.8,2,4.0,11.85
8b28d096634035667e8263d57ba3368c,SP,sports_leisure,119.39999999999999,3,2.3333333333333335,15.08
8b28d096634035667e8263d57ba3368c,SP,telephony,346.86,8,3.625,12.99875
8b2d4ab22f42c5cfc338b846decfda60,PR,housewares,128.0,1,5.0,31.73
8b2d4ab22f42c5cfc338b846decfda60,PR,sports_leisure,330.0,5,4.75,19.19875
8b321bb669392f5163d04c59e235e066,SP,air_conditioning,474.9,10,3.8181818181818183,16.44454545454545
8b321bb669392f5163d04c59e235e066,SP,auto,137.5,9,4.0,9.721111111111112
8b321bb669392f5163d04c59e235e066,SP,computers_accessories,305.5,9,4.733333333333333,16.327333333333332
8b321bb669392f5163d04c59e235e066,SP,consoles_games,785.8,19,3.6363636363636362,13.631363636363636
8b321bb669392f5163d04c59e235e066,SP,cool_stuff,632.0,5,4.6,24.046
8b321bb669392f5163d04c59e235e066,SP,electronics,13933.34,838,4.011160714285714,13.816492204899776
8b321bb669392f5163d04c59e235e066,SP,garden_tools,82.4,6,4.833333333333333,13.969999999999999
8b321bb669392f5163d04c59e235e066,SP,musical_instruments,669.5,15,4.0,14.500526315789473
8b321bb669392f5163d04c59e235e066,SP,sports_leisure,9.9,1,5.0,7.78
8b321bb669392f5163d04c59e235e066,SP,stationery,152.6,14,4.076923076923077,12.248571428571427
8b321bb669392f5163d04c59e235e066,SP,telephony,79.5,4,4.2,8.958
8b655f0855926bcb49f5835d38dfddf6,SP,stationery,1089.5,5,4.8,14.662
8b87cd0d43d49b9bdf40f56229364d59,SP,baby,250.0,1,5.0,80.52
8b87cd0d43d49b9bdf40f56229364d59,SP,toys,479.0,1,5.0,55.36
8b8cfc8305aa441e4239358c9f6f2485,PR,baby,2754.0,2,5.0,36.68
8b8cfc8305aa441e4239358c9f6f2485,PR,cool_stuff,9138.0,13,4.076923076923077,88.10307692307691
8b9d6eec4a7eb7d0f9d579ce0b38324d,RJ,furniture_living_room,4089.56,47,4.098039215686274,32.3378431372549
8b9d6eec4a7eb7d0f9d579ce0b38324d,RJ,kitchen_dining_laundry_garden_furniture,69.99,1,5.0,18.07
8bb48dc19fccaa8613b6229bf7f452a2,SP,books_technical,427.58000000000004,3,2.0,16.34
8bb48dc19fccaa8613b6229bf7f452a2,SP,costruction_tools_garden,2855.7,54,4.377049180327869,21.634262295081967
8bb48dc19fccaa8613b6229bf7f452a2,SP,flowers,510.24,20,4.5,15.754090909090907
8bb48dc19fccaa8613b6229bf7f452a2,SP,garden_tools,397.2,6,4.75,15.719999999999999
8bd0e3abda539b9479c4b44a691be1ec,RS,health_beauty,425.75,6,1.75,17.68916666666667
8bd0f31cf0a614c658f6763bd02dea69,SP,furniture_decor,2875.75,24,4.32,31.7724
8bd0f31cf0a614c658f6763bd02dea69,SP,office_furniture,1005.59,3,4.666666666666667,23.683333333333334
8bd0f31cf0a614c658f6763bd02dea69,SP,toys,574.0,6,3.5,14.66
8bdd8e3fd58bafa48af76b2c5fd71974,SP,toys,2135.83,10,4.9,17.839
8c0de775f52fe41590b376a3b7c50f68,SP,sports_leisure,594.8000000000001,8,4.25,14.09
8c16d1f32a54d92897cc437244442e1b,SC,art,281.4,6,4.5,16.438333333333333
8c16d1f32a54d92897cc437244442e1b,SC,auto,86.78,4,4.75,14.0525
8c16d1f32a54d92897cc437244442e1b,SC,computers_accessories,3748.35,80,4.264367816091954,17.653218390804597
8c16d1f32a54d92897cc437244442e1b,SC,health_beauty,65.49,1,3.0,14.63
8c16d1f32a54d92897cc437244442e1b,SC,housewares,235.0,7,4.75,20.89875
8c16d1f32a54d92897cc437244442e1b,SC,market_place,118.9,1,5.0,21.32
8c16d1f32a54d92897cc437244442e1b,SC,office_furniture,981.7,8,4.142857142857143,20.13111111111111
8c16d1f32a54d92897cc437244442e1b,SC,signaling_and_security,124.98,1,5.0,18.54
8c351ed7c326c62123318f4f3246e906,SP,computers_accessories,114.9,2,5.0,17.88
8c3b533c63cca56240f94f1e3a6b18ef,MG,furniture_decor,1799.6,2,1.0,149.16
8c3b533c63cca56240f94f1e3a6b18ef,MG,garden_tools,49.9,1,3.0,13.68
8c5e007d7bd5693fa1386ffefbc99f6c,SP,health_beauty,1029.11,9,4.166666666666667,15.762500000000001
8c91bfea4263b8fba54081460693e2a1,RS,health_beauty,739.0,2,5.0,23.375
8c9348f33ae3dada25c99c99ade2af78,SP,garden_tools,82.99,1,5.0,23.38
8c9348f33ae3dada25c99c99ade2af78,SP,signaling_and_security,230.0,1,5.0,28.56
8ca1551acf9832a4cf467bbbac15851f,PR,auto,269.0,1,4.0,28.43
8ca1551acf9832a4cf467bbbac15851f,PR,furniture_decor,1737.4,9,4.222222222222222,22.64333333333333
8ca1551acf9832a4cf467bbbac15851f,PR,home_construction,170.0,1,1.0,17.16
8ca5b19e0263150d2c57afdde2b3d011,SP,housewares,145.8,1,5.0,14.26
8cb7c5ddf41f4d506eba76e9a4702a25,GO,sports_leisure,69.0,1,5.0,28.88
8cbac7e12637ed9cffa18c7875207478,SC,baby,783.7,15,4.722222222222222,27.017222222222223
8cbac7e12637ed9cffa18c7875207478,SC,cool_stuff,1614.89,34,3.526315789473684,18.98
8cbac7e12637ed9cffa18c7875207478,SC,sports_leisure,137.5,5,5.0,17.678571428571427
8cbac7e12637ed9cffa18c7875207478,SC,toys,419.89,12,4.722222222222222,17.190555555555555
8cc6a0e5738e61a87b03c78b2ba9db4b,MG,computers_accessories,42.0,1,5.0,20.8
8cc6a0e5738e61a87b03c78b2ba9db4b,MG,consoles_games,1609.9,1,5.0,47.67
8cc6a0e5738e61a87b03c78b2ba9db4b,MG,cool_stuff,2957.6,4,4.0,22.200000000000003
8cc6a0e5738e61a87b03c78b2ba9db4b,MG,electronics,1499.8,1,3.0,20.95
8cc6a0e5738e61a87b03c78b2ba9db4b,MG,stationery,724.2,8,4.625,16.939999999999998
8cc6a0e5738e61a87b03c78b2ba9db4b,MG,toys,4439.4,6,4.5,20.89
8ccf3cf69651cc1d8a02c8bfaf3b8568,SP,computers_accessories,250.0,2,3.5,19.314999999999998
8cf21434553b02cbd37c0bbd07e041b0,SC,auto,49.99,1,4.0,23.22
8d46553a36e68f95350a200c12f8f2e2,SP,construction_tools_construction,500.0,1,5.0,46.25
8d46553a36e68f95350a200c12f8f2e2,SP,perfumery,160.0,8,4.0,11.096
8d79c8a04e42d722a75097ce5cbcf2ef,CE,food,2627.82,26,4.592592592592593,26.645555555555553
8d899e15a5925f097cca50faa49b15e3,SP,construction_tools_lights,99.0,1,5.0,64.06
8d899e15a5925f097cca50faa49b15e3,SP,furniture_decor,546.0,3,2.2222222222222223,9.657777777777778
8d92f3ea807b89465643c219455e7369,SP,housewares,63.9,1,1.0,26.71
8d956fec2e4337affcb520f56fd8cbfd,SP,air_conditioning,24.99,1,1.0,7.39
8d956fec2e4337affcb520f56fd8cbfd,SP,audio,179.96,2,4.25,22.685000000000002
8d956fec2e4337affcb520f56fd8cbfd,SP,auto,365.7,10,4.1,13.722
8d956fec2e4337affcb520f56fd8cbfd,SP,cine_photo,1105.6,11,3.25,17.076666666666668
8d956fec2e4337affcb520f56fd8cbfd,SP,computers_accessories,1325.27,32,4.28125,13.97875
8d956fec2e4337affcb520f56fd8cbfd,SP,consoles_games,220.9,3,2.75,16.525
8d956fec2e4337affcb520f56fd8cbfd,SP,cool_stuff,159.95,1,4.0,16.0
8d956fec2e4337affcb520f56fd8cbfd,SP,electronics,356.58000000000004,6,4.166666666666667,13.231666666666667
8d956fec2e4337affcb520f56fd8cbfd,SP,health_beauty,432.51,13,4.466666666666667,19.12933333333333
8d956fec2e4337affcb520f56fd8cbfd,SP,home_construction,65.98,2,4.5,11.245
8d956fec2e4337affcb520f56fd8cbfd,SP,sports_leisure,4100.69,79,4.289156626506024,13.792409638554217
8d956fec2e4337affcb520f56fd8cbfd,SP,stationery,214.73,3,4.714285714285714,7.51
8d956fec2e4337affcb520f56fd8cbfd,SP,telephony,2435.34,47,4.28,15.16
8daab2245ebdc277c51098d01c5ad8ef,SP,auto,319.0,1,4.0,20.11
8daab2245ebdc277c51098d01c5ad8ef,SP,construction_tools_construction,167.7,3,4.0,11.776666666666666
8daab2245ebdc277c51098d01c5ad8ef,SP,costruction_tools_tools,1022.89,11,4.818181818181818,17.242727272727276
8daab2245ebdc277c51098d01c5ad8ef,SP,health_beauty,95.0,1,5.0,38.94
8dd386be0767c330276ea6a3f96532d3,SC,sports_leisure,89.98,1,5.0,22.25
8de8fe3af4449ed695d2434c933ed73e,SP,home_appliances,2090.0,1,5.0,65.35
8def3db7f272735afb2ecd03aeca09a7,RJ,fashion_bags_accessories,196.0,2,5.0,16.82
8dfbc5ff27df12f6cef751d3b9554222,PR,garden_tools,226.0,4,4.5,22.53
8e29d051f810eb22959ede205b462b9f,SP,pet_shop,599.8,2,4.0,106.74000000000001
8e2b3afb420011ef0c88c9d5f11ea526,SP,health_beauty,49.9,1,5.0,14.1
8e2b3afb420011ef0c88c9d5f11ea526,SP,sports_leisure,1334.6000000000001,10,4.2,13.383
8e34331b7eedd03be4e5d965c1956225,SP,books_general_interest,145.0,5,4.8,13.088
8e4f041ff58e7845456d3482524014b3,RS,baby,133.8,2,3.0,24.295
8e670472e453ba34a379331513d6aab1,MG,auto,975.0,1,1.0,108.96
8e6cc767478edae941d9bd9eb778d77a,MG,furniture_decor,7.12,1,4.0,17.6
8e6cc767478edae941d9bd9eb778d77a,MG,housewares,5922.2300000000005,99,4.019047619047619,20.10897196261682
8e6d7754bc7e0f22c96d255ebda59eba,SP,computers_accessories,14107.38,84,2.988372093023256,13.06953488372093
8e8a7ce9f2f970dc00e2acf6f6e199f6,RJ,computers_accessories,8821.0,63,4.015625,17.9340625
8ea394aed8138685abe1eb9f25e1021d,SP,signaling_and_security,1340.0,2,4.0,38.8
8eb88b0acb3f90a717ad659221471fa7,SC,fashion_bags_accessories,119.8,2,4.5,20.435
8ec76bb0965af3f007692b26fa9d6623,SC,computers_accessories,1999.0,1,5.0,29.75
8ed8ea9a57c862f2c18c2fe41f601d56,SC,cool_stuff,3612.0,18,4.5,37.403888888888886
8ed8ea9a57c862f2c18c2fe41f601d56,SC,small_appliances,219.9,1,4.0,57.8
8f0fbe2cd4d472157dc1cdef6edecaa9,SP,computers_accessories,47.0,1,1.0,6.77
8f0fbe2cd4d472157dc1cdef6edecaa9,SP,garden_tools,24.88,1,5.0,16.11
8f119a0aee85c0c8fc534629734e94fd,SP,auto,199.39,5,4.8,17.448
8f119a0aee85c0c8fc534629734e94fd,SP,construction_tools_construction,315.58,4,4.333333333333333,12.784999999999998
8f119a0aee85c0c8fc534629734e94fd,SP,home_appliances,95.47999999999999,3,4.666666666666667,12.616666666666667
8f119a0aee85c0c8fc534629734e94fd,SP,home_construction,22.5,1,3.0,8.64
8f119a0aee85c0c8fc534629734e94fd,SP,housewares,168.38,6,3.8333333333333335,19.709999999999997
8f119a0aee85c0c8fc534629734e94fd,SP,signaling_and_security,43.5,1,1.0,7.57
8f119a0aee85c0c8fc534629734e94fd,SP,small_appliances,275.96,9,3.9166666666666665,8.303333333333333
8f119a0aee85c0c8fc534629734e94fd,SP,toys,2458.09,46,4.382978723404255,13.427659574468086
8f2b51a30523cdecddc2f179f351c7d6,SP,auto,1027.9,7,3.875,18.541249999999998
8f2ce03f928b567e3d56181ae20ae952,SP,sports_leisure,21213.2,151,4.116959064327485,21.840697674418603
8f54d64f28a993550aa7943f12572959,MG,health_beauty,2755.5,15,3.8125,23.60125
8f580d36c1e9d6fbce95283403c7d447,SP,auto,4813.25,8,4.375,22.51875
8f78f0903005064036736c7173a5c2ed,MG,furniture_decor,1288.4,9,3.0,25.540625
8f78f0903005064036736c7173a5c2ed,MG,furniture_living_room,591.6,2,5.0,71.805
8f78f0903005064036736c7173a5c2ed,MG,housewares,53.8,1,5.0,15.1
8f78f0903005064036736c7173a5c2ed,MG,kitchen_dining_laundry_garden_furniture,179.9,1,5.0,49.79
8fb67a334bacec338885b4e9e1708073,PR,furniture_decor,59.9,1,5.0,38.52
8fb791022c1fc8909664f48ab7dc636d,SP,home_appliances_2,8119.95,5,4.2,72.67999999999999
8fbd63429be6d3e5e6d1a709b6464802,SP,auto,1061.4,6,4.625,22.44625
8fbe2ee446b97e128471be4ce983dc0d,SP,health_beauty,148.5,3,3.0,13.333333333333334
8fd3b4468f6425810648177996c14cbd,SP,health_beauty,354.9,1,5.0,21.67
8fdca8e349553f99bc738833a62c8802,SP,computers_accessories,227.5,8,4.6923076923076925,12.235384615384616
8fdca8e349553f99bc738833a62c8802,SP,electronics,751.8499999999999,13,4.285714285714286,14.206666666666667
8fdca8e349553f99bc738833a62c8802,SP,market_place,9.99,1,1.0,8.72
8fe8786ee000001ab51d030dfd4a7bf1,SC,musical_instruments,2255.0,5,4.6,40.288
8fec2e460530482132c436cfb5439925,SP,toys,468.46,3,3.8,16.03
8ff1a9df749e454105c55cda13e79143,SP,air_conditioning,479.70000000000005,2,1.0,31.869999999999994
8ff1a9df749e454105c55cda13e79143,SP,art,55.9,1,4.0,13.75
8ff1a9df749e454105c55cda13e79143,SP,construction_tools_construction,99.8,2,3.0,14.399999999999999
8ff1a9df749e454105c55cda13e79143,SP,cool_stuff,119.9,1,2.0,17.75
8ff1a9df749e454105c55cda13e79143,SP,housewares,645.3000000000001,7,4.428571428571429,17.32857142857143
8ff38bc3969e67c36c48343a07090f66,SP,auto,3472.0,2,2.5,48.445
8fff28c4263ddec387f28d237fb42773,SP,bed_bath_table,58.6,2,5.0,13.5075
900ba814c251a692506d7834c1218441,SP,health_beauty,28833.03,86,4.226190476190476,27.14453488372093
901b460cdce0c64e471230d7f2f9f3a3,RS,fashion_bags_accessories,1645.0,4,4.25,22.9675
901b460cdce0c64e471230d7f2f9f3a3,RS,furniture_bedroom,259.0,1,5.0,16.69
902c99f1ac505c0d18778b61bcd636f7,SP,housewares,123.47,3,5.0,27.27333333333333
903037660cf848a717166eb7a06d616e,SP,construction_tools_lights,823.96,3,3.25,24.345
903037660cf848a717166eb7a06d616e,SP,cool_stuff,69.99,1,5.0,8.29
903037660cf848a717166eb7a06d616e,SP,furniture_decor,5359.06,20,3.433333333333333,20.736666666666668
903037660cf848a717166eb7a06d616e,SP,garden_tools,1682.17,20,4.333333333333333,14.842500000000001
90b36c5aeb728d5504a39f435bef0c5f,SP,drinks,17.99,1,5.0,12.79
90b36c5aeb728d5504a39f435bef0c5f,SP,food_drink,29.9,1,5.0,23.01
90b36c5aeb728d5504a39f435bef0c5f,SP,health_beauty,106.0,2,5.0,29.1
90b57083da5d803237da74daec6dcb2b,PR,housewares,17.9,1,5.0,18.23
90b57083da5d803237da74daec6dcb2b,PR,sports_leisure,189.0,1,5.0,16.08
910a922b426b7ff95eaee129ad6c0e1f,SP,sports_leisure,119.8,2,5.0,15.58
913fd0ebba70bb919f7254a02239173c,SC,auto,159.9,1,1.0,19.22
9140bd1d9de28b197dce077bdd687438,SP,sports_leisure,1258.87,6,4.125,23.0075
9140ef75cc8211c4035935e80e567204,PR,pet_shop,49.9,1,5.0,22.28
91543f9849d68d023e17194926598543,SC,furniture_decor,834.0,4,4.333333333333333,44.428333333333335
916748bc99315c2d202898ae58b1617e,SP,market_place,70.0,1,5.0,10.96
916748bc99315c2d202898ae58b1617e,SP,sports_leisure,275.40000000000003,22,4.285714285714286,11.790357142857143
916c9de0b5ad957346eeeb12f332687e,PR,health_beauty,5336.5,22,4.37037037037037,17.695185185185185
918717417d88a9f9ae9735567e6c7682,SP,baby,119.9,1,5.0,16.6
918717417d88a9f9ae9735567e6c7682,SP,health_beauty,215.8,2,5.0,9.57
918717417d88a9f9ae9735567e6c7682,SP,sports_leisure,10.0,1,5.0,7.78
918f6fbcf3ab724d805867303e593a1b,SP,computers_accessories,29.9,1,3.0,10.96
918f6fbcf3ab724d805867303e593a1b,SP,electronics,49.8,1,5.0,10.96
9198786624eaeb375793215cad26cfa6,SC,computers_accessories,119.8,2,4.5,18.3
9198786624eaeb375793215cad26cfa6,SC,furniture_decor,431.0,3,3.6666666666666665,25.876666666666665
9198786624eaeb375793215cad26cfa6,SC,sports_leisure,303.6,3,4.25,21.0175
91f0eec23d4a61d7d7caeefa3f0ad1ca,SC,auto,2190.8,11,3.5454545454545454,32.22363636363636
91f5779a8731baca4809fdeade81803f,RJ,sports_leisure,1821.96,4,3.5,23.98
91f5779a8731baca4809fdeade81803f,RJ,stationery,149.5,2,4.5,24.855
91f848e9f4be368f4318775aac733370,SP,housewares,5248.72,49,4.368421052631579,17.906440677966103
9200e6ce317b67196b6b0bad4d4bd567,RJ,furniture_decor,36.9,1,3.0,14.52
921323538c9f1c4e816f2720eac02bea,SP,baby,57.8,2,4.0,15.190000000000001
921323538c9f1c4e816f2720eac02bea,SP,sports_leisure,1057.06,11,4.0,13.839230769230769
921323538c9f1c4e816f2720eac02bea,SP,watches_gifts,286.98,2,4.0,15.035
9261d76c62caaf0b24677c2ceb7f8f20,SC,housewares,968.6999999999999,6,3.7142857142857144,35.362857142857145
929f342384a6607afe143d789ade1316,PR,garden_tools,37.5,1,5.0,19.45
929f342384a6607afe143d789ade1316,PR,housewares,133.0,2,5.0,14.67
929f342384a6607afe143d789ade1316,PR,pet_shop,38.9,1,5.0,14.57
92c8bc6e8f925792247656fed09aad65,SP,housewares,51.9,1,5.0,18.6
92d14edfb62ee5ae7fdff70b0f4e7233,SP,drinks,122.0,2,4.0,15.540000000000001
92d14edfb62ee5ae7fdff70b0f4e7233,SP,food_drink,84.0,2,1.3333333333333333,11.071666666666667
92d14edfb62ee5ae7fdff70b0f4e7233,SP,health_beauty,116.0,4,4.0,13.628
92eb0f42c21942b6552362b9b114707d,SP,cool_stuff,305.0,16,3.4583333333333335,8.943333333333333
92eb0f42c21942b6552362b9b114707d,SP,electronics,24.94,2,4.5,13.555
92eb0f42c21942b6552362b9b114707d,SP,telephony,6086.47,316,3.9909090909090907,13.86710843373494
9315e491484b1b0081ca166fc164108d,PR,housewares,29.99,1,3.0,30.41
933446e9a59dece7ae9175103820ca8f,PR,housewares,64.99,1,5.0,22.38
939e6227d6964a11a70aa91243e418f2,MG,health_beauty,425.0,4,4.25,15.8125
939f6e231201f26803cb5c3a3d2940b3,SP,furniture_decor,130.6,3,4.75,23.755000000000003
93b9a99027bd8bd6af682aff18dd19bf,SP,furniture_decor,878.0,10,4.090909090909091,12.976363636363637
93b9a99027bd8bd6af682aff18dd19bf,SP,housewares,824.0,6,3.8,43.166666666666664
93bef6edaa84956e8e575016449b6351,SP,sports_leisure,115.0,1,5.0,14.56
93dc87703c046b603023e75222018b45,MG,sports_leisure,418.0,1,5.0,45.31
93dc87703c046b603023e75222018b45,MG,stationery,398.0,2,4.5,16.169999999999998
93dc87703c046b603023e75222018b45,MG,watches_gifts,7333.35,30,4.071428571428571,17.534333333333333
94144541854e298c2d976cb893b81343,RS,fashio_female_clothing,65.0,1,3.0,15.2
94144541854e298c2d976cb893b81343,RS,health_beauty,17105.68,63,4.4,18.926901408450703
94144541854e298c2d976cb893b81343,RS,perfumery,115.6,4,3.5,17.59
941554c5757b73ba0e50aa7732310afc,SP,garden_tools,107.69,3,4.5,14.665
94165aea8a35c3c21499cbcae239b16c,MG,auto,180.0,1,2.0,16.11
94231344608e603693b0a8891143f65d,SP,housewares,483.0,2,4.0,20.225
9449f25aeaf531019b76999ea49a6949,RJ,health_beauty,1979.5500000000002,9,4.222222222222222,18.943333333333335
9485a23c0430ba1d58d359391606fce6,SP,auto,830.9,4,3.75,13.74
94b9108d4b637ba65bb4f1e53cfcf8d8,SP,baby,11.24,3,3.6666666666666665,9.886666666666667
94b9108d4b637ba65bb4f1e53cfcf8d8,SP,electronics,223.72,4,5.0,13.894
94c49f20a123aeb9360dbf80ff912bf6,SP,fashion_sport,49.95,1,5.0,25.44
94c49f20a123aeb9360dbf80ff912bf6,SP,toys,227.8,2,3.0,18.05
94ca168e8bcb407ab85c5da308863027,SP,food,47.5,1,5.0,18.43
94ca168e8bcb407ab85c5da308863027,SP,health_beauty,176.8,4,5.0,17.232499999999998
94d76e96eedd976258cd3278ce56d5f2,SP,sports_leisure,385.61,1,5.0,68.56
94e93ce877be27a515118dbfd2c2be41,SP,auto,154.9,2,4.0,25.665
94e93ce877be27a515118dbfd2c2be41,SP,costruction_tools_garden,199.8,1,5.0,17.95
94e93ce877be27a515118dbfd2c2be41,SP,garden_tools,1729.8999999999999,6,4.142857142857143,21.472857142857144
94e93ce877be27a515118dbfd2c2be41,SP,home_appliances,190.0,1,5.0,16.96
94e93ce877be27a515118dbfd2c2be41,SP,home_appliances_2,189.9,1,3.0,26.17
94e93ce877be27a515118dbfd2c2be41,SP,home_confort,753.48,6,3.3333333333333335,16.73857142857143
94e93ce877be27a515118dbfd2c2be41,SP,housewares,1639.0,8,4.0,39.79
94e93ce877be27a515118dbfd2c2be41,SP,industry_commerce_and_business,379.9,1,3.0,15.68
94e93ce877be27a515118dbfd2c2be41,SP,sports_leisure,129.8,2,5.0,15.024999999999999
951e8cef368f09bb3f3d03c00ca4702c,SP,baby,939.85,15,3.7333333333333334,16.426666666666666
951e8cef368f09bb3f3d03c00ca4702c,SP,bed_bath_table,3053.46,47,4.288461538461538,20.62648148148148
9523fb39dd240aa958e040f8183d64f3,SP,construction_tools_safety,146.99,1,1.0,21.3
9535a841eecebed61a9fb1ac1cbb5597,SP,garden_tools,784.9,2,3.0,16.715
9539213aa8e023c01937bef95dc006da,SP,housewares,229.1,9,4.555555555555555,9.993333333333332
9558aa23f77a9e0a0eca83540999f43b,PR,fashion_bags_accessories,39.0,1,5.0,14.52
955fee9216a65b617aa5c0531780ce60,SP,agro_industry_and_commerce,266.0,12,3.923076923076923,9.834615384615384
955fee9216a65b617aa5c0531780ce60,SP,art,914.0,11,4.818181818181818,13.97272727272727
955fee9216a65b617aa5c0531780ce60,SP,auto,1040.99,16,4.764705882352941,17.611176470588234
955fee9216a65b617aa5c0531780ce60,SP,computers_accessories,1939.87,23,4.043478260869565,16.55695652173913
955fee9216a65b617aa5c0531780ce60,SP,construction_tools_construction,1068.0,14,4.294117647058823,17.29647058823529
955fee9216a65b617aa5c0531780ce60,SP,construction_tools_lights,2283.93,40,4.017857142857143,11.808392857142858
955fee9216a65b617aa5c0531780ce60,SP,cool_stuff,4012.5,115,4.356521739130435,16.593391304347826
955fee9216a65b617aa5c0531780ce60,SP,costruction_tools_tools,1890.0,9,4.333333333333333,32.75888888888889
955fee9216a65b617aa5c0531780ce60,SP,fixed_telephony,316.0,2,4.5,19.525
955fee9216a65b617aa5c0531780ce60,SP,food,675.0,7,4.428571428571429,17.324285714285715
955fee9216a65b617aa5c0531780ce60,SP,furniture_decor,38364.3,433,4.041904761904762,13.695359848484848
955fee9216a65b617aa5c0531780ce60,SP,garden_tools,9936.93,61,4.39344262295082,16.15209677419355
955fee9216a65b617aa5c0531780ce60,SP,health_beauty,11527.6,108,4.20353982300885,22.040438596491228
955fee9216a65b617aa5c0531780ce60,SP,housewares,29780.0,175,3.727659574468085,19.215485232067508
955fee9216a65b617aa5c0531780ce60,SP,industry_commerce_and_business,3650.0,30,4.34375,15.641875
955fee9216a65b617aa5c0531780ce60,SP,kitchen_dining_laundry_garden_furniture,1639.99,8,3.75,39.31583333333333
955fee9216a65b617aa5c0531780ce60,SP,musical_instruments,2220.0,23,4.125,14.531666666666666
955fee9216a65b617aa5c0531780ce60,SP,office_furniture,1432.9,5,4.8,57.534000000000006
955fee9216a65b617aa5c0531780ce60,SP,small_appliances,320.0,1,,27.08
955fee9216a65b617aa5c0531780ce60,SP,sports_leisure,15711.0,118,4.106870229007634,20.182105263157894
955fee9216a65b617aa5c0531780ce60,SP,stationery,2501.7400000000002,46,4.285714285714286,16.394897959183673
955fee9216a65b617aa5c0531780ce60,SP,telephony,48.0,1,5.0,16.11
955fee9216a65b617aa5c0531780ce60,SP,toys,297.96,4,5.0,12.635
9596c870880d900012f2e8e6e30d06d7,MG,construction_tools_construction,3924.7,11,3.6923076923076925,97.50307692307692
9596c870880d900012f2e8e6e30d06d7,MG,housewares,58.9,1,5.0,19.6
9596c870880d900012f2e8e6e30d06d7,MG,industry_commerce_and_business,980.9,1,5.0,149.01
9596c870880d900012f2e8e6e30d06d7,MG,stationery,2660.85,8,4.75,38.77625
9599519be538b98748162a2b48248960,SP,sports_leisure,570.0,1,1.0,20.02
95b293867b5862941c9cd74f756a3c68,SP,audio,366.70000000000005,3,4.666666666666667,13.663333333333334
95b293867b5862941c9cd74f756a3c68,SP,telephony,281.4,6,3.0,9.521666666666667
95cca791657aabeff15a07eb152d7841,PR,sports_leisure,9.99,1,5.0,18.23
95e03ca3d4146e4011985981aeb959b9,RJ,baby,1219.2,13,3.8846153846153846,17.656153846153845
95e03ca3d4146e4011985981aeb959b9,RJ,furniture_decor,1438.7,18,4.238095238095238,22.431428571428572
95e03ca3d4146e4011985981aeb959b9,RJ,garden_tools,268.39,7,3.857142857142857,14.415714285714285
95e03ca3d4146e4011985981aeb959b9,RJ,health_beauty,119.96,3,5.0,15.445
95e03ca3d4146e4011985981aeb959b9,RJ,home_construction,1678.8000000000002,16,3.5,15.991666666666667
95e03ca3d4146e4011985981aeb959b9,RJ,housewares,2778.96,41,3.764705882352941,15.983725490196077
95e03ca3d4146e4011985981aeb959b9,RJ,musical_instruments,30.0,1,5.0,8.47
95e03ca3d4146e4011985981aeb959b9,RJ,perfumery,539.88,15,4.4,14.301333333333334
95e03ca3d4146e4011985981aeb959b9,RJ,small_appliances,831.92,8,4.25,22.71375
95e03ca3d4146e4011985981aeb959b9,RJ,sports_leisure,572.1,16,4.588235294117647,15.475882352941175
95e03ca3d4146e4011985981aeb959b9,RJ,stationery,128.0,2,5.0,18.145
95e03ca3d4146e4011985981aeb959b9,RJ,toys,739.4,15,4.214285714285714,17.052500000000002
95e03ca3d4146e4011985981aeb959b9,RJ,watches_gifts,519.85,17,3.588235294117647,14.475294117647058
95ec4458365c4d11f452ccf538377619,SP,construction_tools_construction,18.9,1,4.0,7.71
95ec4458365c4d11f452ccf538377619,SP,furniture_decor,957.61,10,3.6153846153846154,11.047692307692309
95ec4458365c4d11f452ccf538377619,SP,housewares,94.5,4,4.6,7.517999999999999
95ec4458365c4d11f452ccf538377619,SP,stationery,795.75,12,4.909090909090909,20.645833333333332
95f83f51203c626648c875dd41874c7f,MG,baby,269.90999999999997,9,3.6666666666666665,15.017777777777777
95f83f51203c626648c875dd41874c7f,MG,furniture_decor,2807.75,41,3.142857142857143,25.33892857142857
960945e1a9535cbc0cd6ddd35fbe7ae8,SP,construction_tools_construction,3127.33,25,4.6,17.3032
960945e1a9535cbc0cd6ddd35fbe7ae8,SP,garden_tools,25.5,1,5.0,19.37
960945e1a9535cbc0cd6ddd35fbe7ae8,SP,housewares,228.9,2,5.0,9.283333333333333
9616352088dcf83a7c06637f4ebf1c80,PR,sports_leisure,5643.099999999999,91,4.278350515463917,18.21340206185567
961dff0a659b4561334372337dd897d9,RJ,cool_stuff,7297.0,3,4.666666666666667,30.91333333333333
9646c3513289980f17226a2fc4720dbd,SP,computers_accessories,2517.7,63,4.3428571428571425,15.796285714285714
9646c3513289980f17226a2fc4720dbd,SP,consoles_games,49.9,1,5.0,11.74
9646c3513289980f17226a2fc4720dbd,SP,cool_stuff,314.0,3,4.0,14.503333333333332
9646c3513289980f17226a2fc4720dbd,SP,electronics,33.9,1,5.0,11.74
96493fab2fbb13a14d0c0e8772eef5c3,SP,computers_accessories,18969.0,63,4.031746031746032,18.94109375
964ff64dc05b13811c6d0f41e0aa5f6b,SP,home_construction,180.0,1,5.0,24.06
966cb4760537b1404caedd472cc610a5,SP,watches_gifts,45928.26,67,4.119402985074627,22.45238805970149
9674754b5a0cb32b638cec001178f799,SP,garden_tools,165.8,2,5.0,12.370000000000001
9674754b5a0cb32b638cec001178f799,SP,home_appliances,1377.03,23,4.260869565217392,13.693478260869565
9674754b5a0cb32b638cec001178f799,SP,housewares,189.9,1,5.0,16.09
9674754b5a0cb32b638cec001178f799,SP,small_appliances,3025.2200000000003,56,4.0,12.026268656716418
9674754b5a0cb32b638cec001178f799,SP,telephony,183.78,2,2.0,17.305
96804ea39d96eb908e7c3afdb671bb9e,MG,construction_tools_construction,2.55,3,3.3333333333333335,19.58666666666667
96804ea39d96eb908e7c3afdb671bb9e,MG,cool_stuff,479.70000000000005,6,4.0,15.954999999999998
96804ea39d96eb908e7c3afdb671bb9e,MG,electronics,259.75,3,2.4,23.728
96804ea39d96eb908e7c3afdb671bb9e,MG,fixed_telephony,149.95,1,5.0,15.8
96804ea39d96eb908e7c3afdb671bb9e,MG,sports_leisure,2638.8,24,4.333333333333333,18.68
968268a686aa05d1f529fb07dff08130,SP,art,149.99,1,3.0,14.63
968268a686aa05d1f529fb07dff08130,SP,stationery,4527.3,11,3.5454545454545454,17.174545454545456
968ee78631915a63fef426d6733d7422,RS,cool_stuff,450.0,2,3.0,35.835
96e5dc09087bad639b4ee193104ec2e5,RJ,health_beauty,22.9,1,4.0,37.07
96e5dc09087bad639b4ee193104ec2e5,RJ,sports_leisure,79.0,1,5.0,15.47
96f7c797de9ca20efbe14545bed63eec,SP,perfumery,138.60000000000002,1,1.0,12.79
972d0f9cf61b499a4812cf0bfa3ad3c4,SC,bed_bath_table,7910.42,81,2.9642857142857144,24.427093023255814
973f21788dfab357250f69a8dcb7ddee,MG,sports_leisure,819.0,9,2.473684210526316,25.79105263157895
974cf2cb8f4b7add98709c30df02fe10,SP,computers_accessories,2619.71,29,4.137931034482759,16.510344827586206
974cf2cb8f4b7add98709c30df02fe10,SP,health_beauty,74.99,1,5.0,18.4
97512d3fc193b2d1dfcdba0f9d1f0f8a,SP,computers_accessories,1458.8700000000001,12,4.3076923076923075,26.273076923076925
977f9f63dd360c2a32ece2f93ad6d306,SP,baby,2730.07,23,3.9166666666666665,37.16041666666667
979e9f8b5b39dd243a2550c8b05aecf0,SP,health_beauty,525.0,3,5.0,11.72
97e4a63591ca439a2b8b7efd20e6e19e,RJ,furniture_living_room,349.95,5,4.4,15.709999999999999
97e50a621f8e801f4baf69e08687c192,SP,toys,89.9,1,5.0,7.88
97e995629983723d11830a829bc2b246,SP,books_technical,314.70000000000005,3,5.0,19.686666666666667
97e995629983723d11830a829bc2b246,SP,stationery,184.8,2,4.5,20.155
9803a40e82e45418ab7fb84091af5231,GO,auto,69.5,2,3.0,34.595
9803a40e82e45418ab7fb84091af5231,GO,computers_accessories,3389.5,2,1.5714285714285714,19.275714285714287
9803a40e82e45418ab7fb84091af5231,GO,construction_tools_construction,375.0,2,5.0,30.045
9803a40e82e45418ab7fb84091af5231,GO,construction_tools_safety,29.75,1,5.0,22.14
9803a40e82e45418ab7fb84091af5231,GO,fixed_telephony,250.0,2,4.5,46.19
9803a40e82e45418ab7fb84091af5231,GO,stationery,105.0,1,1.0,22.67
9803a40e82e45418ab7fb84091af5231,GO,toys,60.0,1,4.0,51.14
980640c45d7a4635885491d077167e4d,SP,fashion_bags_accessories,630.63,9,4.666666666666667,18.973333333333333
980640c45d7a4635885491d077167e4d,SP,luggage_accessories,49.99,1,5.0,18.45
980640c45d7a4635885491d077167e4d,SP,stationery,323.67,4,4.5,13.29
98115075dd26cb8835946fc6086f5d30,SP,furniture_decor,345.97,3,5.0,14.866666666666667
984c273121e743dd14767befe6cb17f5,SP,cool_stuff,259.6,1,1.0,21.31
9853a239ab7b7ebbdc3a21248d5b8e1f,PR,housewares,242.0,4,3.75,17.05
985c92cc412091f8529c12d7f23d3fef,MG,health_beauty,1368.5,12,4.75,19.844166666666666
989becdce12ebc39863c2bceab6f3ca1,PR,costruction_tools_tools,118.0,1,5.0,17.76
989becdce12ebc39863c2bceab6f3ca1,PR,garden_tools,223.0,3,5.0,19.44
989becdce12ebc39863c2bceab6f3ca1,PR,sports_leisure,5961.9,11,4.7272727272727275,67.13090909090909
98dac6635aee4995d501a3972e047414,SP,housewares,4115.75,89,3.8882978723404253,12.52421052631579
98dddbc4601dd4443ca174359b237166,PR,housewares,158.0,2,5.0,26.835
98e164d549402270247f3c96a1a158ef,SP,cool_stuff,162.7,2,2.5,12.36
98f52e1020fe788c10c0418de4393fec,RJ,sports_leisure,21.6,1,4.0,15.1
99002261c568a84cce14d43fcffb43ea,MT,baby,3368.0,29,3.6206896551724137,30.733793103448274
99002261c568a84cce14d43fcffb43ea,MT,cool_stuff,720.0,7,4.142857142857143,29.86428571428571
9906e7aa42a3c067b7c9a564d01c4320,PR,sports_leisure,2619.0,12,4.0625,31.037499999999998
994f04b3718c2bab35c2adfa8afecd2a,SP,furniture_decor,36.9,1,5.0,18.36
994f04b3718c2bab35c2adfa8afecd2a,SP,housewares,3163.0,45,4.30188679245283,13.601886792452829
994f04b3718c2bab35c2adfa8afecd2a,SP,watches_gifts,89.9,1,5.0,15.39
9996ae921c50e8dff411ac69c0b4bb8b,SP,furniture_decor,29.700000000000003,2,2.3333333333333335,14.556666666666667
999f6d9a1c7c81f43be44c6b7d076210,SP,garden_tools,28.0,2,4.5,11.415
99a25c39b28a74d1151c35c18d178292,SP,baby,173.94,1,5.0,7.46
99a54764c341d5dc80b4a8fac4eba3fb,SP,furniture_living_room,89.0,1,5.0,18.2
99a54764c341d5dc80b4a8fac4eba3fb,SP,housewares,3203.16,40,3.5081967213114753,20.030645161290323
99a54764c341d5dc80b4a8fac4eba3fb,SP,kitchen_dining_laundry_garden_furniture,9.6,1,3.0,4.49
99a54764c341d5dc80b4a8fac4eba3fb,SP,signaling_and_security,32.0,1,2.0,15.38
99a54764c341d5dc80b4a8fac4eba3fb,SP,toys,245.0,1,4.0,18.85
99cd94252748d2bdde08e17858233602,SP,pet_shop,159.8,2,4.5,10.760000000000002
99eaacc9e6046db1c82b163c5f84869f,SP,computers_accessories,490.99,4,4.5,14.807500000000001
99eaacc9e6046db1c82b163c5f84869f,SP,fixed_telephony,908.0,4,2.75,14.7025
99eaacc9e6046db1c82b163c5f84869f,SP,telephony,9250.69,43,3.9565217391304346,16.49913043478261
9a03a4e9eb0b947652fae4f6121a3f5e,SP,baby,540.0,4,3.75,32.7675
9a03a4e9eb0b947652fae4f6121a3f5e,SP,food_drink,957.0,3,4.0,18.05
9a1aea68d3efa00862ec88c0768037d0,SP,air_conditioning,349.8,2,4.5,17.9
9a1aea68d3efa00862ec88c0768037d0,SP,home_appliances_2,959.4000000000001,5,4.333333333333333,26.118333333333336
9a84ba99f5367fdbd4598363496f1ea2,GO,sports_leisure,2223.38,15,3.8,27.671333333333333
9aa388272ee334b6ae07bc73706e254a,MG,bed_bath_table,678.0,6,3.857142857142857,26.208571428571428
9ac4f14370b1e24ddc58be041b7f99df,GO,luggage_accessories,86.25,1,5.0,23.75
9ac4f14370b1e24ddc58be041b7f99df,GO,music,54.88,1,4.0,37.29
9ac4f14370b1e24ddc58be041b7f99df,GO,sports_leisure,173.38,3,4.333333333333333,20.366666666666664
9ac75591b69c3402684b6ce0310f22ee,SP,housewares,60.5,1,5.0,9.17
9add47bf45ce8e8c7db6b9cf670b1e09,PR,baby,120.99,1,5.0,18.73
9add47bf45ce8e8c7db6b9cf670b1e09,PR,furniture_bedroom,79.9,1,5.0,29.08
9add47bf45ce8e8c7db6b9cf670b1e09,PR,furniture_decor,3597.05,33,4.212121212121212,26.03058823529412
9add47bf45ce8e8c7db6b9cf670b1e09,PR,furniture_living_room,359.0,1,5.0,15.01
9add47bf45ce8e8c7db6b9cf670b1e09,PR,home_confort,339.6,4,4.75,22.4725
9add47bf45ce8e8c7db6b9cf670b1e09,PR,market_place,109.9,1,1.0,30.0
9b00cad94ef3078faf6fba2e792c158f,MG,sports_leisure,354.9,1,5.0,18.92
9b00ed88b7fdb95d6ff76e27c1b52d16,SP,health_beauty,60.0,1,5.0,7.78
9b00ed88b7fdb95d6ff76e27c1b52d16,SP,sports_leisure,1507.88,45,4.553191489361702,11.584255319148937
9b013e03b2ab786505a1d3b5c0756754,SP,drinks,2111.94,49,4.203703703703703,11.373148148148148
9b013e03b2ab786505a1d3b5c0756754,SP,food,651.17,15,3.238095238095238,9.91851851851852
9b013e03b2ab786505a1d3b5c0756754,SP,food_drink,130.8,3,4.666666666666667,12.65
9b013e03b2ab786505a1d3b5c0756754,SP,health_beauty,3441.59,53,3.883116883116883,12.435454545454546
9b013e03b2ab786505a1d3b5c0756754,SP,perfumery,313.0,3,3.6666666666666665,8.156666666666666
9b013e03b2ab786505a1d3b5c0756754,SP,sports_leisure,2066.05,47,4.464285714285714,11.685357142857143
9b1585752613ec342d03bbab9997ec48,RJ,auto,3499.98,2,3.0,22.05
9b1585752613ec342d03bbab9997ec48,RJ,books_imported,749.0,1,5.0,55.96
9b1ab052f5fca308ba743ac789ebb2e1,PR,garden_tools,154.19,1,5.0,15.25
9b1ab052f5fca308ba743ac789ebb2e1,PR,industry_commerce_and_business,139.9,1,3.0,16.74
9b1f656ca3060f8af17a50d8a024b533,SP,auto,12.5,1,5.0,28.29
9b1f656ca3060f8af17a50d8a024b533,SP,costruction_tools_tools,28.5,1,5.0,19.39
9b522ba7eae9e1d04082f267144583cc,SP,furniture_decor,1259.0,1,4.0,95.09
9b522ba7eae9e1d04082f267144583cc,SP,garden_tools,219.6,2,5.0,9.465
9b76ad3d04236f76bc71c59470305e13,SP,housewares,394.70000000000005,2,5.0,20.643333333333334
9bade61a92bed55a25d2b67b9f4ed739,PR,baby,117.68,2,2.3333333333333335,19.04
9baf5cb77970f539089d09a38bcec5c3,SP,baby,148.99,1,4.0,9.86
9baf5cb77970f539089d09a38bcec5c3,SP,consoles_games,199.98,2,5.0,11.575
9baf5cb77970f539089d09a38bcec5c3,SP,cool_stuff,1280.98,2,5.0,39.135
9baf5cb77970f539089d09a38bcec5c3,SP,furniture_decor,613.96,4,4.5,17.8275
9baf5cb77970f539089d09a38bcec5c3,SP,housewares,2647.86,14,4.5,14.077857142857143
9baf5cb77970f539089d09a38bcec5c3,SP,market_place,497.97,3,2.6666666666666665,18.926666666666666
9baf5cb77970f539089d09a38bcec5c3,SP,telephony,249.95000000000002,4,4.8,15.598000000000003
9bc484c87d79cd4874e05ca182658045,SP,construction_tools_construction,683.5,4,4.0,15.0775
9bc484c87d79cd4874e05ca182658045,SP,construction_tools_lights,58.0,1,4.0,9.34
9bc484c87d79cd4874e05ca182658045,SP,garden_tools,154.0,1,4.0,10.64
9bc484c87d79cd4874e05ca182658045,SP,health_beauty,74.5,2,5.0,12.415
9bcdfa7b615b3abb9461d9e3ad9886ae,SC,sports_leisure,2126.07,14,4.6,19.886000000000003
9bf11dfc0bec77e5a23028043c3c5a8f,MG,auto,115.0,1,1.0,17.06
9c068d10aca38e85c50202e17b4a7e88,MS,auto,2658.9,17,4.125,26.466470588235296
9c0e69c7bf2619675bbadf47b43f655a,SP,auto,238.81,1,2.0,19.63
9c0e69c7bf2619675bbadf47b43f655a,SP,computers_accessories,32251.69,151,4.11734693877551,14.136868686868686
9c0e69c7bf2619675bbadf47b43f655a,SP,electronics,229.9,1,1.0,4.69
9c1c0c36cd23c20897e473901a8fb149,SP,food_drink,544.97,6,5.0,24.58142857142857
9c3a1c416c765687bc79a04113269929,MG,housewares,74.9,1,1.0,58.9
9c3c24eca51c52b91c1de727d2a2ae06,RS,fashion_bags_accessories,59.0,1,4.0,15.16
9c3c24eca51c52b91c1de727d2a2ae06,RS,sports_leisure,248.5,5,4.6,19.7
9c4d31c7e46ab03a43fc06e3142afd4e,RJ,toys,1218.9,2,4.5,21.910000000000004
9c54608f0996c32ae4743089d915f845,PR,housewares,194.8,3,4.0,36.64
9c57bc60cfad5ee62d35d3f1ce4593a1,PR,pet_shop,180.0,1,1.0,15.43
9c690ceacd5c66731bf443ea810195cb,MG,garden_tools,311.3,5,5.0,14.695714285714287
9c690ceacd5c66731bf443ea810195cb,MG,housewares,560.5,5,3.6,29.27
9c7fd21e0aa159b20da593371f08ff7c,SP,computers_accessories,174.9,1,1.0,9.97
9c7fd21e0aa159b20da593371f08ff7c,SP,fixed_telephony,233.70000000000002,2,4.333333333333333,12.023333333333333
9c7fd21e0aa159b20da593371f08ff7c,SP,garden_tools,60.0,1,2.0,25.24
9c7fd21e0aa159b20da593371f08ff7c,SP,telephony,329.7,3,3.6666666666666665,17.406666666666666
9cad4b68bb993ee401a3c5aaa2bc26dd,SP,health_beauty,649.3000000000001,5,3.4285714285714284,16.29
9cea4682e16655f7da87f406902e989e,PR,stationery,54.3,2,5.0,14.309999999999999
9cf787a239c1aa29dbd76f153dc13f9a,SP,stationery,316.0,4,4.75,13.100000000000001
9d213f303afae4983637247556438ede,SP,bed_bath_table,47.7,2,5.0,24.37
9d39404483343dd55c7ae254494d8388,SP,telephony,293.2,10,3.5,14.107999999999999
9d489893ff6af05029671b785f54b998,SP,construction_tools_lights,218.9,4,3.75,19.71
9d489893ff6af05029671b785f54b998,SP,garden_tools,79.8,1,5.0,11.85
9d4db00d65d7760644ac0c14edb5fd86,SP,auto,324.98,3,3.6666666666666665,12.186666666666667
9d4db00d65d7760644ac0c14edb5fd86,SP,baby,2549.08,23,4.625,11.856250000000001
9d4db00d65d7760644ac0c14edb5fd86,SP,cool_stuff,26.9,1,5.0,15.1
9d4db00d65d7760644ac0c14edb5fd86,SP,luggage_accessories,488.69,3,4.666666666666667,13.67
9d4db00d65d7760644ac0c14edb5fd86,SP,sports_leisure,29.8,1,5.0,8.82
9d4db00d65d7760644ac0c14edb5fd86,SP,stationery,118.9,1,5.0,8.57
9d4db00d65d7760644ac0c14edb5fd86,SP,toys,6307.36,65,4.523076923076923,16.893636363636364
9d5604a1f112324ad6b2aa552122e0fb,SP,home_construction,421.5,13,3.6470588235294117,20.02823529411765
9d5a9018aee56acb367ba9c3f05d1d6a,GO,auto,1392.95,13,3.8461538461538463,23.014615384615386
9d5a9018aee56acb367ba9c3f05d1d6a,GO,baby,4353.97,29,4.53125,20.1571875
9d5a9018aee56acb367ba9c3f05d1d6a,GO,cool_stuff,507.96000000000004,8,4.125,10.91
9d5a9018aee56acb367ba9c3f05d1d6a,GO,health_beauty,596.65,1,5.0,38.39
9d5a9018aee56acb367ba9c3f05d1d6a,GO,luggage_accessories,3268.4500000000003,19,4.65,22.398
9d681c7e12db302cb261e721040dde65,PR,sports_leisure,785.6,13,4.928571428571429,19.505714285714284
9d69ba0a7a626a64dc5db08e529559cf,SP,food,19.3,1,5.0,18.24
9d7a1d34a5052409006425275ba1c2b4,SP,computers_accessories,678.6,2,1.8,13.302000000000001
9d7a1d34a5052409006425275ba1c2b4,SP,housewares,49.99,1,5.0,23.07
9d7a1d34a5052409006425275ba1c2b4,SP,perfumery,25.98,2,4.0,12.79
9d7a1d34a5052409006425275ba1c2b4,SP,stationery,300.25,8,4.75,20.23625
9da15f4a4ea758d9eeb49000dbe57e22,SP,office_furniture,196.9,1,2.0,37.71
9da1ca0bef29ee170e541927a5aeabdc,SP,cool_stuff,494.70000000000005,3,4.333333333333333,20.569999999999997
9da1ca0bef29ee170e541927a5aeabdc,SP,small_appliances,989.6999999999999,3,1.6666666666666667,21.973333333333333
9dc79dd988ac42f4d56c340d7048420a,SP,health_beauty,749.6,4,4.75,23.5825
9dd459b29a14bf89d47183cf2cd0e4c7,SP,auto,180.0,2,5.0,9.41
9dd59e43f0c9f0553244e8f9c2fb247e,PR,perfumery,356.3,10,4.8,15.181999999999999
9dda5bbacd45e18d6485fee649205d09,MG,furniture_decor,1842.7,18,4.190476190476191,23.19047619047619
9dda5bbacd45e18d6485fee649205d09,MG,housewares,69.9,1,5.0,19.73
9de4643a8dbde634fe55621059d92273,SC,garden_tools,265.93,4,4.857142857142857,15.404285714285715
9de4643a8dbde634fe55621059d92273,SC,housewares,17294.41,69,4.5,21.814054054054054
9df5750209b83567ec144eb299d7d634,RS,cool_stuff,198.0,1,4.0,19.32
9df5750209b83567ec144eb299d7d634,RS,garden_tools,4451.0,9,3.888888888888889,25.107777777777777
9df5750209b83567ec144eb299d7d634,RS,industry_commerce_and_business,268.0,1,5.0,14.01
9e25199f6ef7e7c347120ff175652c3b,SP,housewares,12.5,1,4.0,14.52
9e6229250fedbe05838fef417b74e7fb,SP,baby,6365.900000000001,39,3.6097560975609757,24.59170731707317
9e6229250fedbe05838fef417b74e7fb,SP,bed_bath_table,3688.0,19,4.0,21.869999999999997
9e6229250fedbe05838fef417b74e7fb,SP,furniture_decor,2908.4,15,4.5,24.33125
9e6967d3cf386d284251784b18ccb485,SP,baby,179.7,3,4.666666666666667,11.65
9e6967d3cf386d284251784b18ccb485,SP,toys,263.96999999999997,3,3.6666666666666665,15.329999999999998
9e7c5f4d7770eab65738cca38f9efccf,SP,toys,184.8,2,3.5,19.04
9e94fa26a70ede4d26226e918e8706a2,SP,housewares,62.8,1,5.0,9.94
9e9b539eb2806acee3f5c28085c1db9f,MG,fixed_telephony,249.0,1,5.0,24.06
9e9b539eb2806acee3f5c28085c1db9f,MG,small_appliances,718.0,2,3.0,24.205
9ed65337433adfbedefd23dd76eaa494,SP,sports_leisure,1262.6,6,4.833333333333333,13.508333333333333
9f50216bfd01913736a55a11b55ea842,SP,audio,250.0,2,5.0,21.325
9f50216bfd01913736a55a11b55ea842,SP,auto,39.0,1,4.0,12.93
9f50216bfd01913736a55a11b55ea842,SP,computers_accessories,522.0,8,4.555555555555555,15.083333333333334
9f50216bfd01913736a55a11b55ea842,SP,construction_tools_construction,89.0,1,3.0,13.28
9f50216bfd01913736a55a11b55ea842,SP,cool_stuff,45.0,1,4.0,9.01
9f50216bfd01913736a55a11b55ea842,SP,health_beauty,240.0,1,5.0,13.5
9f50216bfd01913736a55a11b55ea842,SP,telephony,90.0,2,4.0,12.605
9f50216bfd01913736a55a11b55ea842,SP,toys,79.0,1,5.0,51.27
9f505651f4a6abe901a56cdc21508025,SP,auto,9.99,1,5.0,7.78
9f505651f4a6abe901a56cdc21508025,SP,computers_accessories,23384.41,338,4.315642458100559,14.292083333333332
9f505651f4a6abe901a56cdc21508025,SP,consoles_games,179.89999999999998,9,4.4,10.007
9f505651f4a6abe901a56cdc21508025,SP,cool_stuff,89.97,3,4.0,11.62
9f505651f4a6abe901a56cdc21508025,SP,housewares,1579.66,26,4.1875,12.054705882352941
9f505651f4a6abe901a56cdc21508025,SP,musical_instruments,563.96,13,4.923076923076923,12.842307692307692
9f505651f4a6abe901a56cdc21508025,SP,watches_gifts,104.94999999999999,3,2.6,17.016
9fbd5666d8618fa571c4230fafa09bd6,SP,auto,79.9,1,5.0,16.81
9fc70243fb26800cba56e8f014797004,MG,garden_tools,388.6,4,4.8,14.634
9fc70243fb26800cba56e8f014797004,MG,health_beauty,78.0,2,4.0,15.765
9fe7c6641c79970ab48185498f547c09,SP,luggage_accessories,130.0,1,5.0,34.71
a00824eb9093d40e589b940ec45c4eb0,SP,computers,9399.97,3,4.666666666666667,126.49666666666667
a0415d9b25ede3c4b1e477e9916ffc03,RJ,fashion_bags_accessories,859.6999999999999,3,4.333333333333333,15.993333333333332
a0415d9b25ede3c4b1e477e9916ffc03,RJ,watches_gifts,2684.5,6,4.166666666666667,22.826666666666668
a066df7361163e7ddc5d7452dd17448b,SP,telephony,1078.3,15,4.470588235294118,15.665882352941177
a06c8ff043abea0528ee44171e2140a2,MG,baby,462.8,6,4.666666666666667,12.71
a06c8ff043abea0528ee44171e2140a2,MG,health_beauty,19.8,1,5.0,7.88
a06c8ff043abea0528ee44171e2140a2,MG,housewares,31.9,1,5.0,8.29
a080fc8a850289b27500f6b49cca2553,SP,auto,244.0,3,4.666666666666667,11.24
a080fc8a850289b27500f6b49cca2553,SP,toys,139.0,1,5.0,18.85
a08692680c77d30a0b4280da5df01c5a,SP,computers_accessories,2433.0,6,5.0,13.406470588235294
a09a13f18ed27932d08438aa6f12756e,RS,garden_tools,29.9,1,3.0,16.11
a0a14e50070f3225b3eabba5b85da517,PR,furniture_living_room,176.2,4,4.5,18.11
a0d7fbb07bb5ebc3b05980e750db56f3,SP,furniture_decor,848.99,3,2.0,59.0475
a1040efe9ff4a6f93c28b0499eada8f5,SP,construction_tools_safety,1658.83,1,5.0,34.48
a1043bafd471dff536d0c462352beb48,MG,auto,219.0,2,4.5,23.265
a1043bafd471dff536d0c462352beb48,MG,computers_accessories,45620.56,313,4.284848484848485,40.17093373493976
a1043bafd471dff536d0c462352beb48,MG,garden_tools,53469.67,392,4.215311004784689,42.3928947368421
a11a0e0ca67423425691db355cff69b0,SP,auto,448.9,2,5.0,14.040000000000001
a13580f0e8f782b7a543885a0ef99f08,RJ,perfumery,938.94,6,4.666666666666667,31.998333333333335
a13580f0e8f782b7a543885a0ef99f08,RJ,telephony,365.96,4,4.0,16.697499999999998
a13aaf2d2886ab9fb30fb9a920160b8f,SC,musical_instruments,1011.52,4,4.5,18.5775
a1474fd46fd3430168f7ec202da39408,SP,auto,1742.5,10,4.6,32.239
a1474fd46fd3430168f7ec202da39408,SP,health_beauty,680.0,1,1.0,193.28
a1474fd46fd3430168f7ec202da39408,SP,office_furniture,330.0,1,5.0,48.45000000000001
a150c540f572d0fb53992264bc5c10b5,SP,consoles_games,119.9,1,4.0,15.59
a1544b9ea0b2390e020537d4daa89049,SP,fashion_bags_accessories,841.2,8,3.875,13.41625
a17f621c590ea0fab3d5d883e1630ec6,SP,food,19.33,1,5.0,8.27
a17f621c590ea0fab3d5d883e1630ec6,SP,sports_leisure,2658.5899999999997,62,4.164383561643835,14.104935064935065
a1bea7061f61f6fdd9a85a6325ba1033,SP,auto,125.2,1,3.0,18.98
a1bea7061f61f6fdd9a85a6325ba1033,SP,computers_accessories,18.89,1,5.0,7.39
a1bea7061f61f6fdd9a85a6325ba1033,SP,cool_stuff,55.9,1,4.0,9.14
a1bea7061f61f6fdd9a85a6325ba1033,SP,electronics,25.0,1,5.0,7.44
a1bea7061f61f6fdd9a85a6325ba1033,SP,health_beauty,52.0,1,3.0,8.52
a1bea7061f61f6fdd9a85a6325ba1033,SP,sports_leisure,299.0,1,5.0,9.35
a1bea7061f61f6fdd9a85a6325ba1033,SP,telephony,79.98,2,5.0,11.46
a1bea7061f61f6fdd9a85a6325ba1033,SP,watches_gifts,154.98,1,5.0,16.19
a1bea9970d8f65b240555f99c2214f7f,PR,construction_tools_lights,75.0,1,3.0,27.48
a20d8058c866dbaeca014d2cd20ac62e,SP,small_appliances,1194.0,2,5.0,22.45
a213f1bd6458f4a158f3746cb2514559,PR,computers_accessories,41.52,1,5.0,14.43
a218df5c097b0ca409cfaac1488cc7f6,SP,auto,21.9,1,4.0,24.57
a218df5c097b0ca409cfaac1488cc7f6,SP,construction_tools_construction,3.99,1,3.0,12.79
a218df5c097b0ca409cfaac1488cc7f6,SP,housewares,104.80000000000001,2,2.0,36.325
a21c11ec5c3f03e7cc9f9203bff9e1c6,SP,health_beauty,55.0,1,5.0,51.11
a21c11ec5c3f03e7cc9f9203bff9e1c6,SP,perfumery,330.0,2,2.3333333333333335,13.256666666666666
a23266650e7c84bb93fbbba502137478,RS,computers_accessories,162.8,2,5.0,14.015
a23266650e7c84bb93fbbba502137478,RS,construction_tools_safety,43.8,2,4.5,18.125
a23266650e7c84bb93fbbba502137478,RS,fixed_telephony,79.8,2,5.0,15.79
a23266650e7c84bb93fbbba502137478,RS,garden_tools,753.5,2,1.0,19.708
a23266650e7c84bb93fbbba502137478,RS,home_construction,472.5,3,3.6,16.928
a254c682cc01e119f83530446f1df9a9,SP,pet_shop,569.4,6,4.142857142857143,34.28857142857143
a2a41aedb70551d4a85aa04dc2fced48,SP,home_appliances,52.79,2,4.0,13.47
a2b5b6105ea5942300631d2e76f4ffe0,SP,auto,659.8,2,4.0,114.635
a2b5b6105ea5942300631d2e76f4ffe0,SP,toys,2626.89,14,4.857142857142857,35.24142857142857
a2b911e9ad40dc7d61c142a4683e2d85,RJ,sports_leisure,85.9,1,5.0,34.4
a2deecd5398f5df4987110c80a1972a3,SP,home_appliances,623.81,13,4.269230769230769,17.076153846153847
a2e874074c877c5a05abae80ad6e488f,SP,art,109.6,1,5.0,27.2
a2e874074c877c5a05abae80ad6e488f,SP,housewares,6665.5,37,4.17948717948718,25.776923076923076
a2e874074c877c5a05abae80ad6e488f,SP,sports_leisure,579.9,2,4.0,36.42
a2fa0bdc798ee84cdb08281337cf4fb6,SC,books_general_interest,354.86,8,4.818181818181818,17.01
a3082f442524a1be452e3189e003b361,SP,auto,301.6,3,4.25,24.4125
a35124e2d763d7ca3fbe3b97d143200f,SP,garden_tools,411.5,4,4.428571428571429,11.27
a353b1083c9863d756d9404695016d64,ES,musical_instruments,120.0,1,5.0,17.09
a35ef466c6fd6d052f5d241240d3c5e2,RS,sports_leisure,569.9,3,4.666666666666667,26.55
a369d693961cb93b61ca2cc518872a85,SP,construction_tools_lights,1188.0,4,3.75,51.9275
a369d693961cb93b61ca2cc518872a85,SP,home_construction,1409.0,7,4.214285714285714,29.220000000000002
a36ac007a4d18f865c8d32c3b2402c2d,SP,furniture_decor,219.98,2,2.5,17.495
a36ac007a4d18f865c8d32c3b2402c2d,SP,garden_tools,1009.8100000000001,6,2.8333333333333335,21.029999999999998
a36b125ac6d5fdbc7f50de85c9157bdc,SP,auto,489.98,2,4.5,16.895
a36b125ac6d5fdbc7f50de85c9157bdc,SP,sports_leisure,1038.73,15,3.9411764705882355,15.408823529411764
a36b125ac6d5fdbc7f50de85c9157bdc,SP,telephony,264.94,6,4.166666666666667,13.025
a3a38f4affed601eb87a97788c949667,SC,baby,1977.97,22,4.5,21.504347826086956
a3a38f4affed601eb87a97788c949667,SC,bed_bath_table,1623.2,18,4.666666666666667,17.882777777777775
a3a38f4affed601eb87a97788c949667,SC,cool_stuff,245.60000000000002,3,4.75,17.4075
a3a38f4affed601eb87a97788c949667,SC,fashion_male_clothing,2527.94,17,4.444444444444445,21.989473684210527
a3a38f4affed601eb87a97788c949667,SC,fashion_shoes,349.0,1,5.0,30.84
a3a38f4affed601eb87a97788c949667,SC,furniture_decor,1000.4,10,4.5,16.806
a3a38f4affed601eb87a97788c949667,SC,garden_tools,519.82,7,3.7777777777777777,16.30333333333333
a3a38f4affed601eb87a97788c949667,SC,health_beauty,108.80000000000001,2,5.0,16.77
a3a38f4affed601eb87a97788c949667,SC,luggage_accessories,169.7,3,4.333333333333333,23.406666666666666
a3a38f4affed601eb87a97788c949667,SC,sports_leisure,6645.87,59,4.366666666666666,20.250333333333334
a3a38f4affed601eb87a97788c949667,SC,stationery,169.8,2,5.0,17.095
a3a38f4affed601eb87a97788c949667,SC,toys,10956.52,107,4.3577981651376145,20.019633027522936
a3b0df0065e264a91b7bbf5f844af5cd,SP,auto,186.69,2,5.0,16.03
a3b42d266fa8afc874b909422ce88582,SP,computers_accessories,839.4000000000001,1,5.0,13.64
a3dd39f583bc80bd8c5901c95878921e,BA,food_drink,4607.81,34,4.594594594594595,21.73918918918919
a3e9a2c700480d9bb01fba070ba80a0e,SP,bed_bath_table,13096.8,126,4.0144927536231885,20.11357142857143
a3e9a2c700480d9bb01fba070ba80a0e,SP,food,275.0,3,4.666666666666667,17.709999999999997
a3f0b55de503387383c7b1de3ad7f678,PR,fashion_bags_accessories,2048.6,14,4.357142857142857,38.34285714285714
a3f0b55de503387383c7b1de3ad7f678,PR,luggage_accessories,2299.8,10,4.416666666666667,57.711666666666666
a3fa18b3f688ec0fca3eb8bfcbd2d5b3,SP,perfumery,47.8,1,5.0,18.23
a414555ce331b8c8aea4a9cb8395194d,SP,garden_tools,199.96,3,4.666666666666667,18.295
a414555ce331b8c8aea4a9cb8395194d,SP,home_appliances_2,1205.0,3,3.3333333333333335,52.223333333333336
a414555ce331b8c8aea4a9cb8395194d,SP,housewares,45.99,1,1.0,12.79
a416b6a846a11724393025641d4edd5e,SP,cool_stuff,1953.4,4,4.75,16.5475
a416b6a846a11724393025641d4edd5e,SP,health_beauty,22976.84,153,4.203488372093023,16.682383720930233
a420f60ff1aa9acc80d0e42959f2b313,SP,agro_industry_and_commerce,1234.0,1,4.0,35.5
a420f60ff1aa9acc80d0e42959f2b313,SP,air_conditioning,2193.0,11,4.181818181818182,14.854545454545455
a420f60ff1aa9acc80d0e42959f2b313,SP,baby,2201.8,29,3.925925925925926,17.92551724137931
a420f60ff1aa9acc80d0e42959f2b313,SP,health_beauty,315.8,10,4.0,10.726
a420f60ff1aa9acc80d0e42959f2b313,SP,home_construction,70.0,2,3.0,15.165
a420f60ff1aa9acc80d0e42959f2b313,SP,housewares,129.8,3,3.3333333333333335,13.146666666666667
a420f60ff1aa9acc80d0e42959f2b313,SP,pet_shop,278.0,2,4.5,8.7
a420f60ff1aa9acc80d0e42959f2b313,SP,sports_leisure,844.0,7,3.6666666666666665,15.129999999999999
a420f60ff1aa9acc80d0e42959f2b313,SP,toys,176.9,2,4.5,25.314999999999998
a425f92c199eb576938df686728acd20,PR,baby,182.5,2,5.0,18.975
a425f92c199eb576938df686728acd20,PR,furniture_decor,816.9,12,4.428571428571429,16.525714285714283
a425f92c199eb576938df686728acd20,PR,housewares,21.9,1,5.0,7.73
a425f92c199eb576938df686728acd20,PR,watches_gifts,85.0,1,5.0,16.35
a435b009cd956ea60748b5cfbddf2e24,SP,health_beauty,49.99,1,5.0,16.79
a435b009cd956ea60748b5cfbddf2e24,SP,perfumery,311.19,2,4.0,14.21
a44fb5a447105f8469bdf16bf9159f25,RS,sports_leisure,3706.1,19,4.052631578947368,30.87421052631579
a45314082d50d578a4721c9787ce09ab,SP,sports_leisure,285.0,1,5.0,20.3
a45314082d50d578a4721c9787ce09ab,SP,toys,139.9,1,5.0,8.72
a45765f8afb1e594b22bf9e974b46765,SP,auto,79.99,1,4.0,8.93
a478c7961d6a992065b24e63b366f90b,SC,furniture_decor,199.0,1,5.0,26.23
a478c7961d6a992065b24e63b366f90b,SC,home_construction,1082.5,7,4.875,17.978749999999998
a49928bcdf77c55c6d6e05e09a9b4ca5,SP,fashion_underwear_beach,868.9000000000001,11,3.6363636363636362,14.396363636363638
a49928bcdf77c55c6d6e05e09a9b4ca5,SP,housewares,57.0,3,2.3333333333333335,7.716666666666666
a49928bcdf77c55c6d6e05e09a9b4ca5,SP,toys,7721.000000000001,82,2.911111111111111,17.171222222222223
a4b6b9b992b46e9ef863637af96e04bc,SC,computers_accessories,129.0,1,4.0,16.66
a4b6b9b992b46e9ef863637af96e04bc,SC,construction_tools_safety,379.0,1,5.0,17.86
a4b6b9b992b46e9ef863637af96e04bc,SC,garden_tools,4785.0,4,3.5,29.22
a4b8d97cd5d3674eeff96abc99d8ed67,SP,construction_tools_construction,214.08,1,1.0,19.3
a4bd6e9adf39b63f43dc545d3ca1f53d,RJ,garden_tools,1548.79,3,4.333333333333333,25.62
a4bd6e9adf39b63f43dc545d3ca1f53d,RJ,signaling_and_security,299.8,1,5.0,17.76
a4fc6eadaff1576af888509a53420f6a,SP,computers_accessories,100.86,1,3.0,20.76
a513150f33f99a06569e9cd5c4bb889b,SP,construction_tools_construction,548.35,1,5.0,19.6
a513150f33f99a06569e9cd5c4bb889b,SP,home_appliances_2,128.65,1,4.0,14.65
a5259c149128e82c9d6d46e0c1c812bb,RO,auto,1182.26,8,3.875,54.85875
a53f60f05f822b5c621a50ff6a5cb362,MG,christmas_supplies,69.9,1,5.0,61.47
a53f60f05f822b5c621a50ff6a5cb362,MG,furniture_decor,345.5,3,2.0,13.532
a56a8043ebf66e42119618fb8cf232c6,SC,computers_accessories,83.0,1,5.0,23.73
a56e351445e5863fc8960640ba9190c7,SC,baby,397.8,1,4.0,10.31
a56e351445e5863fc8960640ba9190c7,SC,construction_tools_safety,363.12,2,4.5,22.22
a5a1bfcf728ab0e19182959cf0771ee4,SP,food,1039.2,15,4.277777777777778,14.330555555555556
a5a1bfcf728ab0e19182959cf0771ee4,SP,health_beauty,159.6,2,5.0,10.25
a5a1bfcf728ab0e19182959cf0771ee4,SP,sports_leisure,614.16,4,4.0,17.36
a5bff0f43eb51f0cad7c37fac7244c8a,SP,garden_tools,445.0,4,4.8,19.253999999999998
a5cba26a62b8b4d0145b68b841e62e7f,PR,cool_stuff,4111.72,13,4.461538461538462,27.305384615384618
a5cba26a62b8b4d0145b68b841e62e7f,PR,health_beauty,4643.22,28,4.586206896551724,20.03103448275862
a5cba26a62b8b4d0145b68b841e62e7f,PR,pet_shop,5683.9,12,4.666666666666667,34.255
a5dd1946fb63ada8bcaa0c9cd8f11e22,PE,health_beauty,149.31,3,4.0,36.5875
a5dd1946fb63ada8bcaa0c9cd8f11e22,PE,sports_leisure,70.31,3,3.6666666666666665,20.12
a5ff20ff766e7f50bd5066f33da14413,SP,home_appliances,30.0,1,5.0,12.79
a5ff20ff766e7f50bd5066f33da14413,SP,housewares,36.59,1,1.0,9.0
a61cc04793308395a840807104365121,SP,housewares,14.63,1,5.0,23.74
a63bfbaa882c8f4542891b4e2246cc7f,RJ,health_beauty,5682.0,6,5.0,40.665
a64e44665225d19dfc0277eeeaaccc57,SP,health_beauty,335.0,6,5.0,15.293333333333331
a663d9c3797e90eac99ff60939416a56,SP,computers_accessories,235.0,1,5.0,14.08
a673821011d0cec28146ea42f5ab767f,SP,bed_bath_table,10022.66,93,3.742424242424242,18.960857142857144
a673821011d0cec28146ea42f5ab767f,SP,health_beauty,499.9,1,5.0,11.85
a673821011d0cec28146ea42f5ab767f,SP,housewares,179.8,2,4.0,20.325
a673821011d0cec28146ea42f5ab767f,SP,kitchen_dining_laundry_garden_furniture,29.9,1,5.0,17.09
a673821011d0cec28146ea42f5ab767f,SP,pet_shop,209.70000000000002,3,4.666666666666667,13.856666666666667
a673821011d0cec28146ea42f5ab767f,SP,toys,2174.34,22,4.346153846153846,13.575384615384614
a673821011d0cec28146ea42f5ab767f,SP,watches_gifts,249.70000000000002,3,4.666666666666667,35.67666666666667
a67780aba9dd436e7ac0aa1f889e73ec,SP,auto,42.6,1,4.0,31.1
a67780aba9dd436e7ac0aa1f889e73ec,SP,sports_leisure,820.4000000000001,5,3.6,29.387999999999998
a69aa24cec11168e7e39a3fbc727e925,SP,health_beauty,105.97,3,5.0,11.44
a6bd7d1ccdac48c6b33b28596b7eb122,PB,watches_gifts,13669.11,15,3.5,42.519999999999996
a6fe7de3d16f6149ffe280349a8535a0,SP,fashion_underwear_beach,2844.9,50,4.06,14.304705882352941
a70e9066dbfd10b6b97a3f54a1356762,PR,furniture_decor,1716.0,2,5.0,77.85
a72c2f59332659e361d647515c698798,RS,garden_tools,246.9,2,4.5,28.905
a72c2f59332659e361d647515c698798,RS,pet_shop,556.0,3,5.0,18.305
a72f15980dc3e9bfd1a49ac9b2f3af65,SP,furniture_decor,89.9,1,4.0,18.73
a7a9b880c49781da66651ccf4ba9ac38,SP,bed_bath_table,307.6,3,3.75,16.3675
a7b7354cc588f7566a848bcbb1ce3d96,SP,home_appliances,79.8,2,4.0,12.535
a7c53f6b3b61adbdaa99dda97e8cbd56,SP,baby,99.0,1,4.0,11.3
a7c88262832dfc683781d6a421edefae,SP,perfumery,1520.0,5,4.2,16.484
a7d0f8dd44f57ef6de7f7f02e3d82630,SP,cool_stuff,43.9,1,4.0,18.41
a7d0f8dd44f57ef6de7f7f02e3d82630,SP,health_beauty,29.89,1,5.0,7.47
a7dc4098e4da6e41b426269d12ae7e91,SP,auto,518.0,2,3.6666666666666665,12.15
a7ecf689b40a44361e259b28939023e4,ES,sports_leisure,389.0,1,5.0,21.91
a7f13822ceb966b076af67121f87b063,SP,auto,92.96,1,5.0,28.84
a7f13822ceb966b076af67121f87b063,SP,furniture_decor,281.92,2,1.5,33.82
a7f13822ceb966b076af67121f87b063,SP,furniture_living_room,99.96,1,1.0,43.16
a7f13822ceb966b076af67121f87b063,SP,office_furniture,11312.89,68,3.5384615384615383,35.06253164556962
a7f13822ceb966b076af67121f87b063,SP,sports_leisure,229.96,1,5.0,53.16
a806a4bb063ea7ca6d374eafa50a6058,ES,perfumery,294.4,5,3.8333333333333335,18.478333333333335
a81466620e46a6970b22ef40379fdfc9,SC,computers_accessories,321.8,2,5.0,16.49
a8739afb32aaa45e01815ca76f76f54b,SP,electronics,298.83,13,3.466666666666667,17.648666666666667
a888faf2d1baececa6baf9c3d603ee1f,PR,perfumery,17564.8,53,4.111111111111111,20.517592592592592
a89e143d5211473ae18db9577ee34b64,SP,furniture_decor,70.0,1,5.0,9.94
a90a5da8b09e44264a177c0374a5ac87,PR,telephony,74.7,3,4.333333333333333,24.2
a938325a4b357fd23a6a4d5bb126408e,RJ,auto,3231.0,24,3.88,22.432399999999998
a9415cf907dfa12f9ed18693244f5329,MG,kitchen_dining_laundry_garden_furniture,210.0,1,5.0,87.71
a99504ac23ed125aaf5302af6cc30af9,SP,home_construction,978.0,1,5.0,47.24
a9ae440659f48b7849df83e82734150b,SP,auto,285.0,1,5.0,27.02
a9b533a26e898b12e8b8d4c07279bf4d,RJ,books_general_interest,119.6,4,5.0,17.865
aa17b35ce4de7b565be3249ba838944f,SP,sports_leisure,79.8,2,4.5,17.1
aa1eb17b9fdf6dfd546e25c45c7b9235,SP,health_beauty,117.99,3,4.5,9.067499999999999
aa2640d851ec322526f1295bbeb20092,SP,furniture_decor,159.98,1,3.0,11.18
aa762680c40618316a896838866140ea,PR,books_general_interest,261.0,3,3.3333333333333335,20.820000000000004
aa8af66c623d7d544dfe4bb85b5ebe3b,MG,art,99.0,1,5.0,15.57
aac29b1b99776be73c3049939652091d,MG,cool_stuff,3676.3,52,4.087719298245614,21.986842105263158
aac29b1b99776be73c3049939652091d,MG,electronics,1361.4,11,4.636363636363637,22.484545454545454
aac29b1b99776be73c3049939652091d,MG,furniture_decor,49.96,2,1.5,15.850000000000001
aac29b1b99776be73c3049939652091d,MG,furniture_living_room,143.9,2,5.0,22.36
aac29b1b99776be73c3049939652091d,MG,garden_tools,514.6,15,3.5833333333333335,16.078
aac29b1b99776be73c3049939652091d,MG,housewares,708.6,11,4.75,18.56
aac29b1b99776be73c3049939652091d,MG,kitchen_dining_laundry_garden_furniture,108.9,1,4.0,20.84
aac51c486b672a9850d59f3e84b1cf88,SP,food,489.71999999999997,6,4.75,9.705
aac51c486b672a9850d59f3e84b1cf88,SP,health_beauty,74.0,1,5.0,15.36
aac51c486b672a9850d59f3e84b1cf88,SP,sports_leisure,164.56,3,4.666666666666667,7.6433333333333335
aadfe0417e61315688b6bd7043361e25,GO,perfumery,289.9,1,4.0,14.28
aae3bfea055532c57fb453ed3ec80b30,SP,market_place,3057.92,48,3.5510204081632653,15.985
aae5953b9edddf14749c0d65d60eb4b9,MG,furniture_decor,173.0,2,5.0,14.95
aae5e7b457a3c72ee230a47d98fceda5,PR,bed_bath_table,604.8,5,4.142857142857143,20.110000000000003
aaed1309374718fdd995ee4c58c9dfcd,SC,fashio_female_clothing,339.20000000000005,2,3.5,16.439999999999998
aaed1309374718fdd995ee4c58c9dfcd,SC,fashion_bags_accessories,331.7,11,4.153846153846154,18.121538461538464
aaed1309374718fdd995ee4c58c9dfcd,SC,fashion_male_clothing,3630.25,31,3.8181818181818183,20.598787878787878
aaed1309374718fdd995ee4c58c9dfcd,SC,fashion_sport,386.8,2,3.0,79.13499999999999
aaed1309374718fdd995ee4c58c9dfcd,SC,sports_leisure,4657.5,58,4.19672131147541,19.79983606557377
aafe36600ce604f205b86b5084d3d767,SC,baby,6866.1,102,4.466019417475728,18.275825242718447
aafe36600ce604f205b86b5084d3d767,SC,bed_bath_table,179.7,2,1.6666666666666667,19.169999999999998
aafe36600ce604f205b86b5084d3d767,SC,cool_stuff,994.5,5,3.6,27.594
aafe36600ce604f205b86b5084d3d767,SC,market_place,1211.1,20,4.55,17.1955
ab27bbbad5239bc31a34709275a70db4,SP,construction_tools_construction,179.5,2,5.0,4.95
ab27bbbad5239bc31a34709275a70db4,SP,garden_tools,203.39999999999998,1,5.0,12.9
ab3e0c171fe84a7ba7de130f19cfb485,PR,furniture_decor,459.47,4,3.8,15.046000000000001
ab3e0c171fe84a7ba7de130f19cfb485,PR,housewares,163.98,2,5.0,18.825
ab75b89cc49c9ab3160d0c91565a442a,SP,stationery,18.99,1,1.0,0.75
ab91571efab27993ff2f6b36e38055c3,SP,auto,102.24,3,4.75,14.1725
ab9db4cf53b08b828b64dccaafc2d9f0,RS,air_conditioning,51.98,2,5.0,23.314999999999998
ab9db4cf53b08b828b64dccaafc2d9f0,RS,drinks,125.80000000000001,2,5.0,29.595000000000002
aba1721a889e04decc910aa13b768ef4,SP,housewares,151.0,1,5.0,8.31
aba1721a889e04decc910aa13b768ef4,SP,luggage_accessories,136.0,2,5.0,15.335
aba1721a889e04decc910aa13b768ef4,SP,sports_leisure,635.0,3,5.0,15.560000000000002
aba1721a889e04decc910aa13b768ef4,SP,stationery,13181.3,77,4.4186046511627906,13.529186046511628
abbf6046bbdf1028606a5bc7f00c99e7,SC,auto,1867.25,6,4.666666666666667,21.168333333333333
abc015ebac1d283a323ca9db35ede4b9,SP,air_conditioning,1052.8,11,4.333333333333333,17.358333333333334
abc015ebac1d283a323ca9db35ede4b9,SP,stationery,54.0,1,5.0,14.55
abcd2cb37d46c2c8fb1bf071c859fc5b,MT,health_beauty,4817.32,44,4.313725490196078,25.578823529411764
abe42c5d03695b4257b5c6cbf4e6784e,RJ,fashion_bags_accessories,3971.0,9,4.25,17.913333333333334
abe42c5d03695b4257b5c6cbf4e6784e,RJ,health_beauty,13029.0,40,3.9,19.658250000000002
ac3508719a1d8f5b7614b798f70af136,RS,baby,119.89,1,5.0,29.24
ac3508719a1d8f5b7614b798f70af136,RS,bed_bath_table,289.70000000000005,3,5.0,23.813333333333333
ac3508719a1d8f5b7614b798f70af136,RS,stationery,1709.65,14,4.5,22.782857142857143
ac3508719a1d8f5b7614b798f70af136,RS,toys,10326.9,83,4.646341463414634,30.66120481927711
ac51cac5e20d69ff485a54746488ef48,SP,drinks,223.0,1,1.0,17.32
ac6417315ae5da8f9a38ee11de6f7780,SP,air_conditioning,110.3,1,5.0,14.54
ac6417315ae5da8f9a38ee11de6f7780,SP,garden_tools,367.0,4,4.5,17.61
ac6417315ae5da8f9a38ee11de6f7780,SP,housewares,239.1,2,3.0,24.87
ac9b01377919cdbd2a1bbb8d5837c70b,SP,construction_tools_lights,55.9,1,3.0,23.54
acadd4d36859671cb635527c6c977533,SP,auto,8.0,1,1.0,16.11
acadd4d36859671cb635527c6c977533,SP,garden_tools,2373.0,11,4.545454545454546,22.71181818181818
acb6c2ca5c82411c1fdb88d5fd5eb95e,SP,auto,27.68,2,1.6666666666666667,12.616666666666667
acb6c2ca5c82411c1fdb88d5fd5eb95e,SP,garden_tools,22.9,1,5.0,18.26
acb6c2ca5c82411c1fdb88d5fd5eb95e,SP,sports_leisure,313.4,6,4.5,15.008333333333333
acb6c2ca5c82411c1fdb88d5fd5eb95e,SP,stationery,49.9,1,4.0,15.45
acce39e832338debb07b02385cde5967,MG,luggage_accessories,1940.2,17,4.176470588235294,28.62529411764706
acce39e832338debb07b02385cde5967,MG,stationery,2807.9,27,4.666666666666667,25.515925925925927
aced59e9b31ef866a94f9e7f29d8d418,SP,books_general_interest,343.0,5,4.6,14.692000000000002
aced59e9b31ef866a94f9e7f29d8d418,SP,drinks,480.0,5,4.2,16.302
aced59e9b31ef866a94f9e7f29d8d418,SP,housewares,6445.5,52,4.456140350877193,15.654912280701755
acf974e4d5950ad143a247471b831eb9,RS,housewares,280.7,2,5.0,33.145714285714284
ad14615bdd492b01b0d97922e87cb87f,SC,auto,8.25,1,5.0,10.96
ad273c9eb54ecb4532de4bf75bae9e4e,PR,furniture_decor,115.0,1,5.0,18.39
ad273c9eb54ecb4532de4bf75bae9e4e,PR,housewares,530.0,9,3.7,16.636
ad420dd0c4f92f8af951ac24b86d0cf5,MG,health_beauty,4425.29,41,4.159090909090909,19.860444444444447
ad420dd0c4f92f8af951ac24b86d0cf5,MG,toys,280.0,1,,19.39
ad75519a07f039025e83795a4418470f,GO,drinks,302.1,3,3.2222222222222223,12.86888888888889
ad781527c93d00d89a11eecd9dcad7c1,SP,baby,6039.63,38,3.3421052631578947,57.19710526315789
ad87df7699e83b8a91822a4a0b765c3a,SP,consoles_games,80.0,1,3.0,7.78
ad87df7699e83b8a91822a4a0b765c3a,SP,electronics,229.9,4,4.25,15.955
ad8b531ae67582f096925cff5630d0d1,PR,art,189.05,1,4.0,18.89
ad8b531ae67582f096925cff5630d0d1,PR,furniture_decor,9.4,1,4.0,34.15
ad97a199236354e53fcd91a5a913e9a2,SC,cool_stuff,1348.0,3,3.6666666666666665,65.02333333333333
ad97a199236354e53fcd91a5a913e9a2,SC,home_appliances_2,4170.5,6,4.833333333333333,39.82666666666666
ad97a199236354e53fcd91a5a913e9a2,SC,small_appliances,6928.35,7,4.5,50.3925
adbc26658d6c7b4b6219f9d934598091,PR,baby,7107.7,56,4.051724137931035,20.86413793103448
adbc26658d6c7b4b6219f9d934598091,PR,toys,4698.7,32,4.0588235294117645,19.874411764705883
adbe70ab2c97442046d393988c8d1d27,SP,garden_tools,289.5,5,5.0,13.030000000000001
adcf50477d6a1f5d91bb9d54c4903cb5,MG,furniture_decor,17.46,1,2.0,19.05
adcf50477d6a1f5d91bb9d54c4903cb5,MG,garden_tools,108.34,1,4.0,51.05
adcf50477d6a1f5d91bb9d54c4903cb5,MG,housewares,162.07999999999998,2,4.0,30.025
adcf50477d6a1f5d91bb9d54c4903cb5,MG,sports_leisure,693.98,12,3.3846153846153846,17.945
ade45994b717ccee333492330fbf037b,PR,telephony,7196.0,10,4.5,28.363
aded58c8142dedc5494a81f948431fab,RJ,health_beauty,149.8,2,3.0,18.705
aded58c8142dedc5494a81f948431fab,RJ,perfumery,139.7,3,3.3333333333333335,17.523333333333333
ae45ad30c2d2e5913094769690a239d2,SP,sports_leisure,251.8,1,5.0,15.63
ae45df84722b1d15c5f32b23a095746c,SP,health_beauty,901.8299999999999,9,4.833333333333333,13.638333333333334
ae7ab174effdead6c241e547e4ca13f0,PR,furniture_living_room,2778.6,6,3.857142857142857,113.63714285714286
ae8bfdbf1c2a2a2dee92d799db0a31c6,PR,furniture_decor,89.99,1,4.0,17.37
ae8bfdbf1c2a2a2dee92d799db0a31c6,PR,housewares,135.97,3,5.0,19.31
ae8bfdbf1c2a2a2dee92d799db0a31c6,PR,kitchen_dining_laundry_garden_furniture,95.97,3,3.3333333333333335,17.91
ae8bfdbf1c2a2a2dee92d799db0a31c6,PR,stationery,17.99,1,4.0,17.19
ae9690c6e8fee182c28c9ff8e11ca52c,SP,furniture_decor,47.4,1,5.0,12.41
aeb36d67f1414f234d42a29e27cf1f17,SP,auto,3263.8,4,4.5,71.07499999999999
aec99834ab5d38ead22766ada8497e87,PR,construction_tools_safety,459.0,1,5.0,17.51
af3ef48d0e13835e529c29ac573c63e5,SP,pet_shop,1303.75,20,3.7,22.7175
af3ef48d0e13835e529c29ac573c63e5,SP,toys,101.88,1,5.0,13.15
af4a0e4cfe1d9c26b6712b1be25a72e5,MG,computers_accessories,8171.25,18,3.3043478260869565,23.716521739130435
af4a0e4cfe1d9c26b6712b1be25a72e5,MG,construction_tools_construction,281.82,2,5.0,14.379999999999999
af7cdac9d9897cddead9c6b08976c642,SP,toys,543.54,6,3.6666666666666665,25.078333333333333
afa6714acee029b2dfdf357e5579cc03,SP,baby,249.99,1,3.0,19.0
afa6714acee029b2dfdf357e5579cc03,SP,computers_accessories,119.9,1,5.0,15.01
afa6714acee029b2dfdf357e5579cc03,SP,pet_shop,1196.0,2,5.0,35.98
afa6714acee029b2dfdf357e5579cc03,SP,toys,1654.8700000000001,12,3.923076923076923,21.29615384615385
afe0067131b73e40875c9b6c10bd2e21,MG,perfumery,5040.5,45,4.2727272727272725,24.690888888888885
b00af24704019bd2e1b335e70ad11f7c,BA,sports_leisure,189.0,1,5.0,18.25
b01c2b7b8599b325103ebcddc67413e1,RS,health_beauty,169.45,4,4.75,18.1675
b026643914f651e8371425e5b8a1e780,RJ,health_beauty,27.9,1,5.0,15.1
b0398568231ba5e6734af1881671a317,ES,auto,29.99,1,1.0,29.31
b0398568231ba5e6734af1881671a317,ES,cool_stuff,557.98,2,5.0,30.315
b0398568231ba5e6734af1881671a317,ES,garden_tools,68.8,1,5.0,23.41
b05b432bf68945d4d9783f9e3ca29ee8,SP,health_beauty,224.8,2,4.5,13.045
b080809eaacb49e5ca07290981472431,MG,books_general_interest,424.0,11,4.818181818181818,13.036363636363633
b0b346d3a89f5eb4c2968af3f083cd43,SP,drinks,205.0,5,3.6,15.134
b0b346d3a89f5eb4c2968af3f083cd43,SP,food_drink,264.0,4,4.0,21.2575
b0f2a6122a90a93eb03e68653dd960e3,PR,health_beauty,456.59999999999997,4,5.0,17.385
b1204cfda1d4948679db3cfc0d3cb95c,SP,furniture_decor,232.8,2,3.0,17.509999999999998
b1204cfda1d4948679db3cfc0d3cb95c,SP,sports_leisure,178.4,4,5.0,16.2575
b127efdabeffb5d559349c7b172eb75d,SP,fashion_bags_accessories,308.5,10,4.8,11.277
b12cfd255810394b60caef18ae163547,PR,office_furniture,560.0,2,4.5,83.07499999999999
b14db04aa7881970e83ffa9426897925,SP,furniture_decor,4643.9,68,3.75,19.766593406593408
b14db04aa7881970e83ffa9426897925,SP,garden_tools,952.0,10,4.166666666666667,21.83857142857143
b16d3dadc47d4eb18be3d88bad0775ce,RS,baby,34.9,1,3.0,18.34
b16d3dadc47d4eb18be3d88bad0775ce,RS,health_beauty,378.0,2,4.5,15.879999999999999
b16d3dadc47d4eb18be3d88bad0775ce,RS,sports_leisure,309.2,7,4.5,16.0425
b17b679f4f5ce2e03ce6968c62648246,SP,consoles_games,246.97,1,3.0,20.97
b17b679f4f5ce2e03ce6968c62648246,SP,health_beauty,3177.21,49,3.94,19.1842
b18871c324516afa228a13e8f1ef0ae9,SP,garden_tools,1064.6,9,3.9565217391304346,10.6
b18dc380845b24038cfc48006478f099,SP,cool_stuff,389.9,1,1.0,16.48
b18dc380845b24038cfc48006478f099,SP,health_beauty,7364.0599999999995,42,4.369565217391305,16.60404255319149
b19c48688808720822399ffa9f2dbe2f,SP,watches_gifts,959.99,1,5.0,24.82
b19f3ca2ea475913750f25a5c37c8d8f,MG,housewares,3175.2599999999998,18,3.1666666666666665,43.339444444444446
b19f3ca2ea475913750f25a5c37c8d8f,MG,stationery,998.9,1,5.0,222.38
b1a81260566c1bac3114a6d124413f27,RS,construction_tools_construction,99.99,1,5.0,18.8
b1a81260566c1bac3114a6d124413f27,RS,furniture_decor,479.20000000000005,7,3.5,22.310000000000002
b1a81260566c1bac3114a6d124413f27,RS,luggage_accessories,5986.6,32,4.147058823529412,31.016470588235293
b1a81260566c1bac3114a6d124413f27,RS,stationery,2118.9,11,4.909090909090909,28.515454545454546
b1aaae6b66ad3c40f54b389d7ea4bee0,SP,fashion_underwear_beach,772.5,11,4.333333333333333,13.777499999999998
b1aaae6b66ad3c40f54b389d7ea4bee0,SP,furniture_decor,374.0,3,4.75,53.2225
b1aaae6b66ad3c40f54b389d7ea4bee0,SP,health_beauty,30.0,1,5.0,14.52
b1ac6ea7895bc3dd6f0f6f4abbdd2821,RS,sports_leisure,2962.0,38,4.526315789473684,20.32526315789474
b1b3948701c5c72445495bd161b83a4c,SP,auto,21519.5,14,1.9285714285714286,28.910714285714285
b1fc4f64df5a0e8b6913ab38803c57a9,RJ,watches_gifts,7994.74,107,3.7815126050420167,17.737603305785125
b1fecf4da1fa2689bccffa0121953643,MS,health_beauty,3669.6400000000003,19,4.95,19.854
b2479f944e1b90cf8a5de1bbfde284d6,SP,baby,54.99,1,5.0,23.19
b2479f944e1b90cf8a5de1bbfde284d6,SP,bed_bath_table,4567.58,99,3.2845528455284554,16.42217741935484
b2479f944e1b90cf8a5de1bbfde284d6,SP,cool_stuff,43.96,1,5.0,37.04
b248792ac0b60ec3f93d80af1b4fae47,SP,food,57.9,1,5.0,23.56
b248792ac0b60ec3f93d80af1b4fae47,SP,sports_leisure,396.6,6,3.625,16.28625
b26741d31a563d769b4af0465ab20c56,SC,sports_leisure,349.0,1,4.0,29.5
b26741d31a563d769b4af0465ab20c56,SC,toys,299.0,1,4.0,17.53
b274baf5bbd142410eb2958cf685d684,RS,baby,99.9,1,5.0,33.18
b274baf5bbd142410eb2958cf685d684,RS,toys,407.0,5,4.0,19.968
b29d3380981c51df13fc6fbe87e1763d,SP,bed_bath_table,378.4,5,4.0,14.1
b2a6d334e2833acea353624840e25a0e,SP,auto,74.69999999999999,3,3.3333333333333335,14.746666666666664
b2a6d334e2833acea353624840e25a0e,SP,construction_tools_safety,48.699999999999996,3,3.3333333333333335,16.003333333333334
b2a6d334e2833acea353624840e25a0e,SP,small_appliances,1477.78,17,4.833333333333333,15.165000000000001
b2a6d334e2833acea353624840e25a0e,SP,telephony,49.8,2,5.0,11.195
b2ac621f0d0322434d04a12b078b9369,PR,cool_stuff,910.0,2,4.5,20.34
b2ac621f0d0322434d04a12b078b9369,PR,health_beauty,8665.5,28,4.392857142857143,26.453928571428573
b2ba3715d723d245138f291a6fe42594,SP,agro_industry_and_commerce,384.9,1,4.0,20.79
b2ba3715d723d245138f291a6fe42594,SP,air_conditioning,269.9,1,1.0,57.41
b2ba3715d723d245138f291a6fe42594,SP,audio,3707.7000000000003,31,4.090909090909091,13.285151515151515
b2ba3715d723d245138f291a6fe42594,SP,auto,89.8,2,4.5,13.175
b2ba3715d723d245138f291a6fe42594,SP,baby,1547.8,12,4.545454545454546,23.290000000000003
b2ba3715d723d245138f291a6fe42594,SP,computers_accessories,3944.99,19,4.380952380952381,17.614761904761902
b2ba3715d723d245138f291a6fe42594,SP,consoles_games,734.5,5,4.0,15.34
b2ba3715d723d245138f291a6fe42594,SP,construction_tools_construction,1342.3,7,4.0,15.147142857142857
b2ba3715d723d245138f291a6fe42594,SP,cool_stuff,3301.29,25,4.111111111111111,22.173214285714288
b2ba3715d723d245138f291a6fe42594,SP,costruction_tools_tools,74.9,1,5.0,11.13
b2ba3715d723d245138f291a6fe42594,SP,electronics,2061.6,23,4.147058823529412,17.954705882352943
b2ba3715d723d245138f291a6fe42594,SP,fixed_telephony,449.79999999999995,2,4.5,11.504999999999999
b2ba3715d723d245138f291a6fe42594,SP,furniture_decor,605.4000000000001,4,4.833333333333333,11.503333333333332
b2ba3715d723d245138f291a6fe42594,SP,garden_tools,69.69999999999999,3,3.6666666666666665,10.613333333333333
b2ba3715d723d245138f291a6fe42594,SP,health_beauty,3960.2999999999997,17,4.5625,13.751176470588236
b2ba3715d723d245138f291a6fe42594,SP,home_appliances_2,159.6,3,3.5,17.4325
b2ba3715d723d245138f291a6fe42594,SP,home_confort,39.8,1,4.0,8.29
b2ba3715d723d245138f291a6fe42594,SP,luggage_accessories,664.7,3,4.0,21.216666666666665
b2ba3715d723d245138f291a6fe42594,SP,market_place,329.4,6,4.166666666666667,11.948333333333332
b2ba3715d723d245138f291a6fe42594,SP,perfumery,199.6,2,5.0,8.72
b2ba3715d723d245138f291a6fe42594,SP,pet_shop,419.8,2,4.5,18.12
b2ba3715d723d245138f291a6fe42594,SP,small_appliances,159.9,1,5.0,17.39
b2ba3715d723d245138f291a6fe42594,SP,sports_leisure,781.1,9,4.333333333333333,15.041111111111112
b2ba3715d723d245138f291a6fe42594,SP,stationery,13151.8,82,4.378048780487805,18.026829268292683
b2ba3715d723d245138f291a6fe42594,SP,telephony,899.6999999999999,3,3.6666666666666665,13.013333333333334
b2ba3715d723d245138f291a6fe42594,SP,toys,9337.3,56,3.9473684210526314,22.993508771929825
b2ba3715d723d245138f291a6fe42594,SP,watches_gifts,614.6,4,3.5,11.477500000000001
b2c97074649f92197d9387d9033dda5f,SP,health_beauty,502.06,7,4.5,23.7825
b2c97074649f92197d9387d9033dda5f,SP,housewares,182.64999999999998,3,5.0,29.703333333333333
b2eecf5ea250510da76590ca79d60e5d,SP,musical_instruments,1060.0,9,5.0,13.922727272727274
b2f4d63c7203f539a78252565ca32257,RJ,auto,14.9,1,5.0,20.84
b32be1695eb7ec5f10f72d9610a12527,RS,housewares,4070.0,10,4.1,71.623
b32be1695eb7ec5f10f72d9610a12527,RS,kitchen_dining_laundry_garden_furniture,7128.0,20,4.190476190476191,70.86666666666667
b32be1695eb7ec5f10f72d9610a12527,RS,small_appliances,15078.0,13,4.153846153846154,54.058461538461536
b32be1695eb7ec5f10f72d9610a12527,RS,sports_leisure,299.0,1,,30.49
b335c59ab742f751a85db9c411a86739,MG,furniture_decor,882.52,11,3.9166666666666665,20.032500000000002
b335c59ab742f751a85db9c411a86739,MG,housewares,930.62,12,4.0,17.770833333333332
b33aaadd1a8891d2dfef0c4c3bdf0371,SP,housewares,1504.0,16,3.764705882352941,21.12
b33e7c55446eabf8fe1a42d037ac7d6d,SP,audio,5677.9400000000005,10,3.9,21.625999999999998
b33e7c55446eabf8fe1a42d037ac7d6d,SP,auto,158.9,1,5.0,19.21
b33e7c55446eabf8fe1a42d037ac7d6d,SP,cool_stuff,1798.84,9,4.444444444444445,18.283333333333335
b33e7c55446eabf8fe1a42d037ac7d6d,SP,sports_leisure,1006.99,2,2.5,19.12
b33e7c55446eabf8fe1a42d037ac7d6d,SP,watches_gifts,35572.5,127,4.2153846153846155,17.062461538461537
b347677812ea483b0f528eaf8cbc09b7,PR,housewares,7189.99,20,4.5,36.9975
b372ee768ed69e46ca8cdbd267aa7a38,SP,fashion_bags_accessories,12630.0,63,4.398550724637682,17.157101449275363
b37c4c02bda3161a7546a4e6d222d5b2,SP,fixed_telephony,23900.0,3,1.1428571428571428,28.37142857142857
b37c4c02bda3161a7546a4e6d222d5b2,SP,telephony,175.0,1,5.0,15.4
b3809b8d4394588a47c8470ea331e135,SP,electronics,89.0,1,4.0,7.88
b39d7fe263ef469605dbb32608aee0af,SP,bed_bath_table,5063.2,43,3.7872340425531914,21.604791666666667
b3b17aab11f273023a5f22ca52e1eb70,PR,auto,6850.0,7,4.846153846153846,36.565384615384616
b3e2faf2c1004d674f16a3aa3197f0e1,SP,auto,48.98,2,5.0,11.405000000000001
b3f19518fcec265b2e97af287725f981,SP,housewares,344.93,7,4.428571428571429,16.224285714285713
b410bdd36d5db7a65dcd42b7ead933b8,GO,housewares,7368.9,42,4.809523809523809,22.638333333333335
b43d8b707f887a30f4675391098354a0,SP,small_appliances,1274.0,3,3.0,46.21
b43d8b707f887a30f4675391098354a0,SP,sports_leisure,68.0,1,1.0,46.13
b44dbfbf62e52125f3c15d230569ea91,SP,construction_tools_construction,270.79,1,5.0,9.16
b44dbfbf62e52125f3c15d230569ea91,SP,home_construction,338.58000000000004,3,4.285714285714286,11.504285714285714
b452cb0ae35044c4a53179c39f49fb06,SP,auto,23.9,1,4.0,11.86
b452cb0ae35044c4a53179c39f49fb06,SP,housewares,39.8,1,4.0,26.43
b494891378bd8f4560abe576c52deacd,SP,drinks,218.9,1,5.0,11.35
b494891378bd8f4560abe576c52deacd,SP,food,44.9,1,4.0,15.38
b494891378bd8f4560abe576c52deacd,SP,health_beauty,2475.3,18,4.722222222222222,14.30722222222222
b494891378bd8f4560abe576c52deacd,SP,pet_shop,99.9,1,5.0,11.72
b499c00f28f4b7069ff6550af8c1348a,SP,computers_accessories,189.94,6,3.6666666666666665,13.773333333333333
b499c00f28f4b7069ff6550af8c1348a,SP,electronics,459.93,7,4.571428571428571,13.894285714285715
b499c00f28f4b7069ff6550af8c1348a,SP,fashio_female_clothing,544.84,8,3.8125,10.33125
b499c00f28f4b7069ff6550af8c1348a,SP,fashion_bags_accessories,529.91,7,4.555555555555555,17.645555555555557
b499c00f28f4b7069ff6550af8c1348a,SP,fashion_shoes,89.98,2,5.0,12.105
b499c00f28f4b7069ff6550af8c1348a,SP,furniture_decor,4177.31,62,4.260869565217392,14.315797101449276
b499c00f28f4b7069ff6550af8c1348a,SP,furniture_living_room,59.99,1,5.0,15.17
b499c00f28f4b7069ff6550af8c1348a,SP,health_beauty,565.86,14,4.071428571428571,14.204285714285716
b499c00f28f4b7069ff6550af8c1348a,SP,housewares,1784.76,14,4.25,11.597916666666668
b499c00f28f4b7069ff6550af8c1348a,SP,luggage_accessories,683.85,8,4.733333333333333,10.684
b499c00f28f4b7069ff6550af8c1348a,SP,musical_instruments,509.86,14,4.071428571428571,12.859285714285715
b499c00f28f4b7069ff6550af8c1348a,SP,sports_leisure,565.95,5,3.6,30.984
b4a476fbd28de64b1e347abf9089366a,SP,electronics,4439.05,29,4.03030303030303,22.941764705882353
b4a476fbd28de64b1e347abf9089366a,SP,fixed_telephony,39.99,1,3.0,16.05
b4b447d715f9ab302a188fb43d3e96b3,SP,sports_leisure,685.9300000000001,5,4.8,18.746000000000002
b4f8921fcc4ff77b66bea6dda43dcd51,RS,bed_bath_table,11395.05,18,4.6,73.418
b4ffb71f0cb1b1c3d63fad021ecf93e1,SP,auto,6635.69,143,4.0426829268292686,15.254573170731707
b55638ad525e906c698fa2ce742c1742,SC,pet_shop,1094.8,11,4.166666666666667,24.239166666666666
b561927807645834b59ef0d16ba55a24,SP,art,676.2,11,4.818181818181818,14.609090909090908
b561927807645834b59ef0d16ba55a24,SP,arts_and_craftmanship,18.0,1,5.0,7.39
b561927807645834b59ef0d16ba55a24,SP,construction_tools_construction,29.9,1,5.0,7.47
b561927807645834b59ef0d16ba55a24,SP,stationery,3777.89,72,4.2560975609756095,13.774146341463414
b566ab0ef88016e00422755e305103c6,MG,health_beauty,175.0,2,2.0,43.349999999999994
b566ab0ef88016e00422755e305103c6,MG,home_construction,385.0,2,3.5,39.93
b566ab0ef88016e00422755e305103c6,MG,perfumery,648.0,1,5.0,53.66
b56828a9f9027f3c918c04ca720d9e3c,SP,bed_bath_table,360.0,3,2.6666666666666665,37.20333333333333
b56906f7fd1696e043f1bcce164c487b,SP,health_beauty,1873.29,36,4.052631578947368,20.693157894736842
b56906f7fd1696e043f1bcce164c487b,SP,pet_shop,275.2,4,3.0,15.1475
b586cd24c010a13916af621b0325fbba,SC,construction_tools_construction,729.95,4,4.4,41.996
b586cd24c010a13916af621b0325fbba,SC,garden_tools,159.0,1,1.0,25.52
b586cd24c010a13916af621b0325fbba,SC,housewares,219.99,1,4.0,28.49
b5abf4f36adc043117b4fca82c22984c,DF,bed_bath_table,263.5,5,3.4,17.488
b5abf4f36adc043117b4fca82c22984c,DF,computers_accessories,199.8,1,1.0,9.26
b5abf4f36adc043117b4fca82c22984c,DF,furniture_decor,339.79999999999995,2,3.5,30.439999999999998
b5b800c4065bebf4d3442311c9857344,SP,health_beauty,79.9,1,5.0,8.91
b5bb2b985208834bd5bd86c7a402bbad,RS,auto,621.06,2,5.0,19.33
b5d034ac251546e25afe9067f05c1539,SP,baby,69.9,1,5.0,15.37
b5dd7151a92ccaaa282cbe9681a05f44,SP,sports_leisure,85.0,1,5.0,18.7
b5e3e38609125694d2ea2417522a60b7,SC,sports_leisure,775.0600000000001,14,4.4,17.94333333333333
b5f0712d22a873b6797ab6cc65c3fcba,SP,food_drink,12.99,1,4.0,8.29
b5f49fe968dff6b112861e6cd8e192ef,PR,furniture_decor,194.70000000000002,1,5.0,21.485
b64d51f0435e884e8de603b1655155ae,SP,housewares,281.98,12,4.266666666666667,17.576666666666664
b64d51f0435e884e8de603b1655155ae,SP,signaling_and_security,17.1,1,5.0,12.79
b67d6c666e8dce1d078c882825e12704,SP,signaling_and_security,190.54,1,5.0,15.77
b67d6c666e8dce1d078c882825e12704,SP,sports_leisure,162.3,6,4.833333333333333,12.108333333333334
b6d44737c043328708f6749c2dbe50bd,SP,housewares,5284.6,61,4.569620253164557,19.612784810126584
b6dc74ed30f124f95227bed4e43a3bed,PR,sports_leisure,387.55999999999995,9,4.7,16.433
b6e1504972665f739dec4facb9943775,SP,auto,101.2,4,5.0,11.870000000000001
b6e1504972665f739dec4facb9943775,SP,garden_tools,955.78,5,4.0,21.798
b6f52e346160519c24a23af05410ad32,SP,health_beauty,129.9,1,4.0,13.35
b74d1c09cb380e1d03a6f859c6f4224b,RJ,garden_tools,46.96,3,4.75,8.49
b74d1c09cb380e1d03a6f859c6f4224b,RJ,housewares,487.85999999999996,9,4.153846153846154,23.718461538461536
b74d1c09cb380e1d03a6f859c6f4224b,RJ,toys,879.9200000000001,8,4.5,25.79
b76a1f8356322f12529c37b67d5c96c2,SP,auto,39.9,1,5.0,8.27
b76a1f8356322f12529c37b67d5c96c2,SP,cool_stuff,59.9,1,5.0,9.94
b76a1f8356322f12529c37b67d5c96c2,SP,furniture_decor,114.9,1,5.0,13.14
b76a1f8356322f12529c37b67d5c96c2,SP,housewares,23.9,1,5.0,15.1
b76dba6c951ab00dc4edf0a1aa88037e,SP,electronics,67.96,4,4.75,7.6425
b76dba6c951ab00dc4edf0a1aa88037e,SP,fixed_telephony,619.47,39,4.230769230769231,13.148780487804878
b76dba6c951ab00dc4edf0a1aa88037e,SP,telephony,1857.8799999999999,114,4.155737704918033,14.035737704918033
b76f4d90e85657a240495c876313adc5,SP,toys,299.0,1,5.0,19.3
b77a27b1864483e721dc831d5ba4afa0,RJ,auto,20.9,1,5.0,14.52
b7ba853e9551f4558440881fd3e5c815,RS,cool_stuff,136.9,1,1.0,25.7
b7cc6c5e001441ae8cdd5c69a480cbe4,SC,market_place,185.0,1,4.0,14.44
b7cc6c5e001441ae8cdd5c69a480cbe4,SC,musical_instruments,267.8,4,4.75,30.702499999999997
b7d5b4b87af9d42b601865d3f3810bff,SC,garden_tools,350.0,1,3.0,20.69
b7e1750c1157341d2abd0251e07c186b,SP,fashion_sport,39.9,1,5.0,14.11
b7e1750c1157341d2abd0251e07c186b,SP,sports_leisure,119.69999999999999,2,4.333333333333333,15.616666666666667
b7ed9fb14c8eadb37adb9c45d67ab0fb,SP,housewares,148.0,2,1.0,13.642499999999998
b7ed9fb14c8eadb37adb9c45d67ab0fb,SP,stationery,418.0,5,4.0,23.882857142857144
b8114f2f589a6804810f04f99b36b498,SP,housewares,1399.62,8,4.7272727272727275,26.582727272727276
b81e3a6c866a764974fe849821abeebd,SP,housewares,786.48,6,4.375,22.8475
b81e3a6c866a764974fe849821abeebd,SP,sports_leisure,49.67,2,5.0,11.36
b839e41795b7f3ad94cc2014a52f6796,SP,construction_tools_construction,25901.0,19,4.473684210526316,25.59263157894737
b839e41795b7f3ad94cc2014a52f6796,SP,home_appliances_2,4140.0,2,5.0,38.07
b839e41795b7f3ad94cc2014a52f6796,SP,small_appliances,12788.0,12,3.3333333333333335,23.902
b83cedfb587e7911540e3f576d6917ce,SP,health_beauty,2214.96,23,4.25,14.000833333333333
b83cedfb587e7911540e3f576d6917ce,SP,perfumery,9.99,1,4.0,7.78
b8555308bfdb4ca1ed54325a58da9a97,SP,office_furniture,3047.2000000000003,26,4.071428571428571,20.815357142857145
b8578d2d823bd8e251f6fdd02b40902d,SC,sports_leisure,1255.6,9,4.444444444444445,27.11111111111111
b8630e1121437d41cb08e3c749c2c2e2,RJ,musical_instruments,4813.0,9,4.111111111111111,26.904444444444444
b8630e1121437d41cb08e3c749c2c2e2,RJ,toys,2175.0,3,5.0,34.65333333333333
b87a7ea0c30fad2dd6781b74a0064859,SP,auto,515.4,9,3.4444444444444446,13.594444444444443
b88e7c57cb2d8b973b7dd4a2bfa14b36,PR,health_beauty,353.9,4,4.25,16.4425
b8a0adc91af209270c2c725168eb00fd,SP,bed_bath_table,281.4,6,4.0,17.848333333333333
b8bc237ba3788b23da09c0f1f3a3288c,SC,housewares,13685.710000000001,45,4.3478260869565215,41.17978723404256
b8d890108a7a80e4f5d59eea9f362438,PR,computers_accessories,29.9,1,4.0,15.11
b906dd0e57f282c7089171b6ed07982e,PR,sports_leisure,175.0,2,4.0,17.875
b90e891671cffd9557f33a97dc523645,PR,health_beauty,3139.0,24,4.296296296296297,16.10037037037037
b90e891671cffd9557f33a97dc523645,PR,sports_leisure,1310.0,10,3.75,16.466666666666665
b92e3c8f9738272ff7c59e111e108d7c,MG,furniture_decor,7031.89,54,4.016129032258065,31.956451612903226
b92e3c8f9738272ff7c59e111e108d7c,MG,furniture_living_room,219.8,2,4.5,22.46
b92e3c8f9738272ff7c59e111e108d7c,MG,housewares,409.8,2,5.0,103.17
b92e3c8f9738272ff7c59e111e108d7c,MG,kitchen_dining_laundry_garden_furniture,399.70000000000005,3,5.0,59.61333333333332
b94cc9f10ddc85e4ba73a6f7974e7101,RJ,cool_stuff,9798.4,16,3.8666666666666667,22.554375
b94cc9f10ddc85e4ba73a6f7974e7101,RJ,toys,15547.699999999999,23,4.590909090909091,28.761739130434783
b98b715fe9e276204e2a3464f48cd796,SP,bed_bath_table,388.6,4,4.0,12.7325
b9a03475e6447e631b6799ec8274800f,PR,art,49.9,1,5.0,26.89
b9a03475e6447e631b6799ec8274800f,PR,christmas_supplies,1179.2,8,4.0,28.60875
b9a03475e6447e631b6799ec8274800f,PR,furniture_decor,120.0,1,5.0,19.61
b9c0ffa92f3ff9a5a3d45ef7213c0842,SP,baby,380.0,2,5.0,23.8
b9c0ffa92f3ff9a5a3d45ef7213c0842,SP,cool_stuff,110.0,1,5.0,34.57
b9ca8e8baa5d4aa038394a700f63e69f,SP,baby,117.99,1,5.0,44.63
b9ca8e8baa5d4aa038394a700f63e69f,SP,bed_bath_table,976.8100000000001,10,4.1,28.242
b9ca8e8baa5d4aa038394a700f63e69f,SP,sports_leisure,194.96999999999997,3,4.333333333333333,20.376666666666665
b9de031b671cd48b28fae9d828cbf2b4,SP,auto,155.32,1,5.0,43.37
b9ec22de23f18567de0e09d776ca0309,DF,stationery,341.98,2,5.0,20.245
ba143b05f0110f0dc71ad71b4466ce92,SP,books_technical,5387.77,76,4.467532467532467,15.597532467532467
ba143b05f0110f0dc71ad71b4466ce92,SP,consoles_games,190.98,2,5.0,13.024999999999999
ba143b05f0110f0dc71ad71b4466ce92,SP,dvds_blu_ray,419.95,5,4.2,16.722
ba5daa4041e1f15cdf34b76e3e18a450,SP,toys,806.8000000000001,15,4.266666666666667,10.17
ba6b4a237f92479743cf0ca06b67a9ac,RJ,auto,179.0,1,5.0,17.44
ba6b4a237f92479743cf0ca06b67a9ac,RJ,computers_accessories,330.0,3,3.6666666666666665,14.626666666666667
ba6b4a237f92479743cf0ca06b67a9ac,RJ,electronics,198.0,2,5.0,13.45
ba6b4a237f92479743cf0ca06b67a9ac,RJ,perfumery,14.99,1,3.0,7.94
ba6b4a237f92479743cf0ca06b67a9ac,RJ,telephony,79.9,1,5.0,15.66
ba6b68b55fe8704377a7d43c8e5c0185,MG,audio,139.99,1,5.0,20.22
ba6b68b55fe8704377a7d43c8e5c0185,MG,sports_leisure,159.98,2,3.5,17.31
ba6ce6de456f6c11d08c17701ba5c26f,SP,sports_leisure,744.35,6,3.7142857142857144,18.594285714285714
ba89796db68db180bd389de96b2ff3b6,SP,cine_photo,59.9,1,5.0,14.73
ba89796db68db180bd389de96b2ff3b6,SP,furniture_decor,249.9,1,5.0,28.73
ba8e85df286308fe68a2ce83a8f8b2d6,SC,perfumery,80.9,1,5.0,16.76
ba90964cff9b9e0e6f32b23b82465f7b,SP,auto,159.0,1,5.0,21.16
ba90964cff9b9e0e6f32b23b82465f7b,SP,music,598.0,2,5.0,18.14
ba90964cff9b9e0e6f32b23b82465f7b,SP,small_appliances,15175.9,15,4.2,26.053333333333335
ba90964cff9b9e0e6f32b23b82465f7b,SP,small_appliances_home_oven_and_coffee,25222.6,17,4.529411764705882,43.18705882352941
baa49d93c8c8841e27400a300f5d74b2,SC,sports_leisure,246.39999999999998,6,4.5,14.67
bab0a8cd684e41ba6e2637dca0979d3b,RJ,toys,269.9,1,5.0,19.14
babcc0ab201e4c60188427cae51a5b8b,SP,construction_tools_lights,79.0,1,5.0,14.13
bac44fa8e13424950488659b5f765c41,SP,furniture_decor,19.9,1,5.0,14.52
bac692d6c0ed08467878018e6cc9c26c,SC,construction_tools_lights,477.0,1,4.0,27.41
bacb1f0ed56ad24198f5810d2b3fe9a5,SP,baby,99.9,1,4.0,12.65
bacb1f0ed56ad24198f5810d2b3fe9a5,SP,cool_stuff,1794.4,10,4.0,24.387
bacb1f0ed56ad24198f5810d2b3fe9a5,SP,toys,4183.75,27,4.461538461538462,19.004814814814814
baeda7047354773262ba2405f97038ba,SP,pet_shop,35.0,1,5.0,15.1
baf15155e37ef5492731459bdc05be8a,SP,bed_bath_table,47.0,1,5.0,8.72
bafc5aa11e413978be29040f51342e70,MG,stationery,1679.55,9,3.7777777777777777,16.657777777777778
bb135baca94c82fcb731335ad5b04a03,SP,bed_bath_table,470.0,4,4.2,17.554000000000002
bb135baca94c82fcb731335ad5b04a03,SP,cool_stuff,72.4,3,4.0,13.290000000000001
bb135baca94c82fcb731335ad5b04a03,SP,furniture_decor,462.4,10,2.1724137931034484,11.643448275862069
bb135baca94c82fcb731335ad5b04a03,SP,housewares,45.0,1,5.0,7.58
bb2afe2061d53c6968aa0cffa233a8ec,SP,sports_leisure,549.4,5,4.833333333333333,15.770000000000001
bb3dca718920a4d7ec3cc9ffb025108b,SP,health_beauty,108.0,2,2.3333333333333335,31.233333333333334
bb5bd94c8f59cc050072d2930c869cac,SP,fashion_bags_accessories,1494.17,13,4.357142857142857,15.891428571428573
bb5bd94c8f59cc050072d2930c869cac,SP,furniture_decor,1049.6999999999998,3,3.6666666666666665,26.763333333333332
bb5d956dece964a06c12bceb66b923ae,RJ,auto,1278.36,2,5.0,25.07
bb7a14e229b1c95156719c3d9552eeee,RJ,garden_tools,352.7,3,3.6666666666666665,18.45
bb7a14e229b1c95156719c3d9552eeee,RJ,housewares,74.9,1,4.0,7.94
bb7a14e229b1c95156719c3d9552eeee,RJ,small_appliances,2332.6,6,5.0,37.35333333333333
bb7ad8a45c027be8ab075b8e465f8ca0,SC,food,19.98,2,5.0,16.32
bba3293d6f5d5af2f415e004e8b93ae3,SP,cool_stuff,819.0,1,5.0,20.49
bba3293d6f5d5af2f415e004e8b93ae3,SP,health_beauty,10883.1,16,4.25,19.1375
bba74270a87732727b5a3b4fd9ac1c39,MG,auto,4438.87,13,4.3076923076923075,22.29692307692308
bba74270a87732727b5a3b4fd9ac1c39,MG,computers_accessories,259.96999999999997,3,5.0,14.713333333333333
bba74270a87732727b5a3b4fd9ac1c39,MG,construction_tools_construction,109.99,1,3.0,27.32
bba74270a87732727b5a3b4fd9ac1c39,MG,housewares,53.99,1,5.0,19.62
bba74270a87732727b5a3b4fd9ac1c39,MG,sports_leisure,1021.7900000000001,16,3.380952380952381,16.46666666666667
bba8d0c234a52b87b3957037a215d1a4,GO,furniture_decor,120.0,1,5.0,19.53
bbad7e518d7af88a0897397ffdca1979,SP,baby,1539.5,43,3.1818181818181817,14.258000000000001
bbad7e518d7af88a0897397ffdca1979,SP,cool_stuff,1347.6000000000001,14,3.2142857142857144,15.70142857142857
bbad7e518d7af88a0897397ffdca1979,SP,fashion_male_clothing,719.4000000000001,3,3.0,11.216666666666667
bbad7e518d7af88a0897397ffdca1979,SP,food,29.9,1,1.0,7.39
bbad7e518d7af88a0897397ffdca1979,SP,garden_tools,584.3199999999999,3,2.142857142857143,23.13
bbad7e518d7af88a0897397ffdca1979,SP,housewares,119.8,2,4.5,15.58
bbad7e518d7af88a0897397ffdca1979,SP,perfumery,29.9,1,5.0,15.1
bbad7e518d7af88a0897397ffdca1979,SP,toys,55.9,1,5.0,8.72
bbaff50f3b708fda865918715276cd87,SP,food_drink,449.7,12,4.8125,12.629375
bbd3acfe6de99892e73940d3fdceaf68,SP,bed_bath_table,69.0,2,3.0,12.275
bbe87dce25ba8b38bb61cc7210a3f10b,SP,construction_tools_construction,287.0,2,5.0,34.195
bbf4a892cac7b82422baa711dffb8997,PR,pet_shop,70.0,1,5.0,35.34
bbf9ad41dca6603e614efcdad7aab8c4,CE,health_beauty,7846.0,14,4.5,55.44714285714286
bc07d855eac23aab5ac8a120f21d16b2,SP,auto,43.0,1,5.0,23.02
bc07d855eac23aab5ac8a120f21d16b2,SP,construction_tools_construction,248.86,2,5.0,15.075000000000001
bc07d855eac23aab5ac8a120f21d16b2,SP,diapers_and_hygiene,43.0,1,5.0,15.23
bc07d855eac23aab5ac8a120f21d16b2,SP,health_beauty,867.76,7,4.125,17.0425
bc2ac6b95e1accce9858528ee566c17e,SP,books_imported,2045.0,18,4.636363636363637,10.661818181818182
bc302730ea8cf49b5c74f579febb5bbf,SP,costruction_tools_garden,999.98,2,3.5,53.66
bc302730ea8cf49b5c74f579febb5bbf,SP,garden_tools,1478.99,2,3.0,55.275000000000006
bc302730ea8cf49b5c74f579febb5bbf,SP,telephony,161.92999999999998,7,4.142857142857143,10.200000000000001
bc30de0d71bd6260b936a026b5cf7200,SP,housewares,392.37,3,4.666666666666667,30.16
bc39d8938f90a3a2b98193723ed59774,SP,small_appliances,306.8,2,4.0,11.155
bc47d5d1490df2b36add65d733eafaba,SP,sports_leisure,929.8,21,3.5454545454545454,16.91181818181818
bc503e244f187939d10c92a5c8e378ce,SP,computers_accessories,430.31,6,4.153846153846154,13.339230769230769
bc8c8d665ec4664d286be0d521722b19,SP,health_beauty,22.5,1,2.0,8.32
bca9230d3bbb4efa51872bf605a2f1ad,SP,books_general_interest,117.57,5,4.0,10.126000000000001
bcc9dd23e2a8bd8267cf92b19304a1b9,SP,bed_bath_table,145.8,2,1.0,13.635
bccf933e006e9b94a6184af782963e77,SP,health_beauty,4162.74,45,4.533333333333333,19.227608695652176
bcd2d7510d58e293f20fad6438c1b314,PR,baby,23.9,1,,15.56
bce6a5ecf98e99fd2a8868b15c51f04b,SP,watches_gifts,3464.9,14,4.133333333333334,16.106666666666666
bd0389da23d89b726abf911cccc54596,DF,art,239.9,1,5.0,9.26
bd0389da23d89b726abf911cccc54596,DF,computers_accessories,6351.26,76,4.1265822784810124,18.67987341772152
bd0389da23d89b726abf911cccc54596,DF,electronics,618.4000000000001,6,4.666666666666667,19.258333333333333
bd0389da23d89b726abf911cccc54596,DF,garden_tools,124.8,2,4.5,15.88
bd0389da23d89b726abf911cccc54596,DF,telephony,137.8,2,5.0,12.015
bd0a1b0aadca9a83d9304f7e8ff5fbd5,SP,telephony,150.6,4,4.5,13.6475
bd149ed516d4c5d418d5781f8e18919f,SP,furniture_decor,414.0,8,4.888888888888889,15.77111111111111
bd15ee794d5e640d9dd71b665b2ab15b,SP,garden_tools,32.9,1,2.0,37.04
bd15ee794d5e640d9dd71b665b2ab15b,SP,sports_leisure,341.9,11,4.181818181818182,16.57181818181818
bd1d49a326abfa9b1036772e40445430,SP,health_beauty,637.7,12,3.8461538461538463,14.5
bd23da7354813347129d751591d1a6e2,SP,furniture_decor,9704.6,86,4.127906976744186,15.91448275862069
bd43e172d599bed47a85da877172ca8c,SC,bed_bath_table,23.92,1,5.0,18.27
bd4431c1a8dfa744b59e1e2a8bc99b9e,RJ,health_beauty,809.5,7,4.571428571428571,29.155714285714286
bd4889b5e9133b35b66e42a8665cea5c,SP,furniture_decor,6271.9,36,4.463414634146342,23.443809523809524
bd4ff04377f974574f7f0bf9d6ce7dde,SP,auto,49.99,1,3.0,10.96
bd4ff04377f974574f7f0bf9d6ce7dde,SP,furniture_decor,79.98,2,5.0,13.72
bd4ff04377f974574f7f0bf9d6ce7dde,SP,housewares,34.99,1,1.0,11.74
bd65d163ded559eb90a10cd09fec178f,SP,perfumery,19.8,1,4.0,9.34
bd697db56ff8e7c9cd1abeb7f72029b2,SP,auto,2869.79,21,4.333333333333333,15.673333333333332
bdae679a9b282249bc23b9b69dae9a99,DF,construction_tools_construction,593.16,4,3.2,15.469
bdae679a9b282249bc23b9b69dae9a99,DF,electronics,69.99000000000001,2,5.0,17.07
bdb3edbaee43a761e2d4f258dc08f348,SP,stationery,229.60000000000002,4,4.5,13.44
bdb3edbaee43a761e2d4f258dc08f348,SP,toys,29.9,1,1.0,15.1
bdf0d02d36a1d839d0c39c4a887cdd49,SP,home_appliances,120.0,5,5.0,13.707142857142857
be3b4b0f050a6aa1b2d901c4b77e979f,PR,construction_tools_construction,338.79999999999995,2,5.0,23.07
be3b4b0f050a6aa1b2d901c4b77e979f,PR,housewares,239.39999999999998,1,2.0,18.23
be67f78487e2cecb0d55bc769709e4f5,MG,health_beauty,102.0,1,5.0,23.64
be7a093e5b4d147b36b72bb1f9e415e5,PR,health_beauty,60.9,1,5.0,22.36
be8e909810184b9b19e886129149d8e5,SP,computers_accessories,539.88,12,3.5833333333333335,16.025000000000002
be8e909810184b9b19e886129149d8e5,SP,consoles_games,39.98,2,4.5,7.91
be8e909810184b9b19e886129149d8e5,SP,sports_leisure,49.99,1,4.0,8.11
be9a160a9011f627c3e121d076c1ec7b,SC,garden_tools,2055.0,5,4.6,35.024
beadbee30901a7f61d031b6b686095ad,SP,health_beauty,3199.0,55,3.793103448275862,13.906551724137932
beadbee30901a7f61d031b6b686095ad,SP,perfumery,874.98,7,5.0,12.40875
beadbee30901a7f61d031b6b686095ad,SP,watches_gifts,300.0,2,4.0,15.844999999999999
bec568278124768c474ee90971ca94d1,SP,furniture_decor,20.9,1,5.0,16.75
bec568278124768c474ee90971ca94d1,SP,watches_gifts,199.0,1,4.0,12.41
bede56095ba33c42038fb85f707b8a42,SP,health_beauty,3973.9,2,4.5,105.435
bee36b4f9a2b9fdcaff6ec05df202ed0,SP,computers_accessories,16.9,1,5.0,10.96
bf00385a5f7fc1ef39a13c2e9ee50a5f,SP,computers_accessories,190.4,6,3.8333333333333335,13.328333333333333
bf00385a5f7fc1ef39a13c2e9ee50a5f,SP,electronics,225.29999999999998,7,4.714285714285714,10.344285714285714
bf00385a5f7fc1ef39a13c2e9ee50a5f,SP,health_beauty,36.8,2,3.0,12.61
bf00385a5f7fc1ef39a13c2e9ee50a5f,SP,housewares,289.4,6,4.833333333333333,12.928333333333333
bf00385a5f7fc1ef39a13c2e9ee50a5f,SP,sports_leisure,9.9,1,5.0,8.88
bf00385a5f7fc1ef39a13c2e9ee50a5f,SP,telephony,103.6,6,4.666666666666667,11.633333333333333
bf0045791395e66460eb04749c68672a,SP,stationery,119.8,2,4.0,17.725
bf100ecb7997df312b285358fb32f92c,PR,baby,299.8,2,4.0,18.795
bf100ecb7997df312b285358fb32f92c,PR,cool_stuff,1298.9,11,4.666666666666667,18.202727272727273
bf100ecb7997df312b285358fb32f92c,PR,health_beauty,393.2,7,4.125,13.41125
bf3c6d2a28b2b5501e6c15448982dcc9,SP,baby,3902.8,34,4.6,16.737000000000002
bf3c6d2a28b2b5501e6c15448982dcc9,SP,stationery,53.699999999999996,1,2.0,7.39
bf84056e679dbe9c69929847a40e338f,SP,health_beauty,1847.6399999999999,34,3.8378378378378377,11.615675675675677
bf84056e679dbe9c69929847a40e338f,SP,perfumery,70.44,1,1.0,8.72
bf961104a38e01b9062ee026bb657dee,SP,cool_stuff,585.56,4,4.5,19.975
bfd27a966d91cfaafdb25d076585f0da,SP,baby,3173.0,14,4.466666666666667,21.590666666666667
bfd27a966d91cfaafdb25d076585f0da,SP,cool_stuff,3718.0,16,4.25,21.18
bfd27a966d91cfaafdb25d076585f0da,SP,food,629.0,6,4.333333333333333,16.735
bfd27a966d91cfaafdb25d076585f0da,SP,luggage_accessories,5129.0,21,4.190476190476191,31.123809523809523
bfd27a966d91cfaafdb25d076585f0da,SP,stationery,3113.0,22,4.681818181818182,19.35727272727273
bfd27a966d91cfaafdb25d076585f0da,SP,toys,3463.0,35,4.147058823529412,22.68
bfd938b22bc99bce1ae60dc602889f52,RJ,garden_tools,209.70000000000002,1,5.0,19.19
bfd938b22bc99bce1ae60dc602889f52,RJ,health_beauty,399.8,2,5.0,16.78
bff9deb0ec77d437f3305a79cf25529e,SP,telephony,161.95,5,4.0,16.157999999999998
c003204e1ab016dfa150abc119207b24,SP,auto,18755.8,151,4.578947368421052,21.136447368421052
c003204e1ab016dfa150abc119207b24,SP,electronics,6148.490000000001,44,4.0,31.279791666666668
c00396cbdd2e088fe4281baa5920aef1,PR,construction_tools_construction,832.4100000000001,1,5.0,24.48
c004e5ea15737026cecaee0447e00b75,SP,home_appliances_2,2350.0,1,1.0,105.12
c0098efcf800861dcae589affca31408,SP,auto,1189.28,9,4.777777777777778,20.82888888888889
c013e57c075a06e5b5c48ee03c525719,SP,pet_shop,1971.55,42,4.155555555555556,19.04688888888889
c026ef0d72e9132d9fa112308090c8dc,RJ,home_construction,520.0,1,4.0,37.72
c03121937e54a93fcc1825c3098bbb6e,PR,books_general_interest,1043.0,7,5.0,22.134285714285713
c04d70d515d15a7e3db3a73320598566,RJ,food_drink,38.5,1,5.0,7.94
c0563dd588b775f2e37747ef6ad6c92c,SP,cool_stuff,3697.2000000000003,28,4.357142857142857,14.195714285714285
c092292535a57dacd95a8765f5518f87,RJ,toys,125.0,1,5.0,18.98
c0aff2da32c17759d30b22fb0af6649d,SC,construction_tools_construction,15.0,1,3.0,18.23
c0aff2da32c17759d30b22fb0af6649d,SC,stationery,173.8,3,4.0,16.325000000000003
c0e0b73d039eb9a99b6ce4cb7a429cd3,SC,computers_accessories,29.88,1,5.0,7.68
c0e6839516f5398edc34adf5f1d53d1a,SP,sports_leisure,34.92,1,5.0,14.12
c0f3eea2e14555b6faeea3dd58c1b1c3,SP,sports_leisure,79.99,1,5.0,15.66
c12b92bf1c350f3e6bf88d3596219c86,SP,auto,2848.0,8,4.0,20.27375
c12b92bf1c350f3e6bf88d3596219c86,SP,computers_accessories,424.98,3,3.6666666666666665,20.54
c12b92bf1c350f3e6bf88d3596219c86,SP,construction_tools_safety,139.9,1,4.0,44.78
c12b92bf1c350f3e6bf88d3596219c86,SP,fixed_telephony,299.0,1,5.0,64.15
c12b92bf1c350f3e6bf88d3596219c86,SP,telephony,189.9,1,5.0,14.91
c12b92bf1c350f3e6bf88d3596219c86,SP,toys,907.0,3,3.0,32.13666666666666
c12d7463a579237ffb9248bd7cff378b,SP,fashion_bags_accessories,25.9,1,4.0,8.72
c13ef0cfbe42f190780f621ce81f2234,SP,electronics,390.0,1,3.0,61.28
c13fb473e7cb8b83ccd543c094df0608,SP,fixed_telephony,19.9,1,3.0,8.72
c13fb473e7cb8b83ccd543c094df0608,SP,telephony,34.9,1,4.0,20.0
c1552b1dab6e6f760950368ae61fb600,SP,health_beauty,53.8,2,2.5,7.445
c157bdeedcbc9a8e3c8bf0d87ff24428,SP,housewares,104.80000000000001,2,4.5,18.815
c161d1327ebc3a156c09582ab2f59f6c,SP,health_beauty,22.0,1,5.0,7.78
c161d1327ebc3a156c09582ab2f59f6c,SP,perfumery,13.99,1,3.0,7.78
c18309219e789960add0b2255ca4b091,RJ,telephony,9.9,1,5.0,14.1
c1849d4d32d7a6cecd5aa471809d3135,SP,auto,29.979999999999997,2,4.5,8.14
c1849d4d32d7a6cecd5aa471809d3135,SP,housewares,359.0,1,4.0,25.45
c1dde11f12d05c478f5de2d7319ad3b2,SP,computers_accessories,12.5,1,1.0,7.39
c1ed9e3daf6154542826a6996af0fb8c,SC,computers_accessories,757.5,8,4.625,18.285625
c1f12f926d0ba950578b4fa41115cbb6,SP,housewares,389.70000000000005,1,5.0,20.86
c1f12f926d0ba950578b4fa41115cbb6,SP,sports_leisure,89.9,1,3.0,14.38
c240c4061717ac1806ae6ee72be3533b,RJ,food,59.9,1,4.0,13.99
c24173065483e421f9e5e7f599de101d,SP,sports_leisure,207.95,5,4.4,12.478
c26a2be5b53b7db6b276280da212a779,RJ,office_furniture,7482.0,13,2.7222222222222223,44.825
c273175f7c6c80fb02f051e2fc6d0d72,SP,auto,1150.33,13,3.6923076923076925,18.515384615384615
c273175f7c6c80fb02f051e2fc6d0d72,SP,housewares,37.9,1,5.0,14.52
c286ec035ee04ba81c97508f0b5df544,PR,computers_accessories,294.0,1,4.0,50.67
c2bda99904207edd1834f03e0022b007,SP,books_general_interest,39.9,1,4.0,7.78
c2d70ce2c5d0a2eb75e78668236e6dc8,SP,housewares,2470.9,13,4.666666666666667,15.267999999999999
c31eff8334d6b3047ed34bebd4d62c36,SP,art,10603.83,104,3.7788461538461537,19.173238095238094
c31eff8334d6b3047ed34bebd4d62c36,SP,furniture_decor,2387.78,16,4.5,21.628125
c3251e13f1bbda6c74e37c160f991e19,SP,auto,289.9,1,5.0,60.47
c3251e13f1bbda6c74e37c160f991e19,SP,furniture_decor,147.9,1,5.0,14.81
c32fc744b9160ac853450488e3cfea93,SP,sports_leisure,65.8,2,3.0,7.0249999999999995
c33847515fa6305ce6feb1e818569f13,SC,bed_bath_table,15494.95,113,3.7086614173228347,34.300314960629926
c33847515fa6305ce6feb1e818569f13,SC,fashion_male_clothing,24.9,1,5.0,18.27
c33a5c3c983090c8b78a28e65052a20d,SC,perfumery,559.2,8,4.125,16.01625
c353f8fc0ce8344999f17d578eb69a5e,RS,health_beauty,175.98,2,5.0,18.295
c35672b10ad50968f567ea3f4b91e877,RJ,health_beauty,1110.61,17,4.555555555555555,18.587777777777777
c35672b10ad50968f567ea3f4b91e877,RJ,perfumery,39.96,1,4.0,7.55
c35affa65afd250151285c5917fc1c8a,SP,auto,4779.92,8,4.25,80.605
c360e4787614ed31ac7a2f95d3b22dc6,SP,office_furniture,188.9,1,2.0,30.05
c37b2059d4f90d4feead554e5246565e,SP,furniture_decor,839.3,12,3.75,13.87375
c3867b4666c7d76867627c2f7fb22e21,SP,sports_leisure,34666.9,228,4.01673640167364,19.474273858921162
c394e193cda3b4225ff2094d32184849,SP,drinks,3134.8900000000003,2,5.0,16.14181818181818
c398bc00a606d33758afd91f4e64fd15,RJ,sports_leisure,150.0,2,4.5,7.75
c3aad7dc65449ae90a5e9c3c6c1e78e0,SP,party_supplies,510.0,6,4.666666666666667,21.72666666666667
c3acdfac4e3e97ff87529454fbc03642,SP,watches_gifts,16788.0,12,4.25,22.439999999999998
c3cfdc648177fdbbbb35635a37472c53,PR,auto,659.8,2,5.0,23.785
c3cfdc648177fdbbbb35635a37472c53,PR,sports_leisure,42388.38,276,4.444078947368421,19.777245901639347
c3e1abd72a42fe690fcd89cf5720fe29,SP,pet_shop,1798.61,13,4.461538461538462,12.997692307692308
c3e2398fcc7e581cda2e546557bf6968,SP,furniture_decor,14.9,1,5.0,15.23
c3ee2331a724e6fc02c4b698b57a73f3,SP,kitchen_dining_laundry_garden_furniture,1347.0,2,3.0,46.96
c3f5668699a1b04c0fa61ecea1e2bff6,PR,health_beauty,112.0,1,5.0,22.31
c3f5668699a1b04c0fa61ecea1e2bff6,PR,perfumery,295.81,2,5.0,42.405
c3fe93ba3085f92855c97e57f38c8c05,PR,books_general_interest,219.0,6,5.0,16.363333333333333
c42fd8e4d47dfb18ce5222f2dd7752f9,SP,furniture_decor,328.0,5,4.5,14.301111111111112
c42fd8e4d47dfb18ce5222f2dd7752f9,SP,perfumery,89.99,1,1.0,17.37
c43d924a0f1688ee9fae0efcd6f539d4,RJ,bed_bath_table,29.9,1,4.0,15.11
c447f8dd3ed213f291d65ef074a268eb,SP,health_beauty,130.0,2,4.5,17.495
c447f8dd3ed213f291d65ef074a268eb,SP,sports_leisure,525.0,5,3.6666666666666665,14.54
c458e2045a8aa8964f8879af03fdcce6,SP,fixed_telephony,494.91,4,3.111111111111111,21.865555555555556
c4af86330efa7a2620772227d2d670c9,SP,construction_tools_construction,5396.0,4,4.333333333333333,91.24
c4d51195486dc781531876a7d00453d8,SP,electronics,776.0,1,4.0,42.12
c4d51195486dc781531876a7d00453d8,SP,telephony,10692.98,16,3.9375,32.953125
c4f7fee5b0db50e87766f5a4d1b1b758,SP,auto,119.99,1,4.0,11.7
c4f7fee5b0db50e87766f5a4d1b1b758,SP,cool_stuff,2299.95,1,5.0,89.83
c4f7fee5b0db50e87766f5a4d1b1b758,SP,costruction_tools_tools,278.1,2,3.0,21.05
c4f7fee5b0db50e87766f5a4d1b1b758,SP,telephony,63.99,1,5.0,9.06
c4fabeea6e569d42d02993bb1f4f1cbc,CE,baby,459.7,7,3.5714285714285716,25.291428571428575
c4fabeea6e569d42d02993bb1f4f1cbc,CE,furniture_bedroom,399.6,4,4.75,25.045
c4fb51fb1c5b7c07bc5e67be6e7e8f6e,PR,bed_bath_table,87.0,1,5.0,38.4
c4fb51fb1c5b7c07bc5e67be6e7e8f6e,PR,christmas_supplies,295.0,1,4.0,73.66
c4fb51fb1c5b7c07bc5e67be6e7e8f6e,PR,garden_tools,373.0,2,4.5,46.78
c4fb51fb1c5b7c07bc5e67be6e7e8f6e,PR,housewares,605.9,10,3.1818181818181817,27.89090909090909
c4fb51fb1c5b7c07bc5e67be6e7e8f6e,PR,industry_commerce_and_business,207.0,1,3.0,46.29
c500367424994318b9e779ff1ae9a330,SP,baby,949.4,6,3.8333333333333335,16.508333333333333
c500367424994318b9e779ff1ae9a330,SP,cool_stuff,3098.0,2,3.0,95.225
c500367424994318b9e779ff1ae9a330,SP,luggage_accessories,299.0,1,5.0,22.49
c510bc1718f0f2961eaa42a23330681a,SP,baby,10141.0,12,4.25,59.20416666666667
c522be04e020c1e7b79f3acff36513d5,SP,auto,419.97,3,3.3333333333333335,21.52
c522be04e020c1e7b79f3acff36513d5,SP,electronics,69.99,1,4.0,8.88
c522be04e020c1e7b79f3acff36513d5,SP,telephony,159.98,2,5.0,8.52
c52c644cc0dc85121207a27013efc6af,MG,furniture_decor,397.8,1,5.0,141.58
c53bcd3be457a342a97e39e5a9f0be22,SE,bed_bath_table,509.5,5,3.2,37.218
c54679b132454625907c773d273d4126,SP,perfumery,1032.0,7,4.875,13.491249999999999
c5e60e39c0f42b8e827daa13cff74afa,SP,bed_bath_table,134.0,6,4.125,11.137500000000001
c5ebe6598748b0aeaa61cfb820478b92,RS,auto,297.0,3,4.666666666666667,13.39
c5f7e746b7e6d07def6c0dae9903279b,PR,pet_shop,1429.0,10,4.454545454545454,20.901818181818182
c5f7feb04a6a1fb3596322bfc3cf1917,SP,furniture_decor,1720.6,11,4.2727272727272725,30.714545454545455
c60b801f2d52c7f7f91de00870882a75,SP,cool_stuff,899.6,5,3.6,15.528
c60b801f2d52c7f7f91de00870882a75,SP,electronics,200.0,1,4.0,16.5
c60b801f2d52c7f7f91de00870882a75,SP,food,619.0,3,3.6666666666666665,15.233333333333334
c60b801f2d52c7f7f91de00870882a75,SP,watches_gifts,9577.9,30,3.3666666666666667,18.62
c611f4ce9ce875bcc063fa97fd4d7d12,SP,garden_tools,319.0,1,4.0,13.25
c6218512d16fcac0af02fe92691cf274,MG,bed_bath_table,104.0,2,2.5,20.775
c6218512d16fcac0af02fe92691cf274,MG,furniture_decor,570.0,6,4.583333333333333,25.515
c6381b1321d7d97717a5bb4ed5b77882,SP,health_beauty,56.0,1,5.0,12.86
c6381b1321d7d97717a5bb4ed5b77882,SP,perfumery,10.0,1,1.0,8.29
c6381d2d013342748761e906d45aff76,RS,construction_tools_safety,75.0,3,4.666666666666667,24.953333333333333
c6381d2d013342748761e906d45aff76,RS,housewares,1967.98,12,2.8,19.8568
c64a2aec32cc408a8a4c6d7c46017f91,RS,home_construction,3221.5,9,3.888888888888889,45.18555555555556
c66dccfb3f109511246da627dd5a2498,SP,electronics,289.9,1,4.0,19.91
c66dccfb3f109511246da627dd5a2498,SP,watches_gifts,11892.65,43,4.5813953488372094,21.50767441860465
c679fb69a36e1d8349e8c50a217b4d58,RS,costruction_tools_garden,22.98,1,5.0,18.26
c679fb69a36e1d8349e8c50a217b4d58,RS,housewares,1802.7,13,3.466666666666667,23.121875
c68fb906c8f4b4b946d8386bfa6e5467,SP,cool_stuff,343.90999999999997,3,3.6666666666666665,18.893333333333334
c68fb906c8f4b4b946d8386bfa6e5467,SP,health_beauty,226.88,1,5.0,22.08
c68fb906c8f4b4b946d8386bfa6e5467,SP,home_appliances_2,183.38,1,5.0,27.58
c68fb906c8f4b4b946d8386bfa6e5467,SP,housewares,2612.65,30,4.59375,18.256666666666668
c68fb906c8f4b4b946d8386bfa6e5467,SP,small_appliances,570.89,3,4.666666666666667,23.236666666666668
c68fb906c8f4b4b946d8386bfa6e5467,SP,sports_leisure,207.76,2,3.5,17.23
c68fb906c8f4b4b946d8386bfa6e5467,SP,toys,339.81,4,4.75,15.84
c68fb906c8f4b4b946d8386bfa6e5467,SP,watches_gifts,55.88,1,4.0,16.11
c6a7539d424a8402232c2228d7a03c5e,SP,housewares,607.5,10,2.6,26.254666666666665
c6bda72e4dbf5c5866b13cb1810c6d03,SP,baby,9285.58,48,4.322916666666667,17.142916666666668
c6bda72e4dbf5c5866b13cb1810c6d03,SP,cool_stuff,3059.0,8,4.75,30.16875
c6bda72e4dbf5c5866b13cb1810c6d03,SP,luggage_accessories,295.7,1,5.0,13.09
c6bda72e4dbf5c5866b13cb1810c6d03,SP,toys,1419.1,2,4.5,29.72
c70a353f02429c00775a46a75fb787da,SP,health_beauty,242.0,6,4.666666666666667,15.823333333333332
c70c1b0d8ca86052f45a432a38b73958,SP,health_beauty,36289.15,260,4.315315315315315,11.611339285714285
c714262700f93defc16bf17a51a4cb23,SP,cool_stuff,337.81,3,4.666666666666667,19.523333333333333
c714262700f93defc16bf17a51a4cb23,SP,sports_leisure,83.99,1,1.0,10.96
c716e0b86ed568878475b60fbb6323ad,SP,books_general_interest,35.0,1,5.0,15.23
c7246702dc991a06d788120dc7544391,CE,cool_stuff,54.86,1,5.0,17.66
c72de06d72748d1a0dfb2125be43ba63,BA,computers,4590.0,1,5.0,91.78
c72de06d72748d1a0dfb2125be43ba63,BA,computers_accessories,10262.0,17,4.444444444444445,56.595555555555556
c72de06d72748d1a0dfb2125be43ba63,BA,telephony,2670.0,3,4.333333333333333,33.56
c731d18cea9bf687ffee82a241c25b11,SC,furniture_decor,230.0,1,5.0,32.28
c731d18cea9bf687ffee82a241c25b11,SC,garden_tools,84.0,1,1.0,12.8
c731d18cea9bf687ffee82a241c25b11,SC,housewares,1260.0,9,4.444444444444445,22.112222222222222
c731d18cea9bf687ffee82a241c25b11,SC,la_cuisine,1935.0,12,3.9166666666666665,23.568461538461538
c731d18cea9bf687ffee82a241c25b11,SC,small_appliances,153.0,1,5.0,47.37
c747d5b92c7648417faea95d36d763e8,CE,furniture_living_room,139.0,1,5.0,85.75
c74f14c1e26cf1bd5bd34b6a1e274426,SC,books_general_interest,39.0,1,5.0,16.79
c76d418370990614e89e956c7a7567d9,SP,sports_leisure,305.24,2,3.5,32.265
c79151301b9d90985d1fa52879213105,PR,computers_accessories,267.09999999999997,3,4.857142857142857,16.62
c794dab4928dd97beb41d05514441e86,SP,health_beauty,1312.4,16,4.375,14.511875
c7a0a13cbcf29d5ce51c8f80afdc0b89,SC,fashion_bags_accessories,183.1,7,4.0,19.514285714285712
c7a0a13cbcf29d5ce51c8f80afdc0b89,SC,furniture_decor,299.98,1,5.0,19.06
c7b7db6c8f3c64a7cc1afa634db21d50,SP,housewares,1489.0,1,1.0,22.86
c7bb64409aa480bb7d0335faaaf3d242,SC,auto,97.6,4,2.25,16.89
c7dcd301ecfe5ab7f778ac172cf74be7,MG,air_conditioning,299.99,1,1.0,19.01
c7dcd301ecfe5ab7f778ac172cf74be7,MG,health_beauty,107.8,2,4.0,15.695
c7fdb77fdbff3c41981bc52f787e959e,SP,bed_bath_table,658.48,9,3.5454545454545454,15.152727272727274
c8025364abeecb115431bf95c11a747f,RS,sports_leisure,928.0,2,4.5,21.64
c8143b3069f6746a77421b5ce30a450c,GO,health_beauty,142.47,1,5.0,43.41
c826c40d7b19f62a09e2d7c5e7295ee2,SP,sports_leisure,110.77,1,5.0,8.04
c840d3fdbba0790404fdae73d253b253,PR,furniture_decor,4313.28,8,4.153846153846154,26.41769230769231
c840d3fdbba0790404fdae73d253b253,PR,housewares,209.0,1,1.0,16.22
c8417879a15366a17c30af34c798c332,SP,bed_bath_table,64.0,1,5.0,12.79
c8417879a15366a17c30af34c798c332,SP,garden_tools,1187.3,14,4.75,11.3295
c8417879a15366a17c30af34c798c332,SP,housewares,405.7,7,2.4545454545454546,15.523636363636363
c8417879a15366a17c30af34c798c332,SP,stationery,58.0,2,5.0,11.41
c84592044b180dec206770c38603814b,SP,auto,45.98,2,4.0,14.100000000000001
c84592044b180dec206770c38603814b,SP,computers_accessories,95.98,2,3.5,18.634999999999998
c84592044b180dec206770c38603814b,SP,consoles_games,149.99,1,4.0,39.1
c84592044b180dec206770c38603814b,SP,electronics,199.99,9,4.777777777777778,11.606666666666666
c8467937e403e76a8ee9f0ab13f6f5ef,MG,costruction_tools_tools,1853.79,30,4.133333333333334,17.846969696969698
c847e075301870dd144a116762eaff9a,MG,auto,10799.1,9,4.625,38.937777777777775
c847e075301870dd144a116762eaff9a,MG,cool_stuff,2240.3,26,4.111111111111111,21.10777777777778
c847e075301870dd144a116762eaff9a,MG,garden_tools,99.9,1,5.0,19.4
c847e075301870dd144a116762eaff9a,MG,musical_instruments,2109.5,5,3.8,30.586000000000002
c864036feaab8c1659f65ea4faebe1da,PR,sports_leisure,10454.2,58,4.568965517241379,31.820172413793102
c8660dcf9ba70575f45d80fe28c27713,SP,cool_stuff,65.0,1,5.0,16.15
c8660dcf9ba70575f45d80fe28c27713,SP,pet_shop,270.0,3,4.666666666666667,14.64
c8665a4dd081a2c436b1cd921079d0d9,SP,health_beauty,79.39,1,5.0,14.14
c8771b1a10bb99bb34d3c459c5cffb53,SP,toys,64.9,1,5.0,31.2
c878515173c84a492ebe50d6b493230b,PR,auto,66.99,1,1.0,19.17
c878515173c84a492ebe50d6b493230b,PR,fashion_bags_accessories,28.98,1,5.0,7.55
c878515173c84a492ebe50d6b493230b,PR,furniture_decor,127.98,2,5.0,24.270000000000003
c878515173c84a492ebe50d6b493230b,PR,sports_leisure,894.89,5,4.2,21.278
c87abc38c8ed3240861729e1aeadf221,SP,fashion_bags_accessories,133.0,1,1.0,15.68
c89cf7c468a48af70aada384e722f9e2,RJ,toys,745.0,14,4.0,16.143571428571427
c8b0e2b0a7095e5d8219575d5e7e1181,SP,auto,12170.210000000001,84,4.0476190476190474,17.49564705882353
c8b3445d737de6befde0c88ede534a5e,SP,baby,299.9,5,2.6,10.264999999999999
c8b3445d737de6befde0c88ede534a5e,SP,toys,2849.14,25,4.5,21.11923076923077
c8c1bea22194a4eefa2dc9a9fa89f536,SC,pet_shop,1266.0,7,5.0,22.517692307692307
c8cc60ffd415254af5d9b9f34f32c369,SP,pet_shop,722.2,8,4.666666666666667,21.558888888888887
c8e135e7b21ecbc36c1153a29d2f5a06,SP,health_beauty,1165.5,7,4.857142857142857,14.56857142857143
c963a25b8671419c6ce9eebe8fd03218,RJ,furniture_decor,49.0,1,5.0,19.32
c97aa4ee7420f937da13b7f9e2228b99,RS,pet_shop,29.9,1,1.0,6.66
c990d6cf976a5718aaedc539f383ab88,SP,auto,19.9,1,5.0,7.78
c990d6cf976a5718aaedc539f383ab88,SP,computers_accessories,68.8,2,3.0,24.125
c990d6cf976a5718aaedc539f383ab88,SP,telephony,94.4,5,3.3333333333333335,9.886666666666667
c9a06ece156bb057372c68718ec8909b,DF,cool_stuff,49.0,1,4.0,14.72
c9a06ece156bb057372c68718ec8909b,DF,garden_tools,3800.0,10,3.3,41.824
c9aafcd0621b2207c10e32c649cada4d,SP,health_beauty,2671.26,40,4.340425531914893,17.389148936170212
c9c7905cffc4ef9ff9f113554423e671,SP,audio,90.1,2,3.0,14.105
c9c7905cffc4ef9ff9f113554423e671,SP,auto,2223.27,25,4.16,13.9768
c9c7905cffc4ef9ff9f113554423e671,SP,computers_accessories,299.99,1,5.0,17.4
c9c7905cffc4ef9ff9f113554423e671,SP,electronics,2151.13,21,4.423076923076923,12.816923076923077
c9c7905cffc4ef9ff9f113554423e671,SP,garden_tools,65.0,2,2.5,7.78
c9c7905cffc4ef9ff9f113554423e671,SP,small_appliances_home_oven_and_coffee,369.99,1,5.0,15.14
c9c7905cffc4ef9ff9f113554423e671,SP,sports_leisure,2597.89,26,4.033333333333333,18.041666666666668
c9c7905cffc4ef9ff9f113554423e671,SP,stationery,315.0,7,4.285714285714286,23.324285714285715
c9c7905cffc4ef9ff9f113554423e671,SP,telephony,2544.81,42,4.155555555555556,14.356444444444444
c9d2ba8dde44a275ae06475ed1d2fafc,MG,auto,28.79,1,5.0,14.52
c9e5ad1f6647f5dbd1172adf6ae3cada,RS,agro_industry_and_commerce,113.14999999999999,2,5.0,12.67
c9e5ad1f6647f5dbd1172adf6ae3cada,RS,construction_tools_construction,72.94,1,5.0,18.39
c9e5ad1f6647f5dbd1172adf6ae3cada,RS,small_appliances,72.94,1,4.0,17.22
ca3bd7cd9f149df75950150d010fe4a2,SP,furniture_decor,631.0,2,2.0,90.3575
ca3bd7cd9f149df75950150d010fe4a2,SP,housewares,8622.47,66,3.8396946564885495,22.576030534351144
ca4b77513ac2040591b0d8fae6958380,SP,health_beauty,1772.45,14,4.466666666666667,13.411333333333335
ca5832c6960267b71041f74bb39e8b12,SC,music,79.9,1,1.0,17.81
ca77545ca4d2dfd1431bf61334e2fa3c,PR,health_beauty,52.9,1,5.0,15.12
ca77545ca4d2dfd1431bf61334e2fa3c,PR,sports_leisure,707.1,5,4.777777777777778,22.065555555555555
ca7c6bd577e559472af1c699de9e764e,SP,health_beauty,148.0,6,4.0,8.8525
caa9bc43a9fe8cf9c564ddd8a03cc4a6,SP,toys,683.91,9,4.555555555555555,14.928999999999998
cab85505710c7cb9b720bceb52b01cee,SP,fashion_bags_accessories,11124.6,201,4.33743842364532,13.859754901960784
cac4c8e7b1ca6252d8f20b2fc1a2e4af,SP,baby,89.98,2,3.0,17.79
cac4c8e7b1ca6252d8f20b2fc1a2e4af,SP,books_imported,19.99,1,1.0,13.44
cac4c8e7b1ca6252d8f20b2fc1a2e4af,SP,cool_stuff,69.99,1,5.0,18.73
cac4c8e7b1ca6252d8f20b2fc1a2e4af,SP,furniture_decor,3079.38,57,3.4344262295081966,18.66758064516129
cac4c8e7b1ca6252d8f20b2fc1a2e4af,SP,housewares,92.94,3,3.6666666666666665,11.79
cac4c8e7b1ca6252d8f20b2fc1a2e4af,SP,market_place,415.96000000000004,4,3.75,34.3225
cac4c8e7b1ca6252d8f20b2fc1a2e4af,SP,toys,359.95000000000005,6,5.0,16.223333333333333
cac4e0bc1a3269fa2b6ea5e763f6115b,SC,housewares,32.04,2,5.0,15.684999999999999
cac63f48c38cd7d002a7e846dcd99a23,SP,toys,874.0,10,4.8,14.062000000000001
cac876b37d3abcd6bd76caca30277996,PR,bed_bath_table,267.0,2,5.0,16.186666666666667
cac876b37d3abcd6bd76caca30277996,PR,furniture_living_room,82.8,2,4.5,21.39
cac876b37d3abcd6bd76caca30277996,PR,health_beauty,114.69999999999999,3,3.0,21.596666666666668
cac876b37d3abcd6bd76caca30277996,PR,housewares,1629.98,17,4.7272727272727275,23.598636363636363
cac876b37d3abcd6bd76caca30277996,PR,musical_instruments,67.9,1,,22.41
cac876b37d3abcd6bd76caca30277996,PR,toys,67.39,2,4.5,15.655
cad10cc982ab6a391570c211b995c17c,SP,costruction_tools_garden,47.4,1,5.0,12.79
cad9969167c09b48ae6f1d123f7fa68d,MG,furniture_decor,24.0,1,5.0,13.51
cb0b3bcf14e0a709df412a99424a59d7,SP,auto,460.0,2,4.5,23.715
cb162c8eef257253782d245c08d9097c,SP,cool_stuff,34.99,1,5.0,14.13
cb32766839f443db85c82a43c4a6c19e,SP,fashio_female_clothing,234.0,2,3.0,15.755
cb3dd9ce66268c7a3ca7241ac70ab58c,SP,food_drink,77.98,2,3.75,21.145
cb3dd9ce66268c7a3ca7241ac70ab58c,SP,sports_leisure,2710.34,47,4.239583333333333,16.20958333333333
cb41bfbcbda0aea354a834ab222f9a59,SP,home_construction,3792.0,11,3.272727272727273,78.06
cb4a705d00e100b9732d0ca34817d441,SC,furniture_decor,998.0,1,1.0,41.28
cb5df0dcb9e280b1780e9d589889f2c7,SP,furniture_bedroom,852.94,5,3.0,44.038333333333334
cb5df0dcb9e280b1780e9d589889f2c7,SP,furniture_living_room,485.96,4,4.0,36.8675
cb5df0dcb9e280b1780e9d589889f2c7,SP,kitchen_dining_laundry_garden_furniture,165.99,1,5.0,12.66
cb5df0dcb9e280b1780e9d589889f2c7,SP,office_furniture,109.99,1,4.0,29.56
cb5ff1b9715e99589f3e0c7a6afab9e3,PR,sports_leisure,85.0,4,4.0,13.5075
cb6c9f5888a7a090c75beaf615925792,ES,construction_tools_lights,74.9,1,3.0,16.49
cb6c9f5888a7a090c75beaf615925792,ES,costruction_tools_tools,129.49,1,4.0,18.71
cb6c9f5888a7a090c75beaf615925792,ES,garden_tools,510.56,7,4.714285714285714,23.8
cb6c9f5888a7a090c75beaf615925792,ES,home_construction,29.95,1,1.0,7.84
cb6c9f5888a7a090c75beaf615925792,ES,sports_leisure,34.99,1,1.0,19.44
cb810bd318f51b3dc3c753944d61a1fa,RJ,health_beauty,1750.0,1,4.0,39.02
cb8bcce248bb1fb274ba762d8b971456,MG,auto,131.8,1,5.0,14.63
cb8bcce248bb1fb274ba762d8b971456,MG,computers_accessories,511.6,4,4.25,31.18
cb8bcce248bb1fb274ba762d8b971456,MG,cool_stuff,8509.0,61,4.327868852459017,17.14934426229508
cbbd5ae8f53de5f5097cd8217b529e24,SP,baby,175.9,1,4.0,32.26
cbd996ad3c1b7dc71fd0e5f5df9087e2,SP,food,4915.71,85,4.344086021505376,14.997291666666667
cbd996ad3c1b7dc71fd0e5f5df9087e2,SP,health_beauty,2839.89,68,3.8987341772151898,14.022560975609755
cbd996ad3c1b7dc71fd0e5f5df9087e2,SP,sports_leisure,461.90000000000003,7,4.0,16.577272727272728
cbf09e831b0c11f6f23ffb51004db972,SP,housewares,507.2,8,4.5,18.9225
cbf09e831b0c11f6f23ffb51004db972,SP,kitchen_dining_laundry_garden_furniture,1028.0,2,4.0,64.41
cc1f04647be106ba74e62b21f358af25,SP,health_beauty,11.9,1,1.0,8.29
cc3d14116804f7209f3884f6367f1152,PR,fashion_shoes,59.8,1,5.0,14.1
cc3d14116804f7209f3884f6367f1152,PR,health_beauty,40.0,1,5.0,5.06
cc3d14116804f7209f3884f6367f1152,PR,small_appliances,5378.0,25,4.62962962962963,20.352962962962962
cc419e0650a3c5ba77189a1882b7556a,SP,food,169.98,2,3.5,13.28
cc419e0650a3c5ba77189a1882b7556a,SP,health_beauty,61830.36,1020,4.108412698412698,14.925085388994308
cc419e0650a3c5ba77189a1882b7556a,SP,perfumery,38915.62,612,4.1998432601880875,13.810611285266457
cc419e0650a3c5ba77189a1882b7556a,SP,telephony,175.0,17,4.12,11.090399999999999
cc5a78bbad32776dc4e3af205218368c,MG,construction_tools_construction,10.18,1,5.0,18.23
cc5a78bbad32776dc4e3af205218368c,MG,housewares,2366.66,27,4.428571428571429,35.32928571428572
cc5a78bbad32776dc4e3af205218368c,MG,pet_shop,44.24,1,5.0,35.48
cc5a78bbad32776dc4e3af205218368c,MG,stationery,899.24,2,3.0,58.540000000000006
cc5a78bbad32776dc4e3af205218368c,MG,toys,948.86,2,5.0,24.026666666666667
cc63f0dd2acba93ffed4fe9f8e0321fa,SP,auto,168.0,1,4.0,19.26
cc63f0dd2acba93ffed4fe9f8e0321fa,SP,housewares,6928.71,54,4.048387096774194,22.269516129032258
cc80e2f693fa6e2408f47ccf62413fc1,PR,auto,420.0,2,4.0,44.315
cca3071e3e9bb7d12640c9fbe2301306,SP,baby,279.6,2,4.5,13.39
cca3071e3e9bb7d12640c9fbe2301306,SP,bed_bath_table,25609.170000000002,225,3.7016806722689077,20.286265560165972
cca3071e3e9bb7d12640c9fbe2301306,SP,fashio_female_clothing,523.4000000000001,6,4.833333333333333,14.758333333333335
cca3071e3e9bb7d12640c9fbe2301306,SP,fashion_male_clothing,793.6,13,4.071428571428571,14.901428571428571
cca3071e3e9bb7d12640c9fbe2301306,SP,furniture_decor,35406.090000000004,444,3.930902111324376,16.208130841121495
cca3071e3e9bb7d12640c9fbe2301306,SP,housewares,423.29999999999995,15,4.411764705882353,14.254117647058823
ccada0ef508e698917a6eab263375905,PR,kitchen_dining_laundry_garden_furniture,119.9,1,4.0,27.16
ccb83a794700270fde70898fe9ff368b,SC,sports_leisure,11062.0,12,4.333333333333333,143.64416666666668
ccbd753e6863fe7314dc6c0ca5a074e7,SC,auto,495.0,1,4.0,101.56
ccc4bbb5f32a6ab2b7066a4130f114e3,PR,health_beauty,71393.83,179,4.316939890710382,27.522336956521738
ccc4bbb5f32a6ab2b7066a4130f114e3,PR,sports_leisure,1532.8899999999999,5,4.4,22.102
cce6ab8d1682639fe45ab70234f1665f,SP,bed_bath_table,2442.7,61,4.53125,17.76390625
ccf8813e5a7d6c84d865cd38bfc2b130,SP,furniture_decor,2575.6,25,4.4,16.121199999999998
ccf8813e5a7d6c84d865cd38bfc2b130,SP,housewares,59.9,1,4.0,12.76
cd06602b43d8800bd0afad514919d35c,SP,bed_bath_table,175.5,1,5.0,9.34
cd06602b43d8800bd0afad514919d35c,SP,construction_tools_construction,824.38,2,4.0,26.656666666666666
cd06602b43d8800bd0afad514919d35c,SP,housewares,1555.43,40,3.630434782608696,13.577173913043477
cd2169d9f31ff6fbb9ca3373b0c9e354,RJ,baby,569.0,1,4.0,56.33
cd233f8bfa30ebfd651f47ee7d054951,SP,sports_leisure,79.9,1,5.0,18.66
cd3d09fbe6e3e9ff0c0ac0c300e93ae7,SP,auto,651.04,12,4.166666666666667,19.099166666666665
cd52a8efd71af3336b14b5039b951cc1,SP,fashion_bags_accessories,111.8,2,3.0,17.15
cd68562d3f44870c08922d380acae552,SP,baby,1320.4,8,3.75,18.71625
cd68562d3f44870c08922d380acae552,SP,cool_stuff,4355.0,10,4.2727272727272725,18.034545454545455
cd68562d3f44870c08922d380acae552,SP,electronics,1361.0,17,3.6666666666666665,17.80388888888889
cd68562d3f44870c08922d380acae552,SP,health_beauty,125.5,1,5.0,16.64
cd68562d3f44870c08922d380acae552,SP,perfumery,1115.0,9,4.111111111111111,17.45777777777778
cd68562d3f44870c08922d380acae552,SP,signaling_and_security,1335.0,11,3.9,14.737272727272728
cd68562d3f44870c08922d380acae552,SP,sports_leisure,7205.0,42,3.765957446808511,16.65382978723404
cd68562d3f44870c08922d380acae552,SP,telephony,1032.8,21,4.380952380952381,15.638095238095238
cd68562d3f44870c08922d380acae552,SP,toys,270.0,3,2.3333333333333335,14.860000000000001
cd6efc47efaabf134f8bdb654e10b4f1,RJ,computers_accessories,169.98,2,5.0,16.46
cd6efc47efaabf134f8bdb654e10b4f1,RJ,fashion_bags_accessories,258.8,2,5.0,17.395
cd6efc47efaabf134f8bdb654e10b4f1,RJ,housewares,89.99,1,5.0,18.43
cd6efc47efaabf134f8bdb654e10b4f1,RJ,luggage_accessories,326.0,2,3.0,22.44
cd6efc47efaabf134f8bdb654e10b4f1,RJ,stationery,2667.0,20,4.619047619047619,18.98761904761905
cd6efc47efaabf134f8bdb654e10b4f1,RJ,toys,646.78,4,4.0,17.2125
cd843d4cf8ef32827de0396605163ba3,MG,kitchen_dining_laundry_garden_furniture,1915.0,5,3.8,139.512
cda598c48d7c614bc1cad7d8ff6f0010,SP,air_conditioning,79.9,1,3.0,19.75
cda598c48d7c614bc1cad7d8ff6f0010,SP,auto,878.9000000000001,10,4.0,17.65727272727273
cda598c48d7c614bc1cad7d8ff6f0010,SP,health_beauty,60.0,4,4.0,12.79
cda598c48d7c614bc1cad7d8ff6f0010,SP,sports_leisure,99.8,2,4.0,18.23
ce20a2ec1514c25e16f2b5b39bc818f0,SP,pet_shop,287.0,4,4.857142857142857,29.861428571428572
ce248b21cb2adc36282ede306b7660e5,SC,air_conditioning,169.9,1,5.0,18.58
ce248b21cb2adc36282ede306b7660e5,SC,cool_stuff,351.9,4,4.75,23.77
ce248b21cb2adc36282ede306b7660e5,SC,costruction_tools_garden,369.9,1,2.0,61.6
ce248b21cb2adc36282ede306b7660e5,SC,home_appliances,619.5,5,5.0,21.913999999999998
ce248b21cb2adc36282ede306b7660e5,SC,home_appliances_2,4343.46,7,3.2857142857142856,71.34285714285714
ce248b21cb2adc36282ede306b7660e5,SC,housewares,719.9200000000001,4,4.5,19.8425
ce248b21cb2adc36282ede306b7660e5,SC,music,1165.97,1,5.0,78.15
ce248b21cb2adc36282ede306b7660e5,SC,musical_instruments,5819.64,41,4.261904761904762,22.696666666666665
ce27a3cc3c8cc1ea79d11e561e9bebb6,SP,auto,1993.89,3,5.0,14.183636363636362
ce27a3cc3c8cc1ea79d11e561e9bebb6,SP,computers_accessories,921.57,35,4.194444444444445,11.890833333333333
ce27a3cc3c8cc1ea79d11e561e9bebb6,SP,consoles_games,2165.43,26,3.793103448275862,14.086666666666668
ce27a3cc3c8cc1ea79d11e561e9bebb6,SP,cool_stuff,691.84,18,3.95,12.803999999999998
ce27a3cc3c8cc1ea79d11e561e9bebb6,SP,costruction_tools_garden,145.99,1,5.0,16.78
ce27a3cc3c8cc1ea79d11e561e9bebb6,SP,electronics,2205.0,15,4.733333333333333,18.131764705882354
ce27a3cc3c8cc1ea79d11e561e9bebb6,SP,fixed_telephony,21.0,2,3.5,15.08
ce27a3cc3c8cc1ea79d11e561e9bebb6,SP,health_beauty,662.96,16,4.3125,13.755625
ce27a3cc3c8cc1ea79d11e561e9bebb6,SP,musical_instruments,131.8,1,1.0,35.78
ce27a3cc3c8cc1ea79d11e561e9bebb6,SP,sports_leisure,90.0,2,5.0,11.809999999999999
ce27a3cc3c8cc1ea79d11e561e9bebb6,SP,tablets_printing_image,435.97,3,4.5,21.810000000000002
ce33c6211beaa8fef4cae8b52db39862,SP,sports_leisure,49.0,1,3.0,14.52
ce3ad9de960102d0677a81f5d0bb7b2d,RJ,baby,158.0,1,5.0,16.21
ce4755084bc097113867e6454f8f5e52,SP,health_beauty,18.9,1,5.0,12.79
ce616e1913288884e7742faac9d981db,SP,auto,333.3,14,4.636363636363637,11.825
ce69a8021d18961dd2a40269b7c2c293,PR,books_general_interest,199.98,2,5.0,13.05
ce69a8021d18961dd2a40269b7c2c293,PR,cine_photo,1767.97,3,5.0,37.446666666666665
ce69a8021d18961dd2a40269b7c2c293,PR,cool_stuff,2825.15,13,4.230769230769231,24.273076923076925
ce69a8021d18961dd2a40269b7c2c293,PR,telephony,24.9,1,5.0,17.06
ce7d1888639e6fb06b2749cbfdac1ff7,MG,baby,69.99,1,5.0,108.37
ce7d1888639e6fb06b2749cbfdac1ff7,MG,furniture_bedroom,619.9,4,5.0,39.675
ce7d1888639e6fb06b2749cbfdac1ff7,MG,housewares,10744.0,70,4.026315789473684,34.79921052631579
ce7d1888639e6fb06b2749cbfdac1ff7,MG,kitchen_dining_laundry_garden_furniture,360.0,3,4.666666666666667,56.946666666666665
cea729054f157f5870bdd321a958d994,SP,bed_bath_table,252.0,2,4.0,12.805
cea729054f157f5870bdd321a958d994,SP,sports_leisure,2230.1,22,4.208333333333333,13.496249999999998
ceaec5548eefc6e23e6607c5435102e7,SP,cool_stuff,42673.23,172,4.215909090909091,29.79418994413408
ceaec5548eefc6e23e6607c5435102e7,SP,health_beauty,399.99,1,4.0,59.93
ceaec5548eefc6e23e6607c5435102e7,SP,home_appliances,39.0,1,4.0,15.23
ceaec5548eefc6e23e6607c5435102e7,SP,home_appliances_2,3389.77,9,3.7777777777777777,37.437777777777775
ceaec5548eefc6e23e6607c5435102e7,SP,housewares,986.39,8,4.375,17.545
ceaec5548eefc6e23e6607c5435102e7,SP,small_appliances,719.8,2,4.0,24.44
ceaec5548eefc6e23e6607c5435102e7,SP,small_appliances_home_oven_and_coffee,3270.0,5,4.333333333333333,40.175000000000004
cecd97bc34ed8330bd4cd15713eda670,SC,toys,57.99,1,1.0,18.51
cee48807215b30a12ca2ca10ffb5f250,SP,auto,6988.43,37,3.6578947368421053,23.216578947368422
cee48807215b30a12ca2ca10ffb5f250,SP,sports_leisure,223.8,2,4.5,15.53
cf1313c6e2c01c2f4b014f97db4bcd2b,RJ,baby,120.0,2,5.0,20.435000000000002
cf1313c6e2c01c2f4b014f97db4bcd2b,RJ,toys,195.70000000000002,3,5.0,13.476666666666667
cf2384dd2f1dddea3f838efed0945e65,SP,furniture_decor,159.9,1,1.0,25.96
cf2384dd2f1dddea3f838efed0945e65,SP,furniture_living_room,1941.6000000000001,15,4.133333333333334,27.165333333333333
cf654707ed6a99f112c7ec3d6f314b8b,SP,fashion_bags_accessories,756.0,3,4.75,8.385
cf8ab1616079e2793aa29d524df01bb1,SP,sports_leisure,9594.0,6,2.5,72.92666666666666
cfa5ab0e4d3fc212fd0b3410e7081c62,MG,computers_accessories,20.0,1,5.0,14.44
cfa5ab0e4d3fc212fd0b3410e7081c62,MG,fixed_telephony,799.99,1,3.0,19.33
cfa5ab0e4d3fc212fd0b3410e7081c62,MG,furniture_decor,139.99,1,5.0,25.85
cfa5ab0e4d3fc212fd0b3410e7081c62,MG,furniture_living_room,2294.9300000000003,7,3.142857142857143,75.44285714285715
cfa5ab0e4d3fc212fd0b3410e7081c62,MG,garden_tools,935.94,1,3.0,4.4
cfa5ab0e4d3fc212fd0b3410e7081c62,MG,toys,589.96,4,5.0,100.34
cfb1a033743668a192316f3c6d1d2671,SP,bed_bath_table,12609.54,143,4.025280898876405,18.777430167597764
cfd7ddab722b902f7ac5b5f3ba6d723d,MG,agro_industry_and_commerce,996.0,1,2.0,69.22
cfd7ddab722b902f7ac5b5f3ba6d723d,MG,home_appliances_2,45.32,2,5.0,11.965
cfd7ddab722b902f7ac5b5f3ba6d723d,MG,housewares,2193.91,6,5.0,76.61999999999999
cfd7ddab722b902f7ac5b5f3ba6d723d,MG,kitchen_dining_laundry_garden_furniture,69.9,2,5.0,16.14
cfd7ddab722b902f7ac5b5f3ba6d723d,MG,small_appliances,79.9,1,5.0,18.71
cfe94489ddd337d1e29e12f2a7205d10,SP,construction_tools_safety,2376.0,20,4.125,12.3675
d03698c2efd04a549382afa6623e27fb,BA,computers_accessories,7185.21,16,4.526315789473684,35.30684210526316
d03698c2efd04a549382afa6623e27fb,BA,fixed_telephony,1680.26,2,4.5,54.16
d05ae8f7a5bd1d2a690a44cd079e4e27,RJ,sports_leisure,13244.0,77,3.8227848101265822,14.270625
d06d019f72a04e5497a0b64190af170c,SP,health_beauty,2415.93,17,4.529411764705882,13.26529411764706
d0d70d21e2234dd7cd3cf63fe414148a,PB,bed_bath_table,598.4,8,4.222222222222222,40.73222222222222
d101c6da914ae3d53f7bee42283f2fe2,SP,furniture_decor,746.1,7,3.2222222222222223,16.225555555555555
d101c6da914ae3d53f7bee42283f2fe2,SP,garden_tools,191.7,3,5.0,13.386666666666665
d101c6da914ae3d53f7bee42283f2fe2,SP,industry_commerce_and_business,359.6,3,4.25,18.490000000000002
d12c926d74ceff0a90a21184466ce161,SP,electronics,39.9,1,5.0,14.52
d12c926d74ceff0a90a21184466ce161,SP,fashion_sport,99.8,2,4.0,9.84
d12c926d74ceff0a90a21184466ce161,SP,furniture_decor,1056.6000000000001,19,4.565217391304348,11.751304347826085
d12c926d74ceff0a90a21184466ce161,SP,housewares,69.9,1,5.0,11.1
d12c926d74ceff0a90a21184466ce161,SP,market_place,305.2,9,4.9,13.538999999999998
d12c926d74ceff0a90a21184466ce161,SP,perfumery,801.1,10,2.5789473684210527,15.033684210526316
d12c926d74ceff0a90a21184466ce161,SP,sports_leisure,1124.78,25,4.4375,11.8175
d12c926d74ceff0a90a21184466ce161,SP,stationery,353.0,9,4.0,12.292222222222222
d13e50eaa47b4cbe9eb81465865d8cfc,SP,food,4822.62,55,4.771929824561403,11.796666666666667
d13e50eaa47b4cbe9eb81465865d8cfc,SP,sports_leisure,2250.43,11,5.0,14.735454545454546
d149de2f383552baea37a7198c2296ce,SP,toys,320.70000000000005,3,5.0,11.223333333333334
d1582f4043306e6b91afa6a8a884f898,SP,toys,990.0,9,4.111111111111111,14.657777777777776
d17f467e4bf608a510c20d82f4ba3b6b,RS,agro_industry_and_commerce,1890.16,6,4.0,46.40333333333333
d17f467e4bf608a510c20d82f4ba3b6b,RS,home_appliances_2,388.35,1,4.0,76.67
d17f467e4bf608a510c20d82f4ba3b6b,RS,housewares,685.27,4,4.75,38.11
d197aa8fbc64087f61984deef05f6227,SP,furniture_decor,185.42000000000002,2,4.333333333333333,13.996666666666664
d197aa8fbc64087f61984deef05f6227,SP,stationery,333.67,4,5.0,17.3925
d1a5cc844736958c11b8efab9a2b4c87,PR,furniture_decor,237.6,1,1.0,16.41
d1aa1ec0839dcab73a6161130eb1f94a,PR,furniture_decor,119.9,1,4.0,16.14
d1b65fc7debc3361ea86b5f14c68d2e2,SP,fashion_bags_accessories,289.9,1,5.0,27.26
d1b65fc7debc3361ea86b5f14c68d2e2,SP,luggage_accessories,8914.01,27,4.642857142857143,42.87714285714286
d1b65fc7debc3361ea86b5f14c68d2e2,SP,stationery,2209.26,11,4.636363636363637,16.575454545454548
d1b9d4be4b6f9ebd85f8acd6745ba612,MG,furniture_decor,1154.35,11,4.181818181818182,17.652727272727272
d1c281d3ae149232351cd8c8cc885f0d,SP,baby,1524.94,6,3.5,60.073333333333345
d1c281d3ae149232351cd8c8cc885f0d,SP,bed_bath_table,25308.670000000002,208,3.8051948051948052,21.543476394849787
d1c7fa84e48cfa21a0e595167c1c500e,RS,costruction_tools_garden,141.13,4,4.25,23.5125
d1c7fa84e48cfa21a0e595167c1c500e,RS,garden_tools,884.9,6,4.333333333333333,31.77333333333333
d1c7fa84e48cfa21a0e595167c1c500e,RS,health_beauty,130.0,2,4.5,18.33
d1ef48b38baca7e831711c4a0aeb398f,PR,costruction_tools_tools,131.8,3,4.333333333333333,14.813333333333333
d1ef48b38baca7e831711c4a0aeb398f,PR,garden_tools,433.77,7,4.285714285714286,28.487142857142857
d1ef48b38baca7e831711c4a0aeb398f,PR,home_appliances,356.95,5,4.5,23.811666666666667
d1ef48b38baca7e831711c4a0aeb398f,PR,home_appliances_2,89.94999999999999,4,4.6,14.792000000000002
d1ef48b38baca7e831711c4a0aeb398f,PR,small_appliances,349.46,7,4.7272727272727275,14.976363636363637
d1ef48b38baca7e831711c4a0aeb398f,PR,small_appliances_home_oven_and_coffee,77.2,2,4.5,13.61
d20b021d3efdf267a402c402a48ea64b,SP,bed_bath_table,460.79999999999995,4,4.75,14.82
d20b021d3efdf267a402c402a48ea64b,SP,furniture_decor,3371.5099999999998,81,3.6354166666666665,14.763195876288659
d20b021d3efdf267a402c402a48ea64b,SP,home_confort,89.99,1,5.0,13.65
d23019c84ffae2d5ef2270367b8605fc,PR,musical_instruments,29205.1,39,4.410256410256411,70.50615384615384
d2374cbcbb3ca4ab1086534108cc3ab7,SP,auto,627.8,22,4.136363636363637,18.395454545454545
d2374cbcbb3ca4ab1086534108cc3ab7,SP,baby,35.9,1,1.0,19.44
d2374cbcbb3ca4ab1086534108cc3ab7,SP,bed_bath_table,19968.42,487,3.7107081174438687,15.067849829351536
d2374cbcbb3ca4ab1086534108cc3ab7,SP,cool_stuff,293.9,4,2.0,17.30090909090909
d2572f31e9023e9850ef986a636ff9bf,MG,auto,279.0,1,5.0,26.69
d25aa0aaacb370e912f8cf6efeba38b3,SC,construction_tools_construction,273.15999999999997,2,5.0,42.865
d25aa0aaacb370e912f8cf6efeba38b3,SC,housewares,2385.29,15,4.473684210526316,33.102631578947374
d263fa444c1504a75cbca5cc465f592a,SP,furniture_decor,399.0,1,5.0,45.07
d26aa40b90272d4843d63be7c1462c8d,SP,baby,152.9,2,4.5,12.26
d297f1055de2956aedfd3b04113dce3e,SP,agro_industry_and_commerce,54.3,1,4.0,7.64
d29ba1220fb8634fa3a107e54497b8a4,SP,furniture_decor,34.99,1,5.0,18.23
d2df77822373f19934e87694d8640767,PR,baby,99.0,1,5.0,22.22
d2df77822373f19934e87694d8640767,PR,furniture_living_room,56.9,1,1.0,18.28
d2e753bb80b7d4faa77483ed00edc8ca,BA,fashion_bags_accessories,1262.7,13,3.6785714285714284,31.469285714285714
d2e753bb80b7d4faa77483ed00edc8ca,BA,pet_shop,58.0,1,4.0,13.67
d2f3e277560ed4c6361284429b00f037,SP,pet_shop,310.5,5,5.0,20.782
d32e3909cfb714fb2a6cb092c85b9c5f,SP,health_beauty,119.9,1,3.0,27.38
d32e3909cfb714fb2a6cb092c85b9c5f,SP,housewares,2169.2999999999997,6,3.857142857142857,18.99285714285714
d354c38a7182125a748cb10474fe963b,RJ,sports_leisure,1430.35,16,4.470588235294118,15.132777777777777
d3674f271c91f824f82d24d92011f669,DF,health_beauty,39.9,1,5.0,22.21
d3674f271c91f824f82d24d92011f669,DF,perfumery,1678.4,19,4.052631578947368,19.016315789473683
d36b07fd3c5088e477a72d1fccfe29d4,SP,garden_tools,328.9,1,5.0,10.96
d379f449f2a3b271bc01c0782020f705,MG,furniture_decor,1253.8600000000001,11,4.090909090909091,30.873636363636365
d379f449f2a3b271bc01c0782020f705,MG,garden_tools,2261.7,6,3.0,43.62714285714286
d379f449f2a3b271bc01c0782020f705,MG,housewares,907.5,11,4.363636363636363,39.24909090909091
d3891911c2feae53c52fea2bd14054e5,SP,telephony,141.0,2,5.0,12.995000000000001
d3dcf0604eabf0224fbd5948b5e02f69,SP,construction_tools_construction,749.9,1,5.0,27.97
d3dcf0604eabf0224fbd5948b5e02f69,SP,music,149.9,1,1.0,19.74
d3dcf0604eabf0224fbd5948b5e02f69,SP,musical_instruments,1277.9,3,3.0,17.203333333333333
d3dcf0604eabf0224fbd5948b5e02f69,SP,toys,724.5999999999999,4,5.0,16.447499999999998
d3e7d37c0df9aef383f3f2a15b0dddfb,PR,kitchen_dining_laundry_garden_furniture,161.0,1,5.0,40.34
d3f39f05462b79a4562d35893a28f159,SP,health_beauty,1560.0,17,3.15,15.003499999999999
d3f39f05462b79a4562d35893a28f159,SP,perfumery,803.4,16,3.5294117647058822,13.523529411764706
d4828feed4cda2cd9d6b37899a95a71e,CE,fashion_bags_accessories,39.9,1,2.0,22.21
d4910f1cdcfdabd48d6b316e395d4a23,SP,pet_shop,1146.88,11,4.916666666666667,17.92
d4a5e99e0dd915df64ba55a7fbd583fd,SP,health_beauty,37.25,1,1.0,14.1
d4d99b60c4c94cd35acd502cec65dc8d,SP,furniture_decor,72.9,1,3.0,14.39
d4e12e7884759a14fa0f5f896c791cae,SP,bed_bath_table,1400.0,29,4.625,13.7396875
d4e4b5192cba4e0e66eb12a9d347239d,PR,telephony,431.9,11,4.454545454545454,17.59090909090909
d4f117125b59ce73c3302f88ee40c458,SP,health_beauty,783.29,17,4.823529411764706,12.665882352941177
d4f91e8be86b38da2ee35bc489645a9d,SP,sports_leisure,49.99,1,5.0,11.17
d4ffeb15b67e81ff9af2b4252d99fb7e,SP,housewares,79.0,1,,18.9
d4ffeb15b67e81ff9af2b4252d99fb7e,SP,luggage_accessories,541.9,5,4.2,34.68
d4ffeb15b67e81ff9af2b4252d99fb7e,SP,perfumery,721.5,5,4.4,22.639999999999997
d50d79cb34e38265a8649c383dcffd48,SP,cool_stuff,119.99,1,,17.09
d50d79cb34e38265a8649c383dcffd48,SP,garden_tools,8780.66,46,4.413043478260869,25.931304347826085
d50d79cb34e38265a8649c383dcffd48,SP,home_appliances_2,1449.94,6,4.0,45.879999999999995
d50d79cb34e38265a8649c383dcffd48,SP,housewares,2379.86,14,3.7857142857142856,27.159285714285716
d50d79cb34e38265a8649c383dcffd48,SP,small_appliances,281.96999999999997,3,4.333333333333333,22.27333333333333
d51e0a403fe2e689ece6c73359d96e12,SP,costruction_tools_garden,7380.0,18,4.32,25.902800000000003
d52cbce9845184537284a23c3bc3da0e,SC,stationery,75.0,2,5.0,15.945
d558ebe531605a1285ab2b1bc3256dfb,MG,musical_instruments,709.0,3,4.666666666666667,24.41
d566c37fa119d5e66c4e9052e83ee4ea,SP,health_beauty,625.9,10,4.888888888888889,13.889090909090909
d566c37fa119d5e66c4e9052e83ee4ea,SP,sports_leisure,4519.8,55,4.693548387096774,13.329677419354837
d57e18d5f73c7ccb7f7339b61166898d,SP,fashion_bags_accessories,2427.6,42,4.4772727272727275,13.952954545454544
d57e18d5f73c7ccb7f7339b61166898d,SP,luggage_accessories,105.8,2,5.0,22.995
d57e18d5f73c7ccb7f7339b61166898d,SP,perfumery,654.3,17,4.294117647058823,15.504117647058823
d58d521f3789def2e7a22715e0badd93,SP,computers_accessories,65.98,2,3.5,9.11
d594982fd877af63ace38ea1fca27c76,SP,cool_stuff,163.14000000000001,6,4.833333333333333,12.363333333333332
d594982fd877af63ace38ea1fca27c76,SP,telephony,53.9,1,2.0,18.48
d598f929fc44e1e38678e7f47250ec04,GO,auto,69.9,1,5.0,37.4
d5b9a084373da994a6e37f732169a853,SP,baby,1769.0,7,3.5714285714285716,25.184285714285714
d5ba419e26d246a0719437cf37d9b46d,SP,computers_accessories,3911.5,33,3.909090909090909,14.83235294117647
d5c530f4884a75ae0dba9c148718d278,MG,housewares,85.39999999999999,2,5.0,22.95
d624126b9206f595fb3fbb6ba03b28a8,PR,auto,6408.8,22,4.3076923076923075,20.31148148148148
d624126b9206f595fb3fbb6ba03b28a8,PR,watches_gifts,790.0,1,5.0,21.29
d63c73efd41eb002280e7ec831424edb,SP,health_beauty,5598.0,2,4.0,84.29499999999999
d63f306de130e0391d38a792541723b8,SP,auto,49.0,1,5.0,7.6
d650b663c3b5f6fb392b6326366efa9a,SP,sports_leisure,1027.0,3,4.666666666666667,12.063333333333333
d650b663c3b5f6fb392b6326366efa9a,SP,watches_gifts,17308.9,54,4.351851851851852,15.109629629629628
d66c11a9572221d92fbb8c4897db5f9b,RJ,computers_accessories,170.0,1,3.0,40.4
d66c11a9572221d92fbb8c4897db5f9b,RJ,electronics,546.38,13,4.769230769230769,21.686153846153847
d66c11a9572221d92fbb8c4897db5f9b,RJ,home_appliances_2,60.18,2,4.0,32.75
d66c305afaec317ebee552073a674429,MG,auto,122.99,1,5.0,164.98
d66c305afaec317ebee552073a674429,MG,consoles_games,1796.78,8,4.75,33.9525
d66c305afaec317ebee552073a674429,MG,cool_stuff,53.9,1,5.0,18.66
d66c305afaec317ebee552073a674429,MG,electronics,21.2,1,5.0,17.09
d66c305afaec317ebee552073a674429,MG,home_appliances,59.8,2,3.5,17.66
d66c305afaec317ebee552073a674429,MG,home_appliances_2,61.870000000000005,3,5.0,12.6875
d66c305afaec317ebee552073a674429,MG,small_appliances,631.37,7,4.777777777777778,18.775555555555556
d673a59aac7a70d8b01e6902bf090a11,SP,baby,3763.84,77,3.9390243902439024,19.04792682926829
d673a59aac7a70d8b01e6902bf090a11,SP,bed_bath_table,145.1,2,5.0,14.344999999999999
d6ab728cf30867cf3f1a2e216ae2f9b7,SP,signaling_and_security,216.0,1,5.0,24.31
d6ab728cf30867cf3f1a2e216ae2f9b7,SP,sports_leisure,1786.0,11,4.384615384615385,15.962307692307691
d6b1ce66b035a475f00c017792ff9769,SP,construction_tools_lights,9213.95,67,3.971830985915493,18.32328947368421
d6b1ce66b035a475f00c017792ff9769,SP,furniture_decor,2913.55,25,4.612903225806452,20.19
d6b1ce66b035a475f00c017792ff9769,SP,home_construction,149.9,1,4.0,20.02
d6b664fa0667064c6d76394e7848d790,SP,garden_tools,6080.0,6,4.833333333333333,54.056666666666665
d6cd01c59123df02fc226eadbadb5f89,SP,electronics,69.9,1,5.0,16.25
d71d863e5ef30d94e440c11be17dcd8f,SP,air_conditioning,947.9,8,3.3333333333333335,24.163333333333334
d71d863e5ef30d94e440c11be17dcd8f,SP,auto,299.0,1,5.0,35.45
d71d863e5ef30d94e440c11be17dcd8f,SP,construction_tools_safety,290.0,4,4.555555555555555,20.011000000000003
d71d863e5ef30d94e440c11be17dcd8f,SP,cool_stuff,787.0,3,5.0,19.99
d71d863e5ef30d94e440c11be17dcd8f,SP,telephony,6923.0,7,1.5,22.884285714285713
d73cbd89533ce8b041a9190241453ac8,MG,fashion_bags_accessories,268.70000000000005,3,4.333333333333333,16.863333333333333
d7485b33791774c36108f8c69602d48d,PR,sports_leisure,399.82,10,3.7,21.932
d7827b2af99326a03b0ed9c7a24db0d3,SP,garden_tools,1455.0,1,5.0,101.7
d79e8478eed9999493990b44955fb22e,RJ,computers_accessories,706.9,4,4.0,18.2925
d79e8478eed9999493990b44955fb22e,RJ,telephony,14.99,1,,7.55
d7b2377bae6ace1b11fc69a11900ac36,SP,fashion_underwear_beach,239.70000000000002,3,3.6666666666666665,14.173333333333334
d7d517afce974cd491b8d52bb5b5b1fc,SP,housewares,89.99,1,4.0,18.73
d7f1cfc638473be93baedbfd02208016,RJ,flowers,30.0,1,5.0,17.14
d85efbc8eff2b7adf524e2820569adc8,SP,stationery,55.0,1,5.0,8.29
d8b8f2cf9ff6ba0389072541cb42498c,GO,health_beauty,149.0,1,5.0,20.01
d8bf0fc082fd4a77fc2e5679b6c00133,SP,construction_tools_construction,139.9,1,5.0,9.14
d8c7ba53e7e38711eaef8c2849d6d2e1,PR,baby,290.94,10,4.8,25.542
d8c7ba53e7e38711eaef8c2849d6d2e1,PR,bed_bath_table,749.98,7,4.571428571428571,37.69142857142857
d8c7ba53e7e38711eaef8c2849d6d2e1,PR,sports_leisure,149.95,5,3.8,15.642
d8cf3b6a2151949f930d0252b180ec42,PR,drinks,623.7,6,3.0,21.393684210526317
d8d9567d0bfb0bc7eb845a205ba42657,SP,baby,14.9,1,3.0,22.85
d8d9567d0bfb0bc7eb845a205ba42657,SP,books_general_interest,59.699999999999996,3,3.6666666666666665,12.286666666666667
d8dd176509baa37f359644d082bf7f7b,SP,cool_stuff,198.0,2,1.5,15.95
d90fe2229fee1a5da999ccd0c06c1667,SP,auto,450.0,3,4.666666666666667,22.30333333333333
d91fb3b7d041e83b64a00a3edfb37e4f,SP,air_conditioning,907.7,12,3.8181818181818183,17.621666666666666
d91fb3b7d041e83b64a00a3edfb37e4f,SP,garden_tools,3776.8,12,4.461538461538462,35.54769230769231
d91fb3b7d041e83b64a00a3edfb37e4f,SP,home_appliances,34797.85,490,4.14031485284052,16.831979591836735
d91fb3b7d041e83b64a00a3edfb37e4f,SP,luggage_accessories,36.75,1,5.0,15.1
d91fb3b7d041e83b64a00a3edfb37e4f,SP,small_appliances,244.0,3,3.6666666666666665,14.323333333333332
d91fb3b7d041e83b64a00a3edfb37e4f,SP,small_appliances_home_oven_and_coffee,163.29,6,4.166666666666667,13.123333333333335
d921b68bf747894be13a97ae52b0f386,MG,auto,158.9,1,5.0,18.99
d921b68bf747894be13a97ae52b0f386,MG,electronics,466.0,2,4.5,17.130000000000003
d921b68bf747894be13a97ae52b0f386,MG,housewares,715.8,5,4.4,22.826
d921b68bf747894be13a97ae52b0f386,MG,pet_shop,139.9,1,3.0,19.08
d921b68bf747894be13a97ae52b0f386,MG,sports_leisure,215.0,1,5.0,24.66
d921b68bf747894be13a97ae52b0f386,MG,watches_gifts,13950.2,67,4.582089552238806,23.087910447761196
d93844a9c55ba7ce353388bcf849ea56,PR,furniture_decor,2708.5,12,4.214285714285714,37.215714285714284
d93919c944be9cff128f6c9cb899eacb,SP,christmas_supplies,2496.8,32,4.03125,29.3396875
d93919c944be9cff128f6c9cb899eacb,SP,furniture_decor,169.9,1,3.0,18.44
d93b8458c6fe139d85cfa5eadbf55bd2,SP,sports_leisure,19.9,1,5.0,14.1
d9442042130b7fe579d1295f9f4a248f,SP,auto,59.97,3,4.0,12.576666666666668
d9442042130b7fe579d1295f9f4a248f,SP,furniture_living_room,82.8,2,5.0,16.169999999999998
d9442042130b7fe579d1295f9f4a248f,SP,garden_tools,142.5,4,5.0,12.072
d9442042130b7fe579d1295f9f4a248f,SP,housewares,439.9,9,3.727272727272727,17.76090909090909
d94a40fd42351c259927028d163af842,MG,furniture_decor,149.0,2,1.0,24.72
d94a40fd42351c259927028d163af842,MG,housewares,13525.8,98,4.161904761904762,30.88122641509434
d94ba08b99bedd6a5f6c875ecc4a6fac,PR,housewares,539.1,8,4.777777777777778,17.955555555555556
d97df38225e5abadaff1e72cb72b823c,SP,auto,1776.0,28,3.925925925925926,17.9125
d98eec89afa3380e14463da2aabaea72,RS,baby,2414.61,59,4.036764705882353,16.607971014492755
d98eec89afa3380e14463da2aabaea72,RS,fashion_bags_accessories,1849.3799999999999,61,4.483870967741935,18.941129032258065
d98eec89afa3380e14463da2aabaea72,RS,fashion_childrens_clothes,119.97,3,5.0,10.226666666666667
d98eec89afa3380e14463da2aabaea72,RS,toys,2584.57,48,4.36734693877551,18.485714285714284
d9a84e1403de8da0c3aa531d6d108ba6,SP,baby,363.2,14,4.555555555555555,11.654444444444444
d9a84e1403de8da0c3aa531d6d108ba6,SP,housewares,106.69999999999999,2,5.0,11.603333333333333
d9a84e1403de8da0c3aa531d6d108ba6,SP,sports_leisure,59.6,4,5.0,7.39
d9a84e1403de8da0c3aa531d6d108ba6,SP,toys,739.5,26,4.538461538461538,13.62923076923077
d9a84e1403de8da0c3aa531d6d108ba6,SP,watches_gifts,116.3,7,4.714285714285714,13.620000000000001
d9b00a97818674c7f8d8b1ef0e689679,PR,health_beauty,69.9,1,3.0,9.18
d9bd94811c3338dceb4181f3dbc0c73e,SP,baby,2170.46,21,4.814814814814815,12.128148148148147
d9bd94811c3338dceb4181f3dbc0c73e,SP,food,252.0,2,5.0,14.855
d9bd94811c3338dceb4181f3dbc0c73e,SP,health_beauty,1217.46,9,4.6,11.894
d9bd94811c3338dceb4181f3dbc0c73e,SP,perfumery,3032.15,20,4.9,12.073
d9bd94811c3338dceb4181f3dbc0c73e,SP,pet_shop,238.95,2,5.0,26.76
d9c349beabc06aa6ff1c6d68b5e9e22e,SP,construction_tools_construction,168.1,1,5.0,37.55
d9cb0052a666de5308b32f32ad5f1b1c,SP,health_beauty,132.6,2,5.0,15.41
d9cd369bffa979d1634f8e1318bf2f1b,SP,home_construction,678.0,3,5.0,22.27
d9d43faf741ceaa8da52fdbb81d9e0e3,SP,books_general_interest,161.0,4,3.6666666666666665,29.131666666666664
d9e7e7778b32987280a6f2cb9a39c57d,SP,health_beauty,722.5,11,3.1538461538461537,20.299230769230768
d9e8c084b68fe958861d8f2c21202e6b,SP,agro_industry_and_commerce,350.0,8,4.8,12.198
d9e8c084b68fe958861d8f2c21202e6b,SP,computers_accessories,2700.0,1,1.0,29.94
da03c298e3999e9d828591fc2179d109,SP,food,787.7,4,4.8,10.956
da20530872245d6cd9d2f5725613c430,RS,sports_leisure,314.96000000000004,2,4.666666666666667,26.419999999999998
da2782c804606d2a5d8e1760dbb3e7ec,SP,baby,89.0,1,1.0,14.37
da3fede3469bf49b7293ce3fc45b294d,SP,books_general_interest,44.9,1,5.0,12.79
da6a60cc8cc724fe51be021ff8be779c,RJ,books_general_interest,594.09,9,4.7,19.729
da6a60cc8cc724fe51be021ff8be779c,RJ,furniture_decor,134.7,3,5.0,19.5
da7039f29f90ce5b4846ffc0fcc93beb,SP,cine_photo,1259.1,17,4.555555555555555,13.580555555555556
da8622b14eb17ae2831f4ac5b9dab84a,SP,bed_bath_table,151888.1,1071,4.001182033096927,17.187276295133437
da8622b14eb17ae2831f4ac5b9dab84a,SP,cool_stuff,89.69999999999999,3,4.333333333333333,18.336666666666666
da8622b14eb17ae2831f4ac5b9dab84a,SP,furniture_decor,19.9,1,2.0,8.89
da8622b14eb17ae2831f4ac5b9dab84a,SP,health_beauty,7819.17,242,4.386617100371748,10.849703703703703
dace965ca58120f92f8d742a9fa1864b,SP,health_beauty,1442.0,8,4.625,16.471249999999998
daeb5653dd96c1b11860f72209795012,MG,auto,773.8,2,4.5,15.515
daeb5653dd96c1b11860f72209795012,MG,baby,59.8,2,4.5,15.145
daeb5653dd96c1b11860f72209795012,MG,fashion_bags_accessories,99.9,1,5.0,14.04
daeb5653dd96c1b11860f72209795012,MG,garden_tools,7.9,1,5.0,15.79
daeb5653dd96c1b11860f72209795012,MG,health_beauty,50.6,4,3.5,20.35
daeb5653dd96c1b11860f72209795012,MG,housewares,303.0,10,4.0,16.064
daeb5653dd96c1b11860f72209795012,MG,luggage_accessories,39.9,1,4.0,14.1
daeb5653dd96c1b11860f72209795012,MG,toys,529.1999999999999,17,4.472222222222222,13.422222222222222
daf565f087a52def0fd5c5825b3661bc,SC,bed_bath_table,813.9,9,3.625,34.214444444444446
db1f0f7c7e5e87f40b62226f020bb297,PR,signaling_and_security,59.01,3,4.666666666666667,21.573333333333334
db2956745b3a8e9f3785c99f34b5d25e,SP,health_beauty,8261.0,45,3.8043478260869565,20.592608695652174
db4350fd57ae30082dec7acbaacc17f9,SP,audio,104.97,3,3.3333333333333335,12.486666666666666
db4350fd57ae30082dec7acbaacc17f9,SP,consoles_games,48.98,2,5.0,15.135000000000002
db4350fd57ae30082dec7acbaacc17f9,SP,health_beauty,352.0,9,3.4444444444444446,14.71888888888889
db4350fd57ae30082dec7acbaacc17f9,SP,sports_leisure,190.99,3,5.0,7.94
db4350fd57ae30082dec7acbaacc17f9,SP,telephony,2607.3799999999997,119,4.181102362204724,14.3803125
db46ca7bce82b11f7e247539271fc390,RJ,pet_shop,933.97,16,4.5625,13.493125
db6a4d4b5f1f5f98820ce6ce2619e2de,SP,luggage_accessories,135.99,1,5.0,12.16
db7ed69a53aa9fb1c01930ba54a88bbe,SP,sports_leisure,109.0,1,5.0,11.78
dbb9b48c841a0e39e21f98e1a6b2ec3e,SP,audio,79.99,1,5.0,8.75
dbb9b48c841a0e39e21f98e1a6b2ec3e,SP,bed_bath_table,79.98,2,5.0,7.56
dbb9b48c841a0e39e21f98e1a6b2ec3e,SP,cool_stuff,977.73,8,4.444444444444445,12.77888888888889
dbb9b48c841a0e39e21f98e1a6b2ec3e,SP,fashion_bags_accessories,628.89,11,4.7272727272727275,13.357272727272727
dbb9b48c841a0e39e21f98e1a6b2ec3e,SP,fashion_childrens_clothes,179.98,2,5.0,12.280000000000001
dbb9b48c841a0e39e21f98e1a6b2ec3e,SP,furniture_decor,1147.4,23,4.291666666666667,12.445416666666667
dbb9b48c841a0e39e21f98e1a6b2ec3e,SP,housewares,2153.85,40,4.363636363636363,12.888181818181819
dbb9b48c841a0e39e21f98e1a6b2ec3e,SP,party_supplies,681.2,7,3.5,15.27875
dbb9b48c841a0e39e21f98e1a6b2ec3e,SP,stationery,487.92999999999995,6,3.857142857142857,19.285714285714285
dbb9b48c841a0e39e21f98e1a6b2ec3e,SP,toys,769.9,8,2.9,14.803999999999998
dbbcfe2c8d026742134ac3e28ccde274,PR,sports_leisure,308.59000000000003,4,4.0,13.594999999999999
dbc22125167c298ef99da25668e1011f,MG,fashion_bags_accessories,1334.5,13,4.071428571428571,18.99142857142857
dbc22125167c298ef99da25668e1011f,MG,luggage_accessories,20588.71,255,4.340823970037453,18.713520599250938
dbc22125167c298ef99da25668e1011f,MG,sports_leisure,5558.85,45,3.9622641509433962,19.50622641509434
dbc22125167c298ef99da25668e1011f,MG,stationery,5347.06,82,4.2926829268292686,17.966385542168677
dbc51f5e45d654ecc16cb68e6817ecea,SP,health_beauty,199.99,1,4.0,18.14
dbd66278cbfe1aa1000f90a217ca4695,SP,construction_tools_construction,36.0,1,1.0,11.81
dbd66278cbfe1aa1000f90a217ca4695,SP,electronics,4053.8,67,4.45,15.229
dbd66278cbfe1aa1000f90a217ca4695,SP,furniture_living_room,161.6,2,5.0,13.316666666666668
dbd66278cbfe1aa1000f90a217ca4695,SP,health_beauty,510.7,9,4.777777777777778,20.275555555555556
dbd66278cbfe1aa1000f90a217ca4695,SP,home_appliances,166.8,6,4.333333333333333,15.218333333333334
dbdd0ec73a4817971d962698f2fea022,CE,health_beauty,6384.0,16,4.375,111.925
dbec9a0a7efeff029d4d9dce7dc4cc95,MG,furniture_decor,1170.0,3,4.0,39.53
dc120d932ddf9d4dfb6fd68beefda622,PR,computers_accessories,130.0,1,1.0,14.44
dc317f341ab0e22f39acbd9dbf9b4a1f,RS,cool_stuff,18312.8,52,4.1454545454545455,63.481272727272724
dc317f341ab0e22f39acbd9dbf9b4a1f,RS,health_beauty,66.9,1,1.0,24.96
dc317f341ab0e22f39acbd9dbf9b4a1f,RS,small_appliances,608.7,2,5.0,32.65
dc4a0fc896dc34b0d5bfec8438291c80,SP,baby,39.8,1,3.0,11.85
dc4a0fc896dc34b0d5bfec8438291c80,SP,bed_bath_table,22600.22,210,3.7566964285714284,18.846116071428572
dc4a0fc896dc34b0d5bfec8438291c80,SP,furniture_decor,407.40000000000003,6,4.666666666666667,14.246666666666668
dc4a0fc896dc34b0d5bfec8438291c80,SP,housewares,608.56,8,4.8,16.137
dc50afafdfa325eadc890c7fa42a8f4e,PR,home_appliances,226.70000000000002,3,4.666666666666667,14.186666666666667
dc50afafdfa325eadc890c7fa42a8f4e,PR,small_appliances,197.5,1,5.0,14.72
dc64d75cc406bb0697be983831430e60,MG,computers_accessories,813.0,4,4.75,23.1375
dc7192adf8ba09569261f4a8d576afe0,SP,health_beauty,358.0,1,2.0,15.56
dc7192adf8ba09569261f4a8d576afe0,SP,small_appliances_home_oven_and_coffee,433.0,4,4.75,17.7725
dc7192adf8ba09569261f4a8d576afe0,SP,sports_leisure,126.0,2,3.0,29.61
dc8798cbf453b7e0f98745e396cc5616,SP,fashio_female_clothing,543.8,11,4.25,13.444166666666668
dc8798cbf453b7e0f98745e396cc5616,SP,fashion_male_clothing,989.5999999999999,20,3.2962962962962963,12.050370370370372
dcb7367a92f5ffb89f1e2152ed260285,SP,signaling_and_security,79.9,1,5.0,18.44
dcf3755cefcdc158ad0b7bdde51e871b,RS,art,89.9,1,5.0,23.21
dcf3755cefcdc158ad0b7bdde51e871b,RS,furniture_decor,179.8,2,3.0,33.06
dd264199fc8b687ad029de7de6d760e6,PR,auto,87.9,1,5.0,20.7
dd2bdf855a9172734fbc3744021ae9b9,MG,bed_bath_table,8736.6,80,3.6538461538461537,18.215595238095236
dd2bdf855a9172734fbc3744021ae9b9,MG,computers_accessories,399.0,10,3.8,17.335
dd2bdf855a9172734fbc3744021ae9b9,MG,costruction_tools_garden,99.9,1,5.0,14.43
dd2bdf855a9172734fbc3744021ae9b9,MG,furniture_decor,399.70000000000005,3,3.3333333333333335,21.830000000000002
dd2bdf855a9172734fbc3744021ae9b9,MG,housewares,652.2,8,5.0,19.1
dd2bdf855a9172734fbc3744021ae9b9,MG,industry_commerce_and_business,89.9,1,4.0,23.5
dd2bdf855a9172734fbc3744021ae9b9,MG,small_appliances,129.9,1,5.0,10.12
dd2bdf855a9172734fbc3744021ae9b9,MG,sports_leisure,99.8,2,5.0,11.105
dd39ad39b5d3df33037e141c72497ba6,SP,fashio_female_clothing,24.9,1,5.0,14.1
dd39ad39b5d3df33037e141c72497ba6,SP,toys,110.9,1,5.0,14.95
dd4d95ba2d15c071e6c695e2ef6ce169,ES,stationery,1748.0,4,4.25,53.6025
dd533b429f380718b70ad9922c294bae,SP,cool_stuff,117.39999999999999,6,3.3333333333333335,16.645
dd533b429f380718b70ad9922c294bae,SP,toys,2127.48,33,3.945945945945946,26.795405405405408
dd5450b022b2d00a2145a66331e1aef6,SC,housewares,59.0,1,5.0,22.34
dd55f1bb788714a40e7954c3be6df745,SP,computers_accessories,89.99,1,4.0,8.39
dd55f1bb788714a40e7954c3be6df745,SP,construction_tools_lights,100.0,1,5.0,18.8
dd55f1bb788714a40e7954c3be6df745,SP,cool_stuff,5508.2699999999995,19,3.6315789473684212,17.811578947368417
dd55f1bb788714a40e7954c3be6df745,SP,electronics,648.5,5,3.5,20.983333333333334
dd55f1bb788714a40e7954c3be6df745,SP,fixed_telephony,359.70000000000005,2,4.666666666666667,17.81
dd55f1bb788714a40e7954c3be6df745,SP,home_construction,55.9,1,2.0,15.27
dd55f1bb788714a40e7954c3be6df745,SP,telephony,279.4,6,4.333333333333333,16.535
dd58ee93286b0821565574c570e9e1dc,PR,health_beauty,2948.0,2,5.0,37.655
dd7ddc04e1b6c2c614352b383efe2d36,SP,pet_shop,7922.53,103,3.7916666666666665,20.57570247933884
dd88d13bea9e4c2bf47daf224f8141e5,RS,furniture_decor,458.0,1,5.0,29.38
dd8a29ce82d5c705ba932d81494600a5,SP,market_place,205.75,2,3.5,13.75
dd9661d3cda1e6feb237f0c4d8b26f2e,SC,housewares,174.0,1,5.0,16.98
dda37071807e404c5bb2a1590c66326f,SP,luggage_accessories,199.99,1,5.0,19.28
ddd51ae8cda92f3995a51fc0f0f3eec7,RJ,housewares,842.6999999999999,8,4.6,11.0768
dde698c6d0bd24834c586e5111c2bba7,RJ,fashion_bags_accessories,155.9,1,5.0,19.19
de09d00cfc265b8804c7df34075a68fa,SP,fashion_bags_accessories,784.0,3,3.3333333333333335,14.656666666666666
de0c78824586e9a5f5f04fd84e25df39,SP,pet_shop,2489.3,14,4.4375,13.033125
de23c3b98a88888289c6f5cc1209054a,SP,auto,199.99,1,1.0,21.45
de23c3b98a88888289c6f5cc1209054a,SP,baby,227.99,1,2.0,19.84
de23c3b98a88888289c6f5cc1209054a,SP,housewares,338.99,2,4.5,9.54
de23c3b98a88888289c6f5cc1209054a,SP,perfumery,909.9300000000001,7,4.0,13.102857142857143
de23c3b98a88888289c6f5cc1209054a,SP,stationery,9880.15,65,4.205882352941177,15.210294117647058
de23c3b98a88888289c6f5cc1209054a,SP,toys,14376.62,85,4.4646464646464645,14.745454545454544
de66a66f2dd06bb9ec37aa96987466a3,RJ,furniture_decor,275.34000000000003,5,4.833333333333333,14.436666666666667
de66a66f2dd06bb9ec37aa96987466a3,RJ,health_beauty,77.98,2,2.5,14.52
de722cd6dad950a92b7d4f82673f8833,PE,computers_accessories,51898.0,322,4.181058495821727,25.541805555555552
de722cd6dad950a92b7d4f82673f8833,PE,cool_stuff,3228.3,15,3.8823529411764706,26.778823529411767
de9727ca376d1be6ec121b110aa7954c,PR,computers_accessories,997.8000000000001,9,3.6363636363636362,17.985454545454544
debe6615cd90cc0c2eac2b8988e1f628,SP,electronics,138.7,3,4.666666666666667,21.560000000000002
debe6615cd90cc0c2eac2b8988e1f628,SP,market_place,139.8,2,4.5,15.425
dedcab67899479e4ea5dcc4eba47f587,SC,auto,84.0,2,4.5,10.82
dee656f0f566ed1aa85bd137c943f08f,SP,auto,282.44,11,3.3636363636363638,15.115454545454547
dee656f0f566ed1aa85bd137c943f08f,SP,construction_tools_construction,249.9,1,5.0,16.06
dee656f0f566ed1aa85bd137c943f08f,SP,construction_tools_lights,598.9,5,4.8,19.044
dee656f0f566ed1aa85bd137c943f08f,SP,costruction_tools_tools,29.9,1,5.0,15.1
dee656f0f566ed1aa85bd137c943f08f,SP,garden_tools,169.6,4,3.5,19.255
dee656f0f566ed1aa85bd137c943f08f,SP,home_appliances_2,95.44999999999999,3,4.0,13.246666666666664
dee656f0f566ed1aa85bd137c943f08f,SP,housewares,340.7,8,4.666666666666667,19.636666666666667
dee656f0f566ed1aa85bd137c943f08f,SP,perfumery,225.39999999999998,6,4.0,15.121666666666668
dee656f0f566ed1aa85bd137c943f08f,SP,sports_leisure,2581.71,32,4.7272727272727275,19.008181818181818
dee656f0f566ed1aa85bd137c943f08f,SP,telephony,19.9,1,3.0,15.1
dee656f0f566ed1aa85bd137c943f08f,SP,toys,1152.3700000000001,10,4.4,20.909
dee656f0f566ed1aa85bd137c943f08f,SP,watches_gifts,465.81,10,4.6,14.266
df0f42bc4c2142eacf0eaf2cffd0cfbb,SC,health_beauty,1654.0,14,4.0625,18.278125
df47da4ae86fa4db890d05aaf24e21d8,SP,furniture_decor,74.9,1,5.0,7.78
df47da4ae86fa4db890d05aaf24e21d8,SP,housewares,235.6,4,4.0,17.35
df560393f3a51e74553ab94004ba5c87,PR,furniture_decor,671.58,8,3.888888888888889,16.74
df560393f3a51e74553ab94004ba5c87,PR,garden_tools,2758.2000000000003,18,3.9444444444444446,23.302777777777777
df56d7b40d437f88407c5f78b63bc328,PR,sports_leisure,2791.28,22,3.88,18.4088
df683dfda87bf71ac3fc63063fba369d,RS,furniture_decor,39.9,1,1.0,16.05
df91910b6a03bb2e3358fa6a35e32f6f,SP,housewares,2093.2,13,4.615384615384615,27.924615384615382
dfa0c4c6229ab200a4a1336b4d7128ff,SC,auto,478.8,11,2.9166666666666665,22.451666666666668
dfa0c4c6229ab200a4a1336b4d7128ff,SC,baby,65.0,1,4.0,22.39
dfa0c4c6229ab200a4a1336b4d7128ff,SC,christmas_supplies,200.7,4,3.5,20.1025
dfa0c4c6229ab200a4a1336b4d7128ff,SC,furniture_decor,84.0,1,5.0,10.0
dfa0c4c6229ab200a4a1336b4d7128ff,SC,health_beauty,616.9,4,3.5,33.425
dfa0c4c6229ab200a4a1336b4d7128ff,SC,housewares,2103.2,36,4.317073170731708,20.29951219512195
dfa0c4c6229ab200a4a1336b4d7128ff,SC,luggage_accessories,793.0,9,4.333333333333333,17.572222222222223
dfa0c4c6229ab200a4a1336b4d7128ff,SC,pet_shop,92.9,2,5.0,18.015
dfa0c4c6229ab200a4a1336b4d7128ff,SC,sports_leisure,15.9,1,5.0,18.23
dfa0c4c6229ab200a4a1336b4d7128ff,SC,stationery,86.0,3,3.25,20.560000000000002
dfa0c4c6229ab200a4a1336b4d7128ff,SC,toys,240.7,5,4.0,19.043333333333333
dfc475d54e1b6dbeeb7d7d9bdaa63827,PR,garden_tools,251.51,1,5.0,16.64
dfc475d54e1b6dbeeb7d7d9bdaa63827,PR,housewares,1456.86,17,4.526315789473684,20.90105263157895
dfc5fb7259bb2b599ca565e6e9448f0f,SP,furniture_decor,324.88,3,4.666666666666667,14.513333333333334
dfc5fb7259bb2b599ca565e6e9448f0f,SP,garden_tools,5799.75,30,4.064516129032258,21.86483870967742
e00d85ce20ea50c1224c66ca5050527d,SP,audio,149.0,1,4.0,8.3
e0482f2c769468c3bbcd8a01e09d98c5,SP,construction_tools_safety,189.0,1,4.0,45.4
e0487761face83d64fcada2408959a36,SP,food,23.75,1,5.0,7.43
e0487761face83d64fcada2408959a36,SP,telephony,25.5,1,4.0,7.44
e067ad2c1c0b48758eb1b5228bcf7a68,SP,pet_shop,5042.55,54,4.131147540983607,16.481311475409836
e06f09ec0a4aca210779cf1cfc63cf19,SP,bed_bath_table,50.5,1,5.0,16.6
e06f09ec0a4aca210779cf1cfc63cf19,SP,computers_accessories,513.9,1,5.0,14.8
e06f09ec0a4aca210779cf1cfc63cf19,SP,consoles_games,1302.0,3,3.8333333333333335,18.986666666666668
e06f09ec0a4aca210779cf1cfc63cf19,SP,cool_stuff,618.6,4,4.2,15.66
e06f09ec0a4aca210779cf1cfc63cf19,SP,furniture_decor,45.9,1,5.0,13.37
e06f09ec0a4aca210779cf1cfc63cf19,SP,housewares,331.2,6,2.6666666666666665,17.68
e06f09ec0a4aca210779cf1cfc63cf19,SP,luggage_accessories,159.9,1,5.0,15.87
e06f09ec0a4aca210779cf1cfc63cf19,SP,perfumery,989.9,4,4.6,14.654
e06f09ec0a4aca210779cf1cfc63cf19,SP,sports_leisure,9.99,1,5.0,15.11
e06f09ec0a4aca210779cf1cfc63cf19,SP,stationery,987.8,3,3.6666666666666665,26.976666666666663
e06f09ec0a4aca210779cf1cfc63cf19,SP,toys,269.8,4,4.25,37.6575
e0878efa0e0b7e5313ac0b43bc04c081,PR,stationery,827.9,10,3.9166666666666665,14.722499999999998
e0878efa0e0b7e5313ac0b43bc04c081,PR,toys,4197.5,16,3.25,21.278750000000002
e09887ca8c7bf8a4621ce481820414ef,SP,furniture_decor,79.97,2,3.6666666666666665,14.866666666666665
e0a366315b1b726b6c7832d664c0f530,SP,construction_tools_construction,6039.8,36,4.465116279069767,14.66186046511628
e0a366315b1b726b6c7832d664c0f530,SP,furniture_decor,849.6899999999999,4,4.25,16.9375
e0a366315b1b726b6c7832d664c0f530,SP,home_construction,219.9,1,5.0,18.67
e0a366315b1b726b6c7832d664c0f530,SP,perfumery,290.70000000000005,2,2.3333333333333335,9.4
e0a3c37054ade6478d923a6efc10f308,SC,baby,219.8,2,5.0,17.59
e0b162a693bc7f9eab00f783a31d60ea,RS,health_beauty,20.0,1,5.0,29.69
e0eabded302882513ced4ea3eb0c7059,SP,computers_accessories,459.0,1,5.0,19.18
e0eabded302882513ced4ea3eb0c7059,SP,consoles_games,519.4000000000001,7,4.571428571428571,17.087142857142858
e1643dff33666ca629e3644c02738179,SP,housewares,104.0,1,3.0,13.63
e1b12447a7563944843191754aeb5562,SP,industry_commerce_and_business,42.99,1,5.0,8.72
e1b12447a7563944843191754aeb5562,SP,signaling_and_security,28.99,1,5.0,16.79
e1b12447a7563944843191754aeb5562,SP,sports_leisure,311.98,4,5.0,13.162
e1b12447a7563944843191754aeb5562,SP,telephony,88.5,3,3.3333333333333335,11.783333333333333
e1bed63d68ac36fe1f3061befe196af5,SP,cool_stuff,199.0,1,5.0,18.0
e1c76f339ebd5460999f25a2aa8c92c5,SP,small_appliances,899.9,1,5.0,28.8
e1dc0754bada9ee4cfe9713f22f61292,RJ,baby,535.0,8,3.875,21.1275
e1dc0754bada9ee4cfe9713f22f61292,RJ,cool_stuff,85.0,1,5.0,16.79
e1dc0754bada9ee4cfe9713f22f61292,RJ,fashion_bags_accessories,220.0,2,2.5,27.75
e1dc0754bada9ee4cfe9713f22f61292,RJ,toys,45.0,1,5.0,23.47
e21a1e8be4715b0fcfd5385643bc49c4,SC,auto,269.09999999999997,9,3.7777777777777777,15.33111111111111
e21a1e8be4715b0fcfd5385643bc49c4,SC,bed_bath_table,189.5,5,3.6,23.524
e21a1e8be4715b0fcfd5385643bc49c4,SC,computers_accessories,119.39999999999999,4,3.5,25.320000000000004
e24d3429d294b2eb200b064ebb035879,SP,health_beauty,1878.58,19,4.136363636363637,16.914545454545454
e24fc9fcd865784fb25705606fe3dfe7,SP,cool_stuff,444.0,1,5.0,18.87
e24fc9fcd865784fb25705606fe3dfe7,SP,health_beauty,9006.0,38,4.17948717948718,20.188717948717947
e24fc9fcd865784fb25705606fe3dfe7,SP,pet_shop,3318.0,12,4.133333333333334,13.765333333333333
e250d617a0ad591ba9bd663e584a895d,SP,furniture_decor,904.12,8,2.8,15.0395
e256a62e0ac58c0edfba09966142d561,PR,construction_tools_construction,295.22,1,5.0,52.36
e256a62e0ac58c0edfba09966142d561,PR,housewares,1178.8899999999999,11,4.461538461538462,21.775384615384613
e26901d5ab434ce92fd9b5c256820a4e,SP,audio,89.69999999999999,3,4.333333333333333,12.326666666666666
e26901d5ab434ce92fd9b5c256820a4e,SP,baby,3475.6000000000004,44,4.613636363636363,11.87840909090909
e26901d5ab434ce92fd9b5c256820a4e,SP,cool_stuff,568.6999999999999,13,4.153846153846154,12.8
e26901d5ab434ce92fd9b5c256820a4e,SP,garden_tools,2757.2999999999997,68,3.857142857142857,13.564285714285715
e26901d5ab434ce92fd9b5c256820a4e,SP,health_beauty,699.3000000000001,7,4.714285714285714,16.34714285714286
e26901d5ab434ce92fd9b5c256820a4e,SP,housewares,3496.4,48,4.125,14.352678571428571
e2a1ac9bf33e5549a2a4f834e70df2f8,SP,computers_accessories,14999.449999999999,5,4.8,40.222
e2aee0892199b1d92530e371abd825bf,PR,computers_accessories,329.75,7,3.5714285714285716,15.801428571428572
e2aee0892199b1d92530e371abd825bf,PR,fixed_telephony,39.0,1,1.0,15.1
e2aee0892199b1d92530e371abd825bf,PR,furniture_living_room,1636.44,3,4.2,29.598000000000003
e2aee0892199b1d92530e371abd825bf,PR,sports_leisure,3387.58,25,4.038461538461538,86.24653846153845
e2c92f9c1c7746d899d18f2e158bbff7,SP,auto,1641.9,12,4.583333333333333,26.2
e333046ce6517bd8bb510291d44f0130,SP,audio,439.0,1,4.0,20.32
e333046ce6517bd8bb510291d44f0130,SP,cool_stuff,1125.0,5,5.0,25.358
e333046ce6517bd8bb510291d44f0130,SP,health_beauty,453.0,5,4.5,14.714999999999998
e333046ce6517bd8bb510291d44f0130,SP,housewares,4250.0,48,4.339622641509434,19.666415094339623
e333046ce6517bd8bb510291d44f0130,SP,perfumery,653.0,7,4.428571428571429,16.417142857142856
e333046ce6517bd8bb510291d44f0130,SP,small_appliances,348.0,2,4.0,19.34
e38db885400cd35c71dfd162f2c1dbcf,DF,bed_bath_table,2066.8,30,4.5,20.9609375
e3a386fc36e22064434e1fa256f6a9fa,SP,health_beauty,793.9,16,4.235294117647059,14.897058823529411
e3b4998c7a498169dc7bce44e6bb6277,SP,housewares,6735.0,1,5.0,194.31
e3d3b3efac954a60d61be70b7e05b49b,SP,home_construction,1282.05,3,4.333333333333333,41.26
e3dd723429d1b23614b7fa85e2c7a853,SP,diapers_and_hygiene,60.0,2,4.0,7.84
e3dd723429d1b23614b7fa85e2c7a853,SP,health_beauty,411.04999999999995,5,3.1666666666666665,18.481666666666666
e3e290b38963293022cdcd6db8328103,SP,sports_leisure,119.8,2,3.0,10.475
e433f5fd4050e3352b5d83522b7fe24b,PR,home_construction,548.06,1,4.0,48.71
e439f7176d763f92de325271111b2fd5,SC,electronics,1320.9,6,5.0,37.800000000000004
e45edf75f568ed2f93f78d060e246e25,RJ,housewares,164.29999999999998,6,4.142857142857143,16.274285714285714
e48b04bf1aa1ef711caebeb7aede6180,PR,baby,1111.6000000000001,10,4.8,24.848000000000003
e48b04bf1aa1ef711caebeb7aede6180,PR,toys,1671.9,11,4.454545454545454,27.59272727272727
e48cc16ab70bfa09e1401740dce0b3d7,SP,computers_accessories,1084.83,14,3.235294117647059,19.194117647058825
e49c26c3edfa46d227d5121a6b6e4d37,PE,audio,24.9,1,5.0,20.8
e49c26c3edfa46d227d5121a6b6e4d37,PE,computers_accessories,1780.93,14,4.571428571428571,34.475
e49c26c3edfa46d227d5121a6b6e4d37,PE,consoles_games,1353.98,15,4.533333333333333,31.88066666666667
e49c26c3edfa46d227d5121a6b6e4d37,PE,home_confort,94.76,1,5.0,29.59
e49c26c3edfa46d227d5121a6b6e4d37,PE,telephony,39.8,1,3.0,20.8
e49c26c3edfa46d227d5121a6b6e4d37,PE,toys,329.98,2,5.0,44.230000000000004
e4ebd3f87bf70440014f07ddda7fbe03,SP,bed_bath_table,254.0,2,4.5,23.54
e4ebd3f87bf70440014f07ddda7fbe03,SP,health_beauty,378.5,4,4.5,13.395
e4f121bf6ef8b9a1d4d3e65dd0473fab,SP,party_supplies,40.0,1,5.0,18.23
e4f121bf6ef8b9a1d4d3e65dd0473fab,SP,sports_leisure,30.0,1,1.0,18.23
e4fc40017a6d22c46a14ac2e17f87c3e,PR,furniture_bedroom,129.0,1,5.0,41.29
e503f22be6a4f456d9851920a5d9c670,SP,drinks,198.9,2,4.0,16.22
e504a4e2efaa45cbff7e268a2c58c956,SP,housewares,1088.9,10,3.909090909090909,21.89090909090909
e51f22821f0c12a16ad5c020cdcd55e9,SP,computers_accessories,898.71,4,4.75,24.5325
e53d5b9b29d1218281f4a907ada18626,PR,toys,350.67,4,4.8,26.65
e546117ed9cafbc40239c0c78635c584,SP,perfumery,456.0,2,4.5,14.17
e5475dcab1e07b63d7f6e902d8f5eda8,SP,fashion_bags_accessories,357.0,9,4.0,11.742222222222223
e5475dcab1e07b63d7f6e902d8f5eda8,SP,sports_leisure,1835.0,10,4.2,14.553999999999998
e5545d4d4473876ea78c5bcebca365c3,SP,toys,44.5,1,5.0,12.97
e560e4022d8f7aebf155db95946c5c0f,MG,cool_stuff,780.0,2,5.0,45.105000000000004
e5899683388855d3dabe8913bbe365de,SP,furniture_decor,452.88,3,4.0,26.993333333333336
e58a5b390e28abc0b216cfb0e07d27d7,RJ,luggage_accessories,638.0,2,5.0,22.53
e58a5b390e28abc0b216cfb0e07d27d7,RJ,sports_leisure,384.6,5,4.8,19.913999999999998
e595809a6c31ec4314fd06ef198c244d,SC,telephony,39.0,1,5.0,18.23
e59aa562b9f8076dd550fcddf0e73491,PR,agro_industry_and_commerce,30716.3,69,4.329268292682927,26.342317073170733
e59e489e2ea74bd409b798b5daf49de3,PR,furniture_decor,495.0,3,2.2,17.352
e59e575a175fadcadf8479e191770425,RJ,air_conditioning,199.9,1,5.0,50.98
e5a3438891c0bfdb9394643f95273d8e,SP,fashion_bags_accessories,4952.78,142,3.7735849056603774,13.205911949685532
e5a38146df062edaf55c38afa99e42dc,SP,auto,35.0,1,5.0,18.89
e5a38146df062edaf55c38afa99e42dc,SP,bed_bath_table,129.9,1,4.0,15.67
e5a38146df062edaf55c38afa99e42dc,SP,cool_stuff,87.89,1,5.0,18.37
e5a38146df062edaf55c38afa99e42dc,SP,furniture_decor,2281.04,22,3.8333333333333335,14.43125
e5a38146df062edaf55c38afa99e42dc,SP,garden_tools,692.89,8,3.75,15.85625
e5a38146df062edaf55c38afa99e42dc,SP,health_beauty,7854.78,41,3.5952380952380953,17.72232558139535
e5a38146df062edaf55c38afa99e42dc,SP,housewares,3887.7900000000004,43,4.465116279069767,12.706744186046512
e5a38146df062edaf55c38afa99e42dc,SP,pet_shop,202.88,2,2.5,17.009999999999998
e5a38146df062edaf55c38afa99e42dc,SP,small_appliances,98.72,1,4.0,16.94
e5c84227854980f1db19a58958c551d9,PR,bed_bath_table,7.5,1,5.0,18.23
e5c84227854980f1db19a58958c551d9,PR,housewares,65.31,3,4.666666666666667,16.866666666666667
e5cbe890e679490127e9a390b46bbd20,SP,health_beauty,908.99,2,4.5,14.36
e5d4b2b0c3bca22085f7a19a28de0c42,SC,baby,33.0,1,5.0,15.79
e5d4b2b0c3bca22085f7a19a28de0c42,SC,housewares,107.9,2,4.0,16.04
e5def42655b7490edac5a56fe8e9e603,SP,watches_gifts,129.9,1,5.0,11.52
e5e33c0d8e7e002f398f5dc4cbbb338f,SP,auto,6494.9,26,4.592592592592593,27.62777777777778
e5f9e61ceb5f523cc966e0f34095032f,SC,computers_accessories,898.0,2,3.0,24.82
e5f9e61ceb5f523cc966e0f34095032f,SC,cool_stuff,1340.0,2,5.0,32.9
e601b04acf48b4576e73ddca9481f0dc,SP,auto,32.98,2,5.0,12.81
e601b04acf48b4576e73ddca9481f0dc,SP,electronics,14.49,1,1.0,18.23
e601b04acf48b4576e73ddca9481f0dc,SP,garden_tools,133.09,5,4.2,12.47
e601b04acf48b4576e73ddca9481f0dc,SP,health_beauty,134.09,4,3.2,11.802
e601b04acf48b4576e73ddca9481f0dc,SP,office_furniture,54.9,1,5.0,16.57
e601b04acf48b4576e73ddca9481f0dc,SP,sports_leisure,52.49,1,4.0,11.15
e601b04acf48b4576e73ddca9481f0dc,SP,stationery,69.9,1,5.0,18.07
e627629ba868740e287800f1a9be81c2,SP,food_drink,183.2,8,4.875,9.3225
e627629ba868740e287800f1a9be81c2,SP,sports_leisure,28.9,1,5.0,15.1
e62b2d6ac10570a035a30bafcf01d263,SP,art,45.9,1,,24.48
e62b2d6ac10570a035a30bafcf01d263,SP,audio,239.18,2,5.0,9.19
e62b2d6ac10570a035a30bafcf01d263,SP,computers_accessories,451.5,8,4.625,14.22625
e62b2d6ac10570a035a30bafcf01d263,SP,cool_stuff,639.8,2,3.5,12.815000000000001
e62b2d6ac10570a035a30bafcf01d263,SP,fixed_telephony,535.0,1,1.0,16.75
e62b2d6ac10570a035a30bafcf01d263,SP,flowers,569.8,8,4.125,12.514000000000001
e62b2d6ac10570a035a30bafcf01d263,SP,furniture_decor,1088.9,8,3.3636363636363638,20.032727272727275
e62b2d6ac10570a035a30bafcf01d263,SP,home_construction,85.9,1,5.0,16.36
e62b2d6ac10570a035a30bafcf01d263,SP,housewares,49.9,1,4.0,23.15
e62b2d6ac10570a035a30bafcf01d263,SP,sports_leisure,94.1,3,4.0,17.4725
e62b2d6ac10570a035a30bafcf01d263,SP,tablets_printing_image,1062.16,19,3.85,12.7295
e62b2d6ac10570a035a30bafcf01d263,SP,telephony,478.25,9,3.6666666666666665,12.19888888888889
e63e8bfa530fb16910dd6956e592bb81,SP,furniture_decor,89.69999999999999,3,5.0,22.64333333333333
e63e8bfa530fb16910dd6956e592bb81,SP,housewares,1193.1,38,4.282051282051282,14.807179487179488
e644cbadf7eeb30d0d29f335ce7d52ec,SP,consoles_games,134.97,3,3.6666666666666665,10.496666666666666
e644cbadf7eeb30d0d29f335ce7d52ec,SP,sports_leisure,553.9499999999999,3,4.2,22.576
e644cbadf7eeb30d0d29f335ce7d52ec,SP,telephony,79.99,1,4.0,16.75
e64882b4ef12aee8d0faca4db5b681f4,GO,construction_tools_safety,230.0,1,4.0,21.61
e64d65bc8dbec2accda90c58de5d1246,SP,health_beauty,1678.8000000000002,12,3.0833333333333335,18.43
e64ddbe1cbcf4f2fc3092b7c481f3f9d,SP,health_beauty,20.9,1,5.0,7.39
e6a69c4a27dfdd98ffe5aa757ad744bc,SP,furniture_decor,13.14,2,4.5,11.620000000000001
e6a69c4a27dfdd98ffe5aa757ad744bc,SP,health_beauty,87.32000000000001,5,4.6,10.122
e6a69c4a27dfdd98ffe5aa757ad744bc,SP,housewares,169.51,10,3.9166666666666665,11.8975
e6a69c4a27dfdd98ffe5aa757ad744bc,SP,small_appliances,238.54000000000002,4,5.0,14.8025
e70053bf73d1b5863932e53a9fa47496,SP,auto,601.0,2,3.5,18.965
e70053bf73d1b5863932e53a9fa47496,SP,telephony,3424.0,5,4.6,19.130000000000003
e72b4feb7abe210c52aa667abc25a3a2,SP,bed_bath_table,38.2,1,5.0,8.72
e732329483fd5f27367dd997b47f598a,SC,fashion_bags_accessories,109.9,1,5.0,34.57
e73bf2cea7fe4b0b4d287a7568ed1099,SC,construction_tools_construction,568.7,3,5.0,19.94
e73bf2cea7fe4b0b4d287a7568ed1099,SC,housewares,169.0,1,5.0,20.37
e76ecc7e9a1a1e3c6df9d2a8261c423d,MG,books_general_interest,20.0,1,5.0,14.1
e7d5b006eb624f13074497221eb37807,SP,computers_accessories,2099.3900000000003,17,4.176470588235294,13.608823529411765
e7d5b006eb624f13074497221eb37807,SP,telephony,1379.54,11,2.717391304347826,11.09
e7df4cd29ab5abab70fb0783ddb53987,SP,fashion_sport,868.8000000000001,12,4.583333333333333,11.773333333333333
e7df4cd29ab5abab70fb0783ddb53987,SP,sports_leisure,7940.9,10,4.2727272727272725,22.976363636363633
e7df4cd29ab5abab70fb0783ddb53987,SP,watches_gifts,799.0,1,1.0,19.35
e7f3bf1ecd8526eb7f3b18059e6716e5,SP,arts_and_craftmanship,129.9,1,5.0,15.66
e7f3bf1ecd8526eb7f3b18059e6716e5,SP,musical_instruments,38.86,1,5.0,24.84
e7f3bf1ecd8526eb7f3b18059e6716e5,SP,toys,1075.2,11,4.909090909090909,14.180909090909092
e819bcfade7b5d88a27325eb6cfd62c5,SP,arts_and_craftmanship,29.9,1,5.0,11.23
e819bcfade7b5d88a27325eb6cfd62c5,SP,furniture_decor,155.1,3,3.2222222222222223,12.87
e819bcfade7b5d88a27325eb6cfd62c5,SP,stationery,17.9,1,5.0,8.29
e81e1f9c3e762e620f3fb60a51499e16,SC,health_beauty,1395.0,4,4.5,20.19
e81e1f9c3e762e620f3fb60a51499e16,SC,signaling_and_security,740.0,1,3.0,26.89
e81e1f9c3e762e620f3fb60a51499e16,SC,sports_leisure,2330.99,12,3.6666666666666665,31.21923076923077
e82de6494d91d3c4c54450f59b227a94,SP,housewares,42.9,1,5.0,11.85
e82de6494d91d3c4c54450f59b227a94,SP,watches_gifts,76.0,2,5.0,13.475
e83c76265fc54bf41eac728805e4da77,SP,auto,237.29999999999998,8,3.625,12.39875
e83e93b71371817b11d78a63ff156aee,SP,furniture_decor,286.0,2,4.666666666666667,29.12666666666667
e84ad2127668df3aafc6b73531a0beb8,SP,baby,54.0,3,4.5,8.631666666666668
e84ad2127668df3aafc6b73531a0beb8,SP,cool_stuff,933.0,16,4.352941176470588,13.82
e88165a185134e13fdfc85d4fa654db8,SP,sports_leisure,108.0,2,3.0,20.61
e882b2a25a10b9c057cc49695f222c19,RJ,construction_tools_construction,160.92,2,3.0,13.82
e882b2a25a10b9c057cc49695f222c19,RJ,costruction_tools_garden,197.8,2,5.0,9.61
e882b2a25a10b9c057cc49695f222c19,RJ,garden_tools,119.6,2,4.5,9.585
e882b2a25a10b9c057cc49695f222c19,RJ,health_beauty,169.9,1,4.0,31.84
e882b2a25a10b9c057cc49695f222c19,RJ,home_appliances,11828.73,12,4.75,75.96583333333334
e882b2a25a10b9c057cc49695f222c19,RJ,home_appliances_2,38341.0,34,4.705882352941177,52.44147058823529
e882b2a25a10b9c057cc49695f222c19,RJ,small_appliances,72.09,1,5.0,9.44
e882b2a25a10b9c057cc49695f222c19,RJ,sports_leisure,167.5,3,3.75,13.5775
e883aa812c37a7413226856f4579fe91,SP,cool_stuff,279.6,3,1.75,21.29
e883aa812c37a7413226856f4579fe91,SP,home_appliances,2679.2,8,4.75,18.82875
e883aa812c37a7413226856f4579fe91,SP,housewares,39.9,1,4.0,7.39
e883aa812c37a7413226856f4579fe91,SP,small_appliances,978.6000000000001,13,4.428571428571429,13.79857142857143
e883aa812c37a7413226856f4579fe91,SP,toys,119.8,1,1.0,10.5
e88c9b79e592e370d6bd852eeefbf057,PR,toys,236.97,7,4.875,15.876249999999999
e88f7a2995ba184710d339c5c4bf2e30,SP,pet_shop,251.6,2,5.0,17.955
e89c4adbe7b1d0819dbb636e16461cf1,SP,sports_leisure,3181.3,24,3.88,18.194000000000003
e8a85b5f3df47be0984c55fd4064dbb4,DF,health_beauty,534.0,2,5.0,21.91
e8a85b5f3df47be0984c55fd4064dbb4,DF,housewares,122.0,3,5.0,15.125555555555556
e8a85b5f3df47be0984c55fd4064dbb4,DF,perfumery,42.0,2,3.0,12.99
e8a85b5f3df47be0984c55fd4064dbb4,DF,sports_leisure,45.0,1,5.0,17.06
e8b3a3a38279a82f0e5d006d5e5b7d2c,PR,computers_accessories,6464.099999999999,26,4.107142857142857,20.711785714285714
e8b3a3a38279a82f0e5d006d5e5b7d2c,PR,consoles_games,4274.3,44,3.723404255319149,18.96382978723404
e8b3a3a38279a82f0e5d006d5e5b7d2c,PR,perfumery,249.9,1,4.0,17.51
e8b3a3a38279a82f0e5d006d5e5b7d2c,PR,stationery,415.40000000000003,6,4.166666666666667,15.478333333333333
e8b3a3a38279a82f0e5d006d5e5b7d2c,PR,telephony,207.8,2,5.0,22.784999999999997
e8b3a3a38279a82f0e5d006d5e5b7d2c,PR,watches_gifts,150.9,1,5.0,18.63
e8b4225284fbb02d16f200513f1f395d,SP,baby,5638.62,30,4.3,42.466
e8dba4d70f7f2b20e775d09cae01142d,SP,luggage_accessories,299.98,2,5.0,19.695
e8dba4d70f7f2b20e775d09cae01142d,SP,sports_leisure,555.93,7,4.142857142857143,19.584285714285716
e8f6dc8e6a1dcde89d20e3995c8d90b3,SP,air_conditioning,39.9,1,3.0,6.58
e8f6dc8e6a1dcde89d20e3995c8d90b3,SP,auto,19.9,1,3.0,34.15
e8f6dc8e6a1dcde89d20e3995c8d90b3,SP,computers_accessories,209.70000000000002,3,3.0,13.07
e8f6dc8e6a1dcde89d20e3995c8d90b3,SP,cool_stuff,89.9,1,5.0,17.51
e8f6dc8e6a1dcde89d20e3995c8d90b3,SP,diapers_and_hygiene,134.9,1,5.0,16.09
e8f6dc8e6a1dcde89d20e3995c8d90b3,SP,furniture_decor,1395.44,18,3.111111111111111,65.81703703703704
e8f6dc8e6a1dcde89d20e3995c8d90b3,SP,perfumery,11.9,1,5.0,10.96
e8f6dc8e6a1dcde89d20e3995c8d90b3,SP,sports_leisure,65.69999999999999,3,5.0,15.469999999999999
e8f6dc8e6a1dcde89d20e3995c8d90b3,SP,telephony,181.39999999999998,6,4.666666666666667,11.471666666666666
e8ff5a6ceb895583033fc2a0f314e3c2,SC,diapers_and_hygiene,139.89,1,5.0,19.08
e908c0f3646e8b60375734a350d95d71,SP,computers_accessories,2951.0,1,4.0,58.53
e94b64dc6979b302a5a5be1662c83bb6,SP,construction_tools_lights,306.89,2,5.0,15.870000000000001
e9511df20ccd82658a30c37b7fb343af,SP,construction_tools_construction,1530.2,16,4.5,23.371363636363636
e9511df20ccd82658a30c37b7fb343af,SP,garden_tools,566.4,6,4.375,26.541249999999998
e96498ed8daaa3e9c23f7a62da76591c,SP,auto,9619.09,34,3.9411764705882355,20.973529411764705
e9729944ba65dc3ce425e0c5a22ae7b2,RJ,garden_tools,916.7,4,3.75,15.4325
e9779976487b77c6d4ac45f75ec7afe9,SP,drinks,7668.900000000001,167,4.277777777777778,13.147333333333334
e9779976487b77c6d4ac45f75ec7afe9,SP,food,2139.34,25,3.92,16.786153846153844
e9779976487b77c6d4ac45f75ec7afe9,SP,food_drink,884.47,20,4.615384615384615,13.528461538461539
e9779976487b77c6d4ac45f75ec7afe9,SP,health_beauty,9681.51,149,4.167630057803469,13.451329479768786
e9779976487b77c6d4ac45f75ec7afe9,SP,housewares,90.67999999999999,3,4.5,10.758750000000001
e9779976487b77c6d4ac45f75ec7afe9,SP,perfumery,567.56,10,4.2,12.809999999999999
e9779976487b77c6d4ac45f75ec7afe9,SP,pet_shop,7.09,1,5.0,9.44
e9779976487b77c6d4ac45f75ec7afe9,SP,sports_leisure,21190.14,271,4.160256410256411,13.618535031847134
e9874ae10b2d60d43917b6bbfa13a599,PR,bed_bath_table,199.0,1,5.0,23.1
e99e927c81e3f51739c94fcdfca9f10f,MG,garden_tools,1628.13,14,3.75,26.635625
e99e927c81e3f51739c94fcdfca9f10f,MG,health_beauty,869.73,6,3.2857142857142856,17.568571428571428
e99e927c81e3f51739c94fcdfca9f10f,MG,housewares,99.99,1,4.0,89.93
e9b6c33b71b67737693b4cfa68341c8d,SP,housewares,119.9,1,4.0,21.49
e9bc59e7b60fc3063eb2290deda4cced,PR,computers_accessories,27032.9,165,4.08411214953271,17.771308411214953
e9bc59e7b60fc3063eb2290deda4cced,PR,cool_stuff,6510.79,45,3.8043478260869565,15.992826086956521
e9c2dc0dd4ac38448289be644ac94f42,SC,furniture_decor,69.9,1,5.0,19.68
e9c2dc0dd4ac38448289be644ac94f42,SC,toys,48.489999999999995,2,5.0,18.27
e9c6969d40e6a3d2d0f90013165c2b98,SP,pet_shop,5239.98,10,4.4,24.2
e9d99831abad74458942f21e16f33f92,SP,computers_accessories,2883.72,76,3.967741935483871,13.823936170212766
e9d99831abad74458942f21e16f33f92,SP,electronics,1886.98,50,3.843137254901961,12.343137254901961
e9d99831abad74458942f21e16f33f92,SP,tablets_printing_image,101.78999999999999,3,2.6666666666666665,16.173333333333332
e9d99831abad74458942f21e16f33f92,SP,telephony,49.99,1,5.0,16.11
e9e446d01bd10a97a8ffcfc4a3a20cb2,SP,perfumery,51.15,3,4.333333333333333,7.39
ea00f977a203ff88adf7057cb7806998,SP,auto,381.72999999999996,18,4.277777777777778,9.793888888888889
ea1776927851da2532aa70d6a32c095a,SP,housewares,249.0,1,5.0,19.84
ea3ebea5317b0efbc663ecc8ce5e9bc2,SC,auto,299.70000000000005,3,4.0,19.216666666666665
ea4e9ce63a2134743b4a92777437fcdd,SC,air_conditioning,316.6,3,4.75,16.425
ea566164622c6b439516ab18062c42cd,SP,baby,199.0,1,5.0,14.75
ea566164622c6b439516ab18062c42cd,SP,computers_accessories,1796.4,11,4.090909090909091,18.55090909090909
ea566164622c6b439516ab18062c42cd,SP,consoles_games,139.0,1,5.0,14.72
ea566164622c6b439516ab18062c42cd,SP,cool_stuff,1209.0,7,3.857142857142857,12.498571428571427
ea566164622c6b439516ab18062c42cd,SP,electronics,519.0,2,3.6666666666666665,13.903333333333334
ea566164622c6b439516ab18062c42cd,SP,health_beauty,430.34,11,3.75,17.166666666666668
ea566164622c6b439516ab18062c42cd,SP,perfumery,647.7,5,3.6,12.352
ea566164622c6b439516ab18062c42cd,SP,sports_leisure,4929.0,3,2.0,34.28666666666667
ea566164622c6b439516ab18062c42cd,SP,telephony,439.98,9,3.6666666666666665,13.912222222222223
ea65d8b58316a6f2362f2a9e4b3e86ad,SP,computers_accessories,1332.6999999999998,3,3.6666666666666665,15.293333333333331
ea65d8b58316a6f2362f2a9e4b3e86ad,SP,consoles_games,245.70000000000002,1,5.0,16.76
ea65d8b58316a6f2362f2a9e4b3e86ad,SP,construction_tools_construction,263.3,2,1.4285714285714286,12.35
ea65d8b58316a6f2362f2a9e4b3e86ad,SP,garden_tools,14.9,1,5.0,15.23
ea65d8b58316a6f2362f2a9e4b3e86ad,SP,housewares,151.9,1,5.0,9.81
ea65d8b58316a6f2362f2a9e4b3e86ad,SP,sports_leisure,52.9,1,5.0,23.17
ea67327e24487bdfac5fbfa37ea124df,SP,bed_bath_table,6250.18,32,3.5588235294117645,27.355882352941176
ea6b12bf9ffe2bac34602ec631d97a47,SP,consoles_games,69.9,1,4.0,11.99
ea6b12bf9ffe2bac34602ec631d97a47,SP,housewares,75.9,1,5.0,14.7
ea6b12bf9ffe2bac34602ec631d97a47,SP,toys,138.8,1,5.0,11.58
ea846a0e7ad98a741783e886d89dfa44,SP,perfumery,137.0,2,5.0,18.419999999999998
ea8482cd71df3c1969d7b9473ff13abc,SP,auto,640.77,24,4.12,11.4384
ea8482cd71df3c1969d7b9473ff13abc,SP,telephony,36055.99,1109,3.9801038062283736,14.622450558899398
eaaa46e98c9e61f6764dd1d7a2ab8b3e,RN,small_appliances,98.0,1,5.0,27.64
ead2bab70821ea148476ae9bc08548ac,MG,fashion_bags_accessories,412.1,9,4.5,12.91111111111111
eaf6d55068dea77334e8477d3878d89e,SP,auto,51.0,3,5.0,11.003333333333332
eb1bf309f4f6af9a97e9ddac3fdbeabe,SP,sports_leisure,22.3,1,5.0,8.88
eb3071b9f0b0ddaa2df5ea130f09f26b,SP,baby,2190.0,3,4.333333333333333,60.093333333333334
eb3071b9f0b0ddaa2df5ea130f09f26b,SP,furniture_bedroom,4040.0,6,4.75,50.1425
eb4a59a06b3948e851a7d7a830bcbc42,BA,health_beauty,32.0,1,5.0,21.15
eb4df17aed01d918c65f0f8d650900c0,SP,auto,3549.88,10,4.1,17.701
eb5b6204dde3a6e03b5f1bb8479f055b,SP,air_conditioning,74.97,2,4.666666666666667,10.493333333333334
eb5b6204dde3a6e03b5f1bb8479f055b,SP,computers_accessories,63.69,2,5.0,22.215
eb5b6204dde3a6e03b5f1bb8479f055b,SP,furniture_decor,73.8,2,3.5,11.85
eb5b6204dde3a6e03b5f1bb8479f055b,SP,housewares,201.48,11,3.4166666666666665,12.088333333333333
eb5b6204dde3a6e03b5f1bb8479f055b,SP,small_appliances,38.26,2,4.5,15.23
eb72802c83dc7547529c9546d1a9b8ef,SP,cool_stuff,78.99,1,5.0,8.71
eb72802c83dc7547529c9546d1a9b8ef,SP,garden_tools,89.98,2,5.0,8.825
eb72802c83dc7547529c9546d1a9b8ef,SP,health_beauty,442.98,2,3.5,14.745000000000001
eb72802c83dc7547529c9546d1a9b8ef,SP,housewares,174.99,1,5.0,19.1
eb72802c83dc7547529c9546d1a9b8ef,SP,small_appliances,169.99,1,5.0,18.4
eb72802c83dc7547529c9546d1a9b8ef,SP,toys,106.99,1,5.0,24.36
eb9267cccc90f1b49c8d2f9887c7dd97,PE,sports_leisure,319.9,1,5.0,26.37
eb9cd5b35d95206585e2185318cb5c61,SP,furniture_decor,550.0,2,2.3333333333333335,20.516666666666666
eba88037e1dca898cd02881f67ced679,SP,stationery,838.1,6,4.333333333333333,15.578333333333333
ebd1417732defaf66c50b5a800eb293e,PR,cool_stuff,309.0,1,5.0,16.33
ebd2d60905fb58271facef5596b620d3,SP,health_beauty,7713.02,82,4.235294117647059,19.26329411764706
ebe3dabc4955c9b0d695e7bda38bf5c3,SP,computers_accessories,55.0,1,3.0,11.89
ebef8d8c92b4fd3226e5d407bbff21ac,SP,health_beauty,159.9,1,3.0,19.4
ebef8d8c92b4fd3226e5d407bbff21ac,SP,sports_leisure,93.80000000000001,2,2.5,14.48
ec21206b7894c503788a684a7bc822a6,RJ,housewares,75.0,1,3.0,17.78
ec2e006556300a79a5a91e4876ab3a56,SP,construction_tools_construction,77.4,2,1.5,8.055
ec4608a1f76453166bb312b2968aeaf4,SP,furniture_decor,968.81,17,3.0344827586206895,30.846551724137928
ec5c1d94df153d473b37f880977ae58e,SP,health_beauty,113.09,1,3.0,38.37
ec5c1d94df153d473b37f880977ae58e,SP,perfumery,86.58,1,1.0,22.85
ec80e49e69745ab6c14f984bf2149423,SP,housewares,3709.0,12,4.0,15.6925
ec8463980a4e0ea9f8517aea1ed0c419,SC,construction_tools_lights,239.2,2,5.0,14.844999999999999
ec8879960bd2221d5c32f8e12f7da711,SP,computers_accessories,3957.5,35,4.294117647058823,22.821714285714286
ec933281fb017b5020d06df29c3f77e8,SP,baby,1432.0,8,5.0,28.85625
ecccfa2bb93b34a3bf033cc5d1dcdc69,PR,health_beauty,1120.8500000000001,12,2.5,13.279375
ececbfcff9804a2d6b40f589df8eef2b,SP,health_beauty,4583.37,65,4.057971014492754,18.025797101449275
ececbfcff9804a2d6b40f589df8eef2b,SP,toys,64.99,1,4.0,37.14
ececbfcff9804a2d6b40f589df8eef2b,SP,watches_gifts,2065.79,31,4.242424242424242,16.76939393939394
ed4311e67debd72b8610a5347a743087,SP,housewares,3636.0,25,4.48,27.185
ed46f1eb4a638113deb2a1137b5f22e9,SC,health_beauty,3470.0,4,4.0,54.17
ed49da7cadefc454d6a67de249eab240,SP,sports_leisure,21.5,1,5.0,8.72
ed4acab38528488b65a9a9c603ff024a,SP,computers_accessories,6517.08,26,3.696969696969697,14.098484848484848
ed4acab38528488b65a9a9c603ff024a,SP,consoles_games,5055.49,3,3.5,26.845
ed4acab38528488b65a9a9c603ff024a,SP,cool_stuff,824.99,1,4.0,19.52
ed4acab38528488b65a9a9c603ff024a,SP,telephony,361.89,2,4.5,9.08
ed859002ad59dbf8cf3602696a6c3000,PR,air_conditioning,1349.1000000000001,4,5.0,19.33
ed859002ad59dbf8cf3602696a6c3000,PR,auto,294.9,1,1.0,20.34
ed859002ad59dbf8cf3602696a6c3000,PR,housewares,419.9,1,4.0,31.13
ed8cb7b190ceb6067227478e48cf8dde,SP,electronics,199.96,4,4.0,14.379999999999999
ed8cb7b190ceb6067227478e48cf8dde,SP,home_appliances,14.99,1,5.0,19.32
ed8cb7b190ceb6067227478e48cf8dde,SP,housewares,221.42000000000002,4,2.8,16.032
ed9eef5be0992d413d251fadba1a410d,SP,furniture_decor,404.09999999999997,3,4.555555555555555,15.915555555555557
edb1ef5e36e0c8cd84eb3c9b003e486d,RJ,health_beauty,79144.90000000001,165,4.454022988505747,22.33471264367816
edb58a1390adf273840030a3d6253829,SP,home_appliances,39.9,1,5.0,18.38
edb65fe661681b1c0de8bd47c8655855,SP,small_appliances,69.0,1,3.0,15.24
edc518ba25576a0188a0e8f2c3af186f,SP,agro_industry_and_commerce,56.81,1,4.0,25.38
edc518ba25576a0188a0e8f2c3af186f,SP,housewares,1374.2,3,4.0,60.279999999999994
edc518ba25576a0188a0e8f2c3af186f,SP,pet_shop,39.96,1,1.0,11.16
edc518ba25576a0188a0e8f2c3af186f,SP,stationery,176.42,1,5.0,16.81
edd066cd02126d7800f9b66e980e9931,DF,housewares,987.6999999999999,6,5.0,31.03833333333333
ede0c03645598cdfc63ca8237acbe73d,SP,audio,22.9,1,1.0,11.85
ede0c03645598cdfc63ca8237acbe73d,SP,auto,105.0,5,3.4,13.063999999999998
ede0c03645598cdfc63ca8237acbe73d,SP,computers_accessories,2224.25,37,3.769230769230769,15.39341463414634
ede2977fbaf3738583170735ca403f6c,PR,health_beauty,289.9,1,5.0,37.35
edf3fabebcc20f7463cc9c53da932ea8,SP,furniture_decor,219.9,1,4.0,24.12
edf96ef93ed595084bbcbd9224bd2894,SP,electronics,3597.0,24,3.740740740740741,22.09777777777778
edf96ef93ed595084bbcbd9224bd2894,SP,sports_leisure,160.0,1,5.0,12.14
ee27a8f15b1dded4d213a468ba4eb391,GO,art,6499.0,1,5.0,227.66
ee2fbacc2fc3794e656cc4d933d59ce7,SP,sports_leisure,464.97,2,4.333333333333333,17.91
eeb6de78f79159600292e314a77cbd18,SC,costruction_tools_tools,3843.0,7,4.857142857142857,24.509999999999998
eeb6de78f79159600292e314a77cbd18,SC,garden_tools,35540.9,66,4.373134328358209,33.42746268656716
eeb6de78f79159600292e314a77cbd18,SC,industry_commerce_and_business,4126.9400000000005,9,4.444444444444445,64.98222222222222
eebb3372362aa9a46975164bed19a7e7,SP,telephony,295.96,4,3.25,14.6625
eec3469d83e142f9a104886655338c37,SP,bed_bath_table,119.9,1,5.0,20.03
eec3469d83e142f9a104886655338c37,SP,furniture_decor,65.8,3,4.333333333333333,11.57
eed78ac17f7f795a19a709745f00cd4e,SP,furniture_decor,4349.5,22,3.4107142857142856,15.113214285714287
ef0ace09169ac090589d85746e3e036f,RJ,health_beauty,2066.8,20,4.5,18.518
ef0ace09169ac090589d85746e3e036f,RJ,perfumery,14038.6,109,4.34453781512605,16.210252100840336
ef2fbc2b607d8492bcffe657a4645434,RJ,auto,678.6,13,3.5714285714285716,15.95142857142857
ef2fbc2b607d8492bcffe657a4645434,RJ,baby,37.8,1,5.0,15.23
ef2fbc2b607d8492bcffe657a4645434,RJ,costruction_tools_garden,105.8,2,5.0,20.64
ef2fbc2b607d8492bcffe657a4645434,RJ,health_beauty,75.8,2,5.0,17.835
ef2fbc2b607d8492bcffe657a4645434,RJ,housewares,22.9,1,5.0,22.88
ef30892870c278497523264be1be2241,SP,stationery,783.2,9,4.555555555555555,12.148888888888887
ef506c96320abeedfb894c34db06f478,SP,agro_industry_and_commerce,407.87,12,3.8461538461538463,17.014615384615386
ef506c96320abeedfb894c34db06f478,SP,fixed_telephony,315.90000000000003,10,4.090909090909091,14.832727272727272
ef506c96320abeedfb894c34db06f478,SP,market_place,84.98,2,2.5,8.25
ef506c96320abeedfb894c34db06f478,SP,telephony,8747.75,292,3.937293729372937,15.331535947712418
ef728fa1f17436c91ed1ccd03dcf9631,SP,arts_and_craftmanship,128.7,3,4.0,14.53
ef990a83bbea832f36ebe81376335aa8,SC,construction_tools_construction,592.0,4,4.25,33.07
ef990a83bbea832f36ebe81376335aa8,SC,sports_leisure,4050.59,39,3.6,19.55925
ef9952469137ff190bacafe117f51537,MG,furniture_decor,1002.66,5,4.8,16.788
efb628aa07c8ca93d7db0d85b91a4f5a,RJ,furniture_bedroom,204.0,1,4.0,58.1
efcd8d2104f1a05d028af7bad20d974b,SP,fashion_bags_accessories,2384.79,46,4.2,16.8062
efff9341f3f8f5237b44ff67ed36a7bf,ES,costruction_tools_tools,150.99,1,5.0,17.25
efff9341f3f8f5237b44ff67ed36a7bf,ES,garden_tools,697.0,3,4.666666666666667,20.116666666666667
efff9341f3f8f5237b44ff67ed36a7bf,ES,signaling_and_security,25.0,1,3.0,22.06
f00e21b1e91a79653163b7fd8f293ff1,SP,cool_stuff,199.8,2,5.0,12.07
f00e21b1e91a79653163b7fd8f293ff1,SP,fashion_shoes,69.9,1,5.0,12.62
f00e21b1e91a79653163b7fd8f293ff1,SP,sports_leisure,299.9,1,5.0,24.97
f00e21b1e91a79653163b7fd8f293ff1,SP,stationery,125.9,1,5.0,42.91
f00e21b1e91a79653163b7fd8f293ff1,SP,toys,3204.59,26,3.92,17.935769230769232
f00f5b35d0abcacbdd863672f4bb2c1a,SP,furniture_decor,299.0,1,4.0,14.43
f021c962aaba8ef6eb527a9c2c8394d1,SC,musical_instruments,4398.5,5,4.2,27.074
f049a72cf58fd31b11f8919cade515e7,SP,bed_bath_table,12.25,1,5.0,12.79
f049a72cf58fd31b11f8919cade515e7,SP,furniture_decor,62.5,1,1.0,4.49
f049a72cf58fd31b11f8919cade515e7,SP,health_beauty,64.0,1,4.0,7.48
f0837c8d71434931d9e38e7b79234797,RS,housewares,3446.9,22,4.608695652173913,26.19391304347826
f08a5b9dd6767129688d001acafc21e5,RS,agro_industry_and_commerce,7535.54,4,2.111111111111111,28.963333333333328
f08a5b9dd6767129688d001acafc21e5,RS,computers_accessories,6305.09,6,4.75,26.4625
f08a5b9dd6767129688d001acafc21e5,RS,industry_commerce_and_business,229.0,1,5.0,23.74
f08c008c8a8d31417763738a1788a2a8,PR,sports_leisure,1211.92,20,3.3,18.67047619047619
f09b760d23495ac9a7e00d29b769007c,SP,sports_leisure,21.9,1,4.0,17.19
f0b47fbbc6dee9aafe415a6e33051b3f,SP,books_general_interest,2202.43,43,4.458333333333333,14.720208333333334
f0b47fbbc6dee9aafe415a6e33051b3f,SP,housewares,1454.6,22,4.0,16.595142857142857
f0b47fbbc6dee9aafe415a6e33051b3f,SP,small_appliances,59.99,1,4.0,15.3
f0b47fbbc6dee9aafe415a6e33051b3f,SP,stationery,49.9,1,4.0,18.28
f0e103c63864d5405b958d984b6e94c9,SP,health_beauty,137.5,4,4.75,11.98
f0e103c63864d5405b958d984b6e94c9,SP,sports_leisure,175.0,1,5.0,22.7
f0ec78809fe0bc3edb11c9fe5b97b059,SP,housewares,62.599999999999994,2,4.0,11.829999999999998
f114dca2828bf718548db175ebe2cfcd,PR,sports_leisure,139.0,1,1.0,13.99
f1198c871e0171278b63f40d112caeec,SP,kitchen_dining_laundry_garden_furniture,475.8,2,4.5,41.135
f125f3a310c2e5f822d116147de1e474,SP,construction_tools_construction,2145.4,13,4.473684210526316,12.57
f125f3a310c2e5f822d116147de1e474,SP,home_construction,616.0,3,3.6666666666666665,16.35333333333333
f12d3c2a14729ae461b920c11fe20fdc,SP,furniture_decor,117.0,5,4.5,8.700000000000001
f12d3c2a14729ae461b920c11fe20fdc,SP,stationery,247.45,4,4.0,8.534
f12ff17ad8bbf01ec5c33b17e506649b,SP,auto,6101.0,28,3.857142857142857,22.424285714285713
f181738b150df1f37cb0bd72e705b193,SP,cool_stuff,3349.0,15,4.533333333333333,44.083333333333336
f181738b150df1f37cb0bd72e705b193,SP,furniture_bedroom,1927.0,9,4.888888888888889,33.38111111111111
f181738b150df1f37cb0bd72e705b193,SP,housewares,253.7,12,4.153846153846154,10.874615384615385
f19516b9ff26bfeb091b30108db4ddbd,SP,costruction_tools_garden,162.7,3,3.6666666666666665,18.84
f1b854361f4e15d5851b494df66f22b2,RJ,pet_shop,899.3499999999999,2,2.0,96.12
f1b854361f4e15d5851b494df66f22b2,RJ,toys,269.45,1,5.0,18.08
f1b93673502375d491780bb49d615dbc,SP,construction_tools_construction,580.9,4,3.75,17.240000000000002
f1b93673502375d491780bb49d615dbc,SP,furniture_living_room,1097.79,2,1.6666666666666667,38.51
f1b93673502375d491780bb49d615dbc,SP,housewares,960.24,2,2.3333333333333335,45.28666666666667
f1c1ac3f3efc07e659c035008e615e66,SP,auto,2294.96,3,2.7777777777777777,23.857777777777777
f1ce5fdecd64935c28b9ff932751d0dc,SP,furniture_decor,158.0,2,4.5,11.265
f1ed6bd0a9b11b581f16c851c6a5a527,RS,furniture_decor,891.72,8,4.777777777777778,19.004444444444445
f1ed6bd0a9b11b581f16c851c6a5a527,RS,perfumery,104.37,2,4.5,28.985
f1ed6bd0a9b11b581f16c851c6a5a527,RS,stationery,626.6800000000001,7,4.0,20.685714285714287
f1fd5ab1181f827ffad998c1a5de7d74,PR,luggage_accessories,6896.0,14,4.642857142857143,58.74
f1fd5ab1181f827ffad998c1a5de7d74,PR,stationery,149.99,1,5.0,9.61
f1fdf2d13186575751aa25876536d85c,SP,sports_leisure,26.3,1,5.0,8.29
f205b1a3ca9a34e0f8a228bae6e4c7b3,RS,furniture_decor,1088.0,8,4.875,49.6125
f214d28e8d8e3ef068748498ccc2f813,SP,fashion_bags_accessories,1372.6200000000001,35,4.297297297297297,14.359473684210526
f214d28e8d8e3ef068748498ccc2f813,SP,fashion_male_clothing,79.98,2,3.5,9.815
f214d28e8d8e3ef068748498ccc2f813,SP,housewares,129.99,1,5.0,7.77
f214d28e8d8e3ef068748498ccc2f813,SP,toys,569.84,14,3.75,13.271875
f22a247b79dd22ecd91dc8e3b2a1b07c,SP,health_beauty,439.94,8,4.0,16.8625
f2336e113377dd21c744d9c4fc8293a9,SP,furniture_decor,105.0,1,3.0,27.27
f2336e113377dd21c744d9c4fc8293a9,SP,garden_tools,3458.0,3,4.666666666666667,57.27
f235413f677777a0738ff215d0184901,SP,auto,1191.98,2,5.0,27.915
f25e239052084705e17a982bc600ab2a,SP,computers_accessories,1980.0,1,1.0,29.62
f25e239052084705e17a982bc600ab2a,SP,fixed_telephony,158.0,2,4.5,14.865
f25e239052084705e17a982bc600ab2a,SP,luggage_accessories,148.0,2,5.0,34.43
f25e239052084705e17a982bc600ab2a,SP,pet_shop,5094.0,3,4.666666666666667,92.42333333333333
f262cbc1c910c83959f849465454ddd3,SP,computers_accessories,5869.38,97,4.450980392156863,11.229411764705883
f262cbc1c910c83959f849465454ddd3,SP,consoles_games,180.95999999999998,4,4.75,10.5775
f262cbc1c910c83959f849465454ddd3,SP,construction_tools_construction,484.86,13,4.142857142857143,12.014999999999999
f262cbc1c910c83959f849465454ddd3,SP,construction_tools_safety,199.0,1,4.0,16.14
f262cbc1c910c83959f849465454ddd3,SP,cool_stuff,89.98,2,5.0,4.0
f262cbc1c910c83959f849465454ddd3,SP,electronics,955.76,21,3.7916666666666665,12.217500000000001
f262cbc1c910c83959f849465454ddd3,SP,luggage_accessories,1517.61,34,3.638888888888889,14.975405405405406
f262cbc1c910c83959f849465454ddd3,SP,stationery,110.92,6,2.5,10.84625
f262cbc1c910c83959f849465454ddd3,SP,telephony,791.39,11,4.083333333333333,11.741666666666667
f266295f49a28eee21f413e0cbb0521d,PR,construction_tools_construction,89.9,1,5.0,18.2
f266295f49a28eee21f413e0cbb0521d,PR,garden_tools,59.9,1,4.0,9.94
f26d70155c2b6326fcfa1780c8c684e4,SC,garden_tools,202.89,1,5.0,16.17
f27e33c6d29b5138fa9967bcd445b6d5,SP,auto,733.8000000000001,12,4.833333333333333,13.948333333333332
f27e33c6d29b5138fa9967bcd445b6d5,SP,baby,59.9,1,3.0,16.86
f27e33c6d29b5138fa9967bcd445b6d5,SP,computers_accessories,534.6,4,3.5,13.9525
f27e33c6d29b5138fa9967bcd445b6d5,SP,consoles_games,240.5,3,4.4,39.634
f27e33c6d29b5138fa9967bcd445b6d5,SP,cool_stuff,923.4,15,3.625,14.759375
f27e33c6d29b5138fa9967bcd445b6d5,SP,electronics,2473.2,18,4.166666666666667,14.178333333333335
f27e33c6d29b5138fa9967bcd445b6d5,SP,fixed_telephony,328.8,2,5.0,21.506666666666664
f27e33c6d29b5138fa9967bcd445b6d5,SP,furniture_decor,194.70000000000002,3,3.3333333333333335,10.266666666666667
f27e33c6d29b5138fa9967bcd445b6d5,SP,health_beauty,294.7,3,4.666666666666667,29.066666666666666
f27e33c6d29b5138fa9967bcd445b6d5,SP,pet_shop,2657.7000000000003,22,3.9130434782608696,15.345217391304347
f27e33c6d29b5138fa9967bcd445b6d5,SP,telephony,447.0,10,4.2,12.891
f3041c2e75ec683697a6a5ea82192210,MG,furniture_decor,145.0,1,5.0,24.0
f307937c1bb287c3efc2a514b94b0d1d,MG,auto,189.99,1,5.0,26.61
f326006815956455b2859abd58fe7e39,SP,construction_tools_construction,59.9,1,4.0,14.0
f326006815956455b2859abd58fe7e39,SP,furniture_decor,1609.3,4,4.68,16.214
f326006815956455b2859abd58fe7e39,SP,sports_leisure,1477.96,4,5.0,61.667500000000004
f3295428338a40977a03f555246a70f4,ES,health_beauty,590.6999999999999,4,3.5,19.3175
f3511c85f59f8dec53d140501ee8e7a8,PR,health_beauty,69.9,1,5.0,8.11
f356c348fbc8df6a882823e21f5ce8b7,RS,housewares,195.18,2,2.5,15.235
f35b3c613c4f7b2275f4185d0a3c59ec,SP,health_beauty,66.71,1,5.0,7.39
f35b3c613c4f7b2275f4185d0a3c59ec,SP,sports_leisure,3980.54,8,4.5,19.95625
f35becee938e982bd615edf8ef12bcfb,SP,home_confort,88.89,3,4.0,13.63
f35becee938e982bd615edf8ef12bcfb,SP,perfumery,59.699999999999996,3,4.0,12.443333333333333
f3862c2188522d89860c38a3ea8b550d,SP,perfumery,15.5,1,5.0,12.79
f3975e8a41157005d4bcbb358678cd9b,SC,baby,54.9,1,5.0,19.57
f3975e8a41157005d4bcbb358678cd9b,SC,toys,123.9,1,5.0,64.41
f3b80352b986ab4d1057a4b724be19d0,DF,air_conditioning,2630.0,4,4.75,86.975
f3b80352b986ab4d1057a4b724be19d0,DF,health_beauty,7185.1,82,4.137931034482759,20.440919540229885
f3c38ab652836d21de61fb8314b69182,SP,agro_industry_and_commerce,13.0,1,3.0,7.39
f3c38ab652836d21de61fb8314b69182,SP,computers_accessories,869.0,6,4.0,20.040000000000003
f3c38ab652836d21de61fb8314b69182,SP,construction_tools_construction,43.0,2,5.0,17.645
f3c38ab652836d21de61fb8314b69182,SP,electronics,656.0,6,4.5,14.111666666666666
f3da5b2ff499efb8d4a6d371d175d7dd,SP,baby,852.3000000000001,13,4.0,13.528461538461539
f3da5b2ff499efb8d4a6d371d175d7dd,SP,construction_tools_construction,78.56,2,4.0,20.490000000000002
f3da5b2ff499efb8d4a6d371d175d7dd,SP,construction_tools_safety,244.79999999999998,6,4.0,15.553333333333333
f3da5b2ff499efb8d4a6d371d175d7dd,SP,cool_stuff,171.84,4,3.25,11.19
f3da5b2ff499efb8d4a6d371d175d7dd,SP,furniture_decor,100.03999999999999,3,5.0,24.786666666666665
f3da5b2ff499efb8d4a6d371d175d7dd,SP,health_beauty,55.199999999999996,5,4.8,10.516
f3da5b2ff499efb8d4a6d371d175d7dd,SP,housewares,892.68,19,3.522727272727273,12.792608695652175
f3da5b2ff499efb8d4a6d371d175d7dd,SP,luggage_accessories,101.5,7,4.857142857142857,8.51
f3da5b2ff499efb8d4a6d371d175d7dd,SP,pet_shop,34.26,1,5.0,8.88
f3da5b2ff499efb8d4a6d371d175d7dd,SP,stationery,524.1,6,3.5,15.065
f3da5b2ff499efb8d4a6d371d175d7dd,SP,toys,349.7,5,3.2,14.854
f410c8873029fcc3809b9df6d0b28914,SP,auto,289.8,2,5.0,18.65
f41ce2e25237f9092cd8e6e7516c7a2f,SP,computers_accessories,289.9,5,4.6,10.698
f41ce2e25237f9092cd8e6e7516c7a2f,SP,consoles_games,1132.7,13,4.615384615384615,11.97
f41ce2e25237f9092cd8e6e7516c7a2f,SP,cool_stuff,15.8,1,3.0,10.96
f41ce2e25237f9092cd8e6e7516c7a2f,SP,market_place,174.0,3,4.666666666666667,13.356666666666667
f41ce2e25237f9092cd8e6e7516c7a2f,SP,toys,349.5,4,4.0,12.758
f435898e493ba0356019a0b1cb8b55b1,PR,auto,649.76,10,4.333333333333333,19.243333333333336
f43827dd686be3a4a80e00aa299990fb,SP,housewares,95.54,1,2.0,15.1
f44b6f775a2b390380e0e30b5c9d3eee,SP,baby,188.0,2,5.0,18.455
f44b6f775a2b390380e0e30b5c9d3eee,SP,cool_stuff,2742.0,8,4.875,27.666249999999998
f44bdc12aa39f5271f0b95f66cd4c289,SP,auto,357.5,5,2.857142857142857,10.652857142857142
f45122a9ab94eb4f3f8953578bc0c560,SP,baby,2159.64,36,3.5833333333333335,15.649444444444445
f45122a9ab94eb4f3f8953578bc0c560,SP,fashion_bags_accessories,269.09999999999997,8,3.6666666666666665,11.652222222222223
f45122a9ab94eb4f3f8953578bc0c560,SP,housewares,417.90000000000003,4,4.857142857142857,14.969999999999999
f45122a9ab94eb4f3f8953578bc0c560,SP,luggage_accessories,69.99,1,5.0,18.94
f45122a9ab94eb4f3f8953578bc0c560,SP,musical_instruments,53.97,3,3.6666666666666665,14.653333333333334
f45122a9ab94eb4f3f8953578bc0c560,SP,pet_shop,18010.12,128,3.9708029197080292,17.31890510948905
f45122a9ab94eb4f3f8953578bc0c560,SP,small_appliances,737.97,3,4.0,18.486666666666665
f45122a9ab94eb4f3f8953578bc0c560,SP,toys,45.99,1,5.0,15.1
f457c46070d02cadd8a68551231220dd,PR,computers_accessories,18798.3,195,3.8013100436681224,15.872652173913044
f46490624488d3ff7ce78613913a7711,SP,health_beauty,5690.95,80,3.574712643678161,19.46448275862069
f4a04f7be452aa3bb31760bf00055dd0,SP,perfumery,1312.1,18,4.666666666666667,13.43611111111111
f4aba7c0bca51484c30ab7bdc34bcdd1,SP,health_beauty,2657.3999999999996,103,3.881818181818182,13.243545454545455
f4aba7c0bca51484c30ab7bdc34bcdd1,SP,sports_leisure,49.9,1,5.0,11.85
f4c4daa86e30c7e5a553a8d518ac03a5,PR,fashion_bags_accessories,1356.6,3,4.666666666666667,17.91333333333333
f4c4daa86e30c7e5a553a8d518ac03a5,PR,watches_gifts,3495.83,13,3.8461538461538463,17.10153846153846
f4ce8ca9fa7157e3b33f536ac9a4487d,SP,bed_bath_table,89.8,2,4.5,13.8
f4ce8ca9fa7157e3b33f536ac9a4487d,SP,housewares,319.8,2,5.0,34.965
f4db9b37944bcb8873e6b456ee190bbf,SP,fashion_bags_accessories,3079.8100000000004,18,4.473684210526316,24.007368421052632
f4db9b37944bcb8873e6b456ee190bbf,SP,luggage_accessories,329.97,3,5.0,14.673333333333332
f524ad65d7e0f1daab730ef2d2e86196,RS,garden_tools,578.0,1,1.0,15.75
f52c2422904463fdd7741f99045fecb6,SP,health_beauty,37.3,2,3.6666666666666665,7.39
f52c2422904463fdd7741f99045fecb6,SP,housewares,206.8,7,4.285714285714286,15.002857142857142
f52c2422904463fdd7741f99045fecb6,SP,sports_leisure,323.69,3,5.0,16.606666666666666
f593898ec748b7a8cb81fc04edafd98a,SP,art,5.35,1,5.0,13.47
f593898ec748b7a8cb81fc04edafd98a,SP,furniture_decor,878.4100000000001,6,3.2222222222222223,28.380000000000003
f593898ec748b7a8cb81fc04edafd98a,SP,furniture_living_room,65.98,2,3.5,21.53
f593898ec748b7a8cb81fc04edafd98a,SP,toys,1575.0,7,2.857142857142857,48.712857142857146
f5a590cf36251cf1162ea35bef76fe84,SP,cool_stuff,8813.0,11,4.0,33.42545454545455
f5a590cf36251cf1162ea35bef76fe84,SP,market_place,2329.0,2,4.0,87.335
f5a590cf36251cf1162ea35bef76fe84,SP,musical_instruments,37680.78,97,4.294117647058823,33.818823529411766
f5b44895715ddfe3087dc414f30268f3,SP,auto,378.8,19,4.0,14.50736842105263
f5b84683a9bf9e1df748cf40f601b39c,SP,baby,83.9,1,5.0,9.07
f5f1f2c5f923f36ad79ea1d07185ddc9,SP,pet_shop,1517.77,10,3.4545454545454546,15.793636363636363
f5f2ab9bdb6b30c14c61be68c5ed37da,SP,baby,62.2,1,5.0,16.2
f5f2ab9bdb6b30c14c61be68c5ed37da,SP,sports_leisure,171.9,1,5.0,18.45
f5f2ab9bdb6b30c14c61be68c5ed37da,SP,toys,1900.5800000000002,16,4.1875,19.076249999999998
f5f46307a4d15880ca14fab4ad9dfc9b,SC,cool_stuff,293.99,3,4.666666666666667,16.80666666666667
f5f46307a4d15880ca14fab4ad9dfc9b,SC,housewares,679.0,2,3.0,42.625
f5f46307a4d15880ca14fab4ad9dfc9b,SC,sports_leisure,449.95000000000005,4,4.0,19.142000000000003
f5fea3ffed6c2e889bab72705557c63a,RJ,furniture_decor,345.0,1,5.0,123.8
f6122bc84774df1b372bdb3bb88ddb9f,SP,computers_accessories,4799.87,3,3.6666666666666665,24.830000000000002
f615fe7efbef0f4f08fd3086bc7a3e60,SP,baby,240.3,3,5.0,14.323333333333332
f615fe7efbef0f4f08fd3086bc7a3e60,SP,cool_stuff,34.9,1,5.0,20.09
f615fe7efbef0f4f08fd3086bc7a3e60,SP,food,229.8,2,5.0,13.14
f615fe7efbef0f4f08fd3086bc7a3e60,SP,toys,1556.3700000000001,16,4.352941176470588,16.49235294117647
f61c63d13f7cd800549d5acdd390ae72,SP,housewares,1014.3,17,3.823529411764706,15.439411764705884
f61c63d13f7cd800549d5acdd390ae72,SP,small_appliances,109.0,1,5.0,13.78
f61c63d13f7cd800549d5acdd390ae72,SP,telephony,729.0,2,4.5,15.1
f61c63d13f7cd800549d5acdd390ae72,SP,toys,1220.0,6,4.166666666666667,20.49
f626e15b7314c267e4429010866f70e9,SP,drinks,62.699999999999996,1,5.0,15.1
f626e15b7314c267e4429010866f70e9,SP,food_drink,109.94999999999999,3,4.333333333333333,19.363333333333333
f626e15b7314c267e4429010866f70e9,SP,health_beauty,20.9,1,1.0,22.08
f62d7bb4a613ec758a03342d46b580b2,MG,home_appliances_2,10075.0,13,4.384615384615385,76.3876923076923
f62d7bb4a613ec758a03342d46b580b2,MG,small_appliances_home_oven_and_coffee,14590.0,19,4.368421052631579,59.607894736842105
f63d8f293af3a6454377546bd9dd19ff,SP,auto,1325.94,6,3.0,18.21125
f63d8f293af3a6454377546bd9dd19ff,SP,garden_tools,425.88,11,4.916666666666667,16.979166666666668
f650a9708fa1bab22bdd8d3a818cc415,SC,furniture_decor,416.04,4,4.0,17.86
f664f98bfda2eaf266a23ff144e7a872,SP,pet_shop,119.0,1,1.0,0.03
f67efa3f0b6761102a7f8c6b7b571f5d,PR,garden_tools,411.96,3,3.75,14.59
f67efa3f0b6761102a7f8c6b7b571f5d,PR,pet_shop,1929.83,17,4.529411764705882,30.472941176470584
f67efa3f0b6761102a7f8c6b7b571f5d,PR,sports_leisure,2746.9,10,4.5,24.863
f67efa3f0b6761102a7f8c6b7b571f5d,PR,toys,99.99,1,5.0,16.46
f680f85bee2d253556ac91be391d2c82,SP,baby,1305.48,31,4.333333333333333,13.117272727272727
f680f85bee2d253556ac91be391d2c82,SP,garden_tools,3878.44,14,4.238095238095238,21.93095238095238
f682e0f848abafc6f41e0d4e868c66ef,SP,auto,269.98,2,3.5,17.01
f7315bb81aea4ddca2d39e249a801c98,SP,luggage_accessories,379.8,2,4.5,25.14
f7496d659ca9fdaf323c0aae84176632,SP,furniture_decor,2278.59,14,4.466666666666667,23.579333333333334
f7496d659ca9fdaf323c0aae84176632,SP,housewares,1139.58,6,4.5,44.49666666666666
f76a3b1349b6df1ee875d1f3fa4340f0,SP,housewares,4160.79,24,3.4583333333333335,24.50791666666667
f7720c4fa8e3aba4546301ab80ea1f1b,PR,furniture_decor,643.8,29,4.303030303030303,17.12
f7720c4fa8e3aba4546301ab80ea1f1b,PR,garden_tools,592.45,21,4.309523809523809,16.565238095238094
f7720c4fa8e3aba4546301ab80ea1f1b,PR,home_construction,807.3,9,4.086956521739131,17.58304347826087
f783a638e9c6af4a7d0dbfde811e7a81,SP,baby,104.0,1,5.0,11.35
f783a638e9c6af4a7d0dbfde811e7a81,SP,toys,745.8,4,3.75,35.4375
f789d2c4f2c2eb38fc4373e7a4b35264,MG,pet_shop,4809.25,43,4.1875,17.392083333333336
f789d2c4f2c2eb38fc4373e7a4b35264,MG,sports_leisure,54.99,1,4.0,34.18
f7ba60f8c3f99e7ee4042fdef03b70c4,SP,health_beauty,65492.0,191,4.23,19.03915
f7ba60f8c3f99e7ee4042fdef03b70c4,SP,sports_leisure,2578.0,27,4.137931034482759,17.59
f7ccf836d21b2fb1de37564105216cc1,SP,bed_bath_table,2678.6,67,3.898550724637681,15.139577464788733
f7ccf836d21b2fb1de37564105216cc1,SP,luggage_accessories,69.8,2,2.5,16.515
f805b96fa705ba7995a221f1749dc141,PR,musical_instruments,2744.44,7,4.428571428571429,34.63285714285714
f80edd2c5aaa505cc4b0a3b219abf4b8,SP,bed_bath_table,623.1,8,3.4444444444444446,28.59777777777778
f80edd2c5aaa505cc4b0a3b219abf4b8,SP,construction_tools_construction,90.8,2,3.0,13.139999999999999
f80edd2c5aaa505cc4b0a3b219abf4b8,SP,costruction_tools_garden,4031.7000000000003,40,3.9069767441860463,26.16093023255814
f80edd2c5aaa505cc4b0a3b219abf4b8,SP,home_confort,179.6,4,3.75,19.2225
f80edd2c5aaa505cc4b0a3b219abf4b8,SP,kitchen_dining_laundry_garden_furniture,3422.9,57,4.433333333333334,22.288196721311476
f80edd2c5aaa505cc4b0a3b219abf4b8,SP,sports_leisure,507.40000000000003,6,4.5,15.011666666666665
f8201cab383e484733266d1906e2fdfa,SC,cool_stuff,889.0,10,4.1,25.583
f84a00e60c73a49e7e851c9bdca3a5bb,RJ,furniture_mattress_and_upholstery,786.5,9,3.5555555555555554,45.5
f84a00e60c73a49e7e851c9bdca3a5bb,RJ,health_beauty,5062.74,79,3.7386363636363638,17.29090909090909
f84fa566034f5e8e880a07ec624c56af,SP,auto,239.7,3,5.0,10.206666666666667
f84fa566034f5e8e880a07ec624c56af,SP,health_beauty,4403.849999999999,80,4.235955056179775,12.016741573033707
f84fa566034f5e8e880a07ec624c56af,SP,perfumery,350.36,7,4.75,13.788749999999999
f88adb15807168d3c43d71021090ce4a,SP,baby,189.0,1,5.0,19.4
f88adb15807168d3c43d71021090ce4a,SP,party_supplies,299.8,2,2.5,16.43
f8d5c7085db9a4ad2b8c1ffbeb2798c8,SP,fashion_bags_accessories,263.0,6,5.0,16.735
f8db351d8c4c4c22c6835c19a46f01b0,SP,audio,159.9,1,5.0,13.46
f8db351d8c4c4c22c6835c19a46f01b0,SP,auto,413.9,10,3.4545454545454546,14.72090909090909
f8db351d8c4c4c22c6835c19a46f01b0,SP,computers_accessories,1492.6,34,4.382352941176471,14.040000000000001
f8db351d8c4c4c22c6835c19a46f01b0,SP,construction_tools_construction,1713.1,7,4.888888888888889,23.45111111111111
f8db351d8c4c4c22c6835c19a46f01b0,SP,construction_tools_lights,29.8,1,5.0,8.82
f8db351d8c4c4c22c6835c19a46f01b0,SP,cool_stuff,2094.5,35,4.085714285714285,13.754285714285714
f8db351d8c4c4c22c6835c19a46f01b0,SP,garden_tools,1459.0,40,4.08,16.1976
f8db351d8c4c4c22c6835c19a46f01b0,SP,health_beauty,2096.8,22,4.181818181818182,17.66318181818182
f8db351d8c4c4c22c6835c19a46f01b0,SP,home_appliances,1181.3999999999999,34,4.361111111111111,14.976388888888888
f8db351d8c4c4c22c6835c19a46f01b0,SP,housewares,9066.2,171,4.347593582887701,13.77223404255319
f8db351d8c4c4c22c6835c19a46f01b0,SP,kitchen_dining_laundry_garden_furniture,3149.2999999999997,6,4.142857142857143,150.74142857142857
f8db351d8c4c4c22c6835c19a46f01b0,SP,office_furniture,2587.1,17,4.7894736842105265,28.24105263157895
f8db351d8c4c4c22c6835c19a46f01b0,SP,perfumery,4491.7,41,4.186046511627907,18.751162790697673
f8db351d8c4c4c22c6835c19a46f01b0,SP,pet_shop,3447.5,79,4.214285714285714,13.58764705882353
f8db351d8c4c4c22c6835c19a46f01b0,SP,signaling_and_security,77.8,2,4.5,11.03
f8db351d8c4c4c22c6835c19a46f01b0,SP,sports_leisure,7384.2,74,4.3076923076923075,16.824615384615385
f8db351d8c4c4c22c6835c19a46f01b0,SP,stationery,831.3000000000001,7,4.142857142857143,21.24142857142857
f8db351d8c4c4c22c6835c19a46f01b0,SP,toys,4105.8,51,4.0588235294117645,22.035961538461535
f8db351d8c4c4c22c6835c19a46f01b0,SP,watches_gifts,4220.0,25,4.0,16.676333333333336
f8e2c1b59cd4225a3e4fd0d013a76b93,SP,furniture_decor,179.8,1,5.0,16.39
f8f35af4634605e6693c17cc3ffff5a8,MG,housewares,90.0,1,5.0,16.39
f90f77ef2799a27f80d90c425ca944f7,PR,books_technical,70.0,1,5.0,19.46
f918546be4bec7104d117789ba758b2b,SP,garden_tools,1483.0,20,3.8260869565217392,15.093478260869563
f9244d45189d3a3605499abddeade7d5,SP,cool_stuff,5249.98,2,3.0,78.74
f9244d45189d3a3605499abddeade7d5,SP,garden_tools,299.96999999999997,3,5.0,21.223333333333333
f9244d45189d3a3605499abddeade7d5,SP,small_appliances,9531.49,15,4.4,39.971333333333334
f92d8c817434bd2d84d4e9c61322b7fa,SP,sports_leisure,174.84,5,4.6,10.154
f97e2b0650c2068227e1d366140eb62f,SP,garden_tools,231.0,3,2.4285714285714284,14.892857142857142
f97e2b0650c2068227e1d366140eb62f,SP,pet_shop,3423.0,13,4.3076923076923075,64.83785714285715
f9903dd0f812c7e771fcad47b6fff231,SC,auto,54.98,2,4.0,19.345
f9903dd0f812c7e771fcad47b6fff231,SC,construction_tools_lights,969.89,6,2.6363636363636362,29.176363636363636
f9903dd0f812c7e771fcad47b6fff231,SC,housewares,659.98,2,3.5,28.5
f9bbdd976532d50b7816d285a22bd01e,SP,sports_leisure,268.0,2,5.0,15.184999999999999
f9d010e39375d9c91dce3f40b73a2f84,SP,toys,1212.0,4,3.0,27.627999999999997
f9ec7093df3a7b346b7bcf7864069ca3,SP,baby,43.0,2,5.0,13.245000000000001
f9ec7093df3a7b346b7bcf7864069ca3,SP,furniture_decor,57.0,1,5.0,15.5
f9ec7093df3a7b346b7bcf7864069ca3,SP,housewares,56.2,3,5.0,10.326666666666666
f9ec7093df3a7b346b7bcf7864069ca3,SP,sports_leisure,316.0,2,4.0,14.68
f9ec7093df3a7b346b7bcf7864069ca3,SP,toys,47.0,1,5.0,16.6
f9eedec3129e8cc6b6429c42d0808c5b,RJ,watches_gifts,789.8,2,4.5,21.675
f9f68daa2af419d38f745478bcb3da1a,SP,sports_leisure,11.2,1,5.0,18.0
fa14641f57b655e933124a9ea49cd7a5,SP,computers_accessories,164.97,3,5.0,13.020000000000001
fa14641f57b655e933124a9ea49cd7a5,SP,cool_stuff,69.99,1,4.0,14.24
fa14641f57b655e933124a9ea49cd7a5,SP,telephony,124.97,3,4.333333333333333,9.92
fa1a9dec3a9940c072684a46728bf1fc,SC,pet_shop,6674.0,55,3.983050847457627,20.0285
fa1c13f2614d7b5c4749cbc52fecda94,SP,auto,209.9,1,1.0,8.72
fa1c13f2614d7b5c4749cbc52fecda94,SP,electronics,344.8,2,3.0,17.02
fa1c13f2614d7b5c4749cbc52fecda94,SP,health_beauty,539.89,1,5.0,10.64
fa1c13f2614d7b5c4749cbc52fecda94,SP,sports_leisure,854.6999999999999,3,5.0,9.523333333333333
fa1c13f2614d7b5c4749cbc52fecda94,SP,watches_gifts,188967.85,572,4.380281690140845,17.19298951048951
fa3a0b5aabb344b9a92e3524b0202123,SP,musical_instruments,1789.0,7,4.142857142857143,23.487142857142857
fa40cc5b934574b62717c68f3d678b6d,SP,baby,2151.44,39,4.4,11.377317073170733
fa40cc5b934574b62717c68f3d678b6d,SP,market_place,97.0,2,5.0,12.225
fa40cc5b934574b62717c68f3d678b6d,SP,toys,13652.039999999999,274,4.448979591836735,13.576904761904762
fa5fdc4e4bb6bd1009ad0e4ac4096562,SP,auto,161.99,1,5.0,32.86
fa74b2f3287d296e9fbd2cc80f2d1cf1,SP,perfumery,1274.49,5,3.2,15.236
fa8d335d68129e464e60c1826a683e96,RS,auto,139.9,1,4.0,34.78
fac1a9017ade7bdc94058fc1c969f355,SP,computers_accessories,1954.85,8,4.666666666666667,21.50888888888889
fac1a9017ade7bdc94058fc1c969f355,SP,sports_leisure,55.99,1,5.0,18.49
fac35d150712afb921ec59ac5f39bb11,MG,construction_tools_construction,456.0,3,4.0,15.045
fac35d150712afb921ec59ac5f39bb11,MG,industry_commerce_and_business,240.0,2,4.5,22.23
fad44952713764836814be105382aee5,RJ,health_beauty,5129.0,32,4.28125,15.87125
fadb07c842a2aef5d5a676b85f220e71,SP,housewares,169.89,2,5.0,28.875
fadb07c842a2aef5d5a676b85f220e71,SP,sports_leisure,228.85999999999999,5,4.6,22.774
fb3cfbc8a86f5d7fbb4d36b8df63f60d,RJ,bed_bath_table,1007.3,10,3.1333333333333333,14.517333333333333
fb503a924a0b9db19d83dd0ac6dbef8c,RS,health_beauty,13.9,1,5.0,17.92
fb8904a8ea99f8831b64ce27db2c1765,SP,sports_leisure,139.0,1,5.0,12.18
fb89df7f89fd1b8f03fa2acca1ba7364,PR,health_beauty,2220.0,22,3.84,18.6972
fbc14c0cf93505ef89f64665ffa4a7b5,SP,computers_accessories,62.99,1,4.0,15.19
fbc14c0cf93505ef89f64665ffa4a7b5,SP,construction_tools_safety,3310.97,3,4.666666666666667,36.78333333333334
fbc14c0cf93505ef89f64665ffa4a7b5,SP,electronics,1608.99,1,5.0,46.61
fbc14c0cf93505ef89f64665ffa4a7b5,SP,fixed_telephony,6994.89,11,3.9,24.365454545454543
fbc14c0cf93505ef89f64665ffa4a7b5,SP,home_construction,249.98000000000002,2,4.5,45.47
fc0b214b59a83615fea981c6424a02ae,SP,baby,159.9,1,5.0,12.14
fc38b5dceee1a730fad8853453437fbd,SP,bed_bath_table,64.3,2,4.5,13.605
fc38b5dceee1a730fad8853453437fbd,SP,perfumery,54.900000000000006,3,4.666666666666667,10.533333333333333
fc4751cfe3b279c419615b9b00c1abb4,PR,housewares,453.7,1,5.0,17.35
fc59392d66ef99377e50356ee4f3b4e1,BA,computers_accessories,179.99,2,3.5,12.684999999999999
fc59392d66ef99377e50356ee4f3b4e1,BA,electronics,155.0,2,3.5,11.015
fc59392d66ef99377e50356ee4f3b4e1,BA,fixed_telephony,185.0,1,4.0,39.57
fc5a0d7a310a7a41abf86a458585ff2b,SP,books_general_interest,117.9,1,4.0,19.07
fc6295add6f51a0936407ead70c1001d,SP,furniture_decor,160.0,1,1.0,17.63
fc906263ca5083d09dce42fe02247800,MG,computers_accessories,2423.6,61,4.453125,15.858749999999999
fc906263ca5083d09dce42fe02247800,MG,consoles_games,832.3,21,4.304347826086956,16.538695652173914
fc906263ca5083d09dce42fe02247800,MG,sports_leisure,29.9,1,5.0,12.48
fc908879b9ca1bd65419e54e50432d38,SP,books_general_interest,119.19999999999999,4,5.0,13.17
fcb5ace8bcc92f75707dc0f01a27d269,SP,cine_photo,512.3,3,2.0,18.783333333333335
fcb5ace8bcc92f75707dc0f01a27d269,SP,computers_accessories,511.85,5,3.6666666666666665,9.897777777777778
fcb5ace8bcc92f75707dc0f01a27d269,SP,consoles_games,817.6500000000001,4,4.2,17.54
fcb5ace8bcc92f75707dc0f01a27d269,SP,construction_tools_construction,570.35,5,4.6,17.919999999999998
fcb5ace8bcc92f75707dc0f01a27d269,SP,cool_stuff,1918.1,14,3.533333333333333,12.326
fcb5ace8bcc92f75707dc0f01a27d269,SP,electronics,31.9,1,5.0,21.15
fcb5ace8bcc92f75707dc0f01a27d269,SP,fixed_telephony,64.98,1,4.0,9.58
fcb5ace8bcc92f75707dc0f01a27d269,SP,health_beauty,1511.0,4,4.0,15.907499999999999
fcb5ace8bcc92f75707dc0f01a27d269,SP,sports_leisure,1721.2,9,4.181818181818182,13.091666666666667
fcb5ace8bcc92f75707dc0f01a27d269,SP,stationery,304.42,12,4.357142857142857,9.902142857142858
fcb5ace8bcc92f75707dc0f01a27d269,SP,telephony,45.6,1,1.0,7.78
fcba71d4d5db057f43249145e4eb1e27,SP,watches_gifts,494.55,3,4.666666666666667,17.906666666666666
fcdd820084f17e9982427971e4e9d47f,SP,air_conditioning,4640.0,15,3.230769230769231,32.22846153846154
fcdd820084f17e9982427971e4e9d47f,SP,stationery,143.99,1,4.0,43.81
fce62094ffe6a4009188ec44e681dfdd,SP,furniture_decor,2892.0,2,2.5,53.0775
fce62094ffe6a4009188ec44e681dfdd,SP,market_place,25.9,1,5.0,26.09
fce62094ffe6a4009188ec44e681dfdd,SP,sports_leisure,51.8,1,5.0,16.11
fcf16b7a8697e559f0123190bb30177d,SP,musical_instruments,1052.8,3,3.142857142857143,71.39571428571428
fd312b6bf05efac6c3772d5b52205d8a,SP,health_beauty,118.69999999999999,2,5.0,11.405
fd386aa7bed2af3c7035c65506c9b4a3,SP,agro_industry_and_commerce,12.99,1,4.0,15.23
fd386aa7bed2af3c7035c65506c9b4a3,SP,arts_and_craftmanship,15.99,1,4.0,18.23
fd386aa7bed2af3c7035c65506c9b4a3,SP,auto,89.0,2,4.0,18.3
fd386aa7bed2af3c7035c65506c9b4a3,SP,computers_accessories,69.0,4,4.0,12.4875
fd386aa7bed2af3c7035c65506c9b4a3,SP,electronics,30.0,1,2.0,18.23
fd386aa7bed2af3c7035c65506c9b4a3,SP,furniture_decor,122.8,4,5.0,11.06
fd386aa7bed2af3c7035c65506c9b4a3,SP,health_beauty,153.89000000000001,11,4.7272727272727275,13.56
fd386aa7bed2af3c7035c65506c9b4a3,SP,home_construction,13.5,1,5.0,17.06
fd386aa7bed2af3c7035c65506c9b4a3,SP,housewares,214.57,11,4.363636363636363,11.888181818181817
fd386aa7bed2af3c7035c65506c9b4a3,SP,luggage_accessories,18.0,1,5.0,8.29
fd386aa7bed2af3c7035c65506c9b4a3,SP,music,10.99,1,5.0,15.23
fd386aa7bed2af3c7035c65506c9b4a3,SP,sports_leisure,89.33,3,5.0,18.406666666666666
fd386aa7bed2af3c7035c65506c9b4a3,SP,stationery,1333.0,21,4.208333333333333,12.712499999999999
fd386aa7bed2af3c7035c65506c9b4a3,SP,toys,131.09,7,4.0,14.065555555555555
fd435faa3c0422b60440ea3480d0e77c,PB,electronics,749.0,1,5.0,133.87
fdaaf5bfda82b7b80535610c831b8d09,SP,housewares,439.9,1,1.0,52.03
fdaaf5bfda82b7b80535610c831b8d09,SP,sports_leisure,2149.0,9,4.142857142857143,14.813571428571427
fdb9095204a334cd8872252ffec6f2db,SP,bed_bath_table,8156.0,46,4.139344262295082,18.57983606557377
fde0cc9ea29c8ccfc0a2c22256a58c71,PR,cool_stuff,297.0,3,4.333333333333333,22.97
fde0cc9ea29c8ccfc0a2c22256a58c71,PR,furniture_living_room,645.0,5,4.0,35.756
fde0cc9ea29c8ccfc0a2c22256a58c71,PR,toys,2980.0,27,4.592592592592593,27.836296296296297
fdf736c18c589ed030e058312203e1b2,MG,computers_accessories,30.0,1,5.0,14.51
fe19dce63ae80346207c6c55713d1023,MG,health_beauty,49.9,1,5.0,21.82
fe1b067411b8c5066e962aa146ccee03,SP,computers_accessories,196.85,1,4.0,14.98
fe1b067411b8c5066e962aa146ccee03,SP,perfumery,650.93,7,4.714285714285714,18.302857142857142
fe1bbc5feda5c8979a8a1b3b2512d5a6,MG,sports_leisure,544.8199999999999,8,3.7777777777777777,13.566666666666668
fe2032dab1a61af8794248c8196565c9,SP,health_beauty,810.5,3,5.0,13.326666666666668
fe2032dab1a61af8794248c8196565c9,SP,perfumery,64879.21,290,4.389261744966443,15.46658940397351
fe26f3ecb51a15e6d8335cd92da42562,SP,auto,2408.9700000000003,6,4.333333333333333,36.75666666666667
fe49ee029e61e789a1f3a5525f57ba8d,SP,consoles_games,254.0,2,5.0,12.735
fe49ee029e61e789a1f3a5525f57ba8d,SP,cool_stuff,30.6,1,5.0,7.78
fe49ee029e61e789a1f3a5525f57ba8d,SP,luggage_accessories,244.2,2,5.0,8.11
fe49ee029e61e789a1f3a5525f57ba8d,SP,stationery,292.0,2,5.0,12.024999999999999
fe49ee029e61e789a1f3a5525f57ba8d,SP,toys,1652.8899999999999,9,3.6666666666666665,15.993333333333332
fe4cd9461203cee790d36792420b310f,MG,telephony,391.15,3,4.0,18.126666666666665
fe701d88b67eaca109dffd464d1be9f9,RJ,fashion_bags_accessories,1359.0,10,4.3,21.902
fe8055980a4ff7f64ed889c2b5926929,PR,auto,16.9,1,5.0,15.23
fe8055980a4ff7f64ed889c2b5926929,PR,electronics,179.8,2,4.5,19.025
fe87f472055fbcf1d7e691c00b1560dc,SP,housewares,1085.8,6,4.5,21.69333333333333
fe9d9cf8631285d5982c6e2cf27fb114,MG,sports_leisure,69.9,1,4.0,23.64
feb793c88d836c3a75efa4b5a3465d70,SP,garden_tools,466.0,1,5.0,64.17
febab0275244b9a49a623f0bd613ca2f,SP,housewares,6956.73,100,4.325,23.543333333333333
febab0275244b9a49a623f0bd613ca2f,SP,kitchen_dining_laundry_garden_furniture,70.49000000000001,2,3.0,20.38
febab0275244b9a49a623f0bd613ca2f,SP,musical_instruments,67.6,4,4.75,10.1325
fec6275253471ace26d209bbaa64cd0f,RJ,health_beauty,2840.0,9,4.6,35.567
fec8cd45395b3cb0c2b173d7739706a1,SP,toys,1280.0,4,3.75,24.235
fedaedd3ca31d56ab33e92035e4b361c,RJ,baby,39.9,1,4.0,10.96
fedf2c1386e137f296b3bbf3b635e69d,SP,construction_tools_lights,25.9,1,5.0,15.1
fedf2c1386e137f296b3bbf3b635e69d,SP,home_construction,105.84,1,2.0,16.32
ff063b022a9a0aab91bad2c9088760b7,SP,furniture_decor,4335.5,48,4.183673469387755,19.544285714285714
ff063b022a9a0aab91bad2c9088760b7,SP,garden_tools,5521.0,44,4.386363636363637,21.134666666666668
ff063b022a9a0aab91bad2c9088760b7,SP,industry_commerce_and_business,2220.0,2,4.5,38.019999999999996
ff1e15b778c700abdd4d239b81ac466d,PR,musical_instruments,59.9,1,5.0,11.91
ff1e15b778c700abdd4d239b81ac466d,PR,sports_leisure,354.4,6,4.5,17.158333333333335
ff1fb4c404b2efe68b03350a8dc24122,SP,baby,460.0,7,3.5714285714285716,15.258571428571429
ff1fb4c404b2efe68b03350a8dc24122,SP,cool_stuff,1550.0,4,3.5,43.307500000000005
ff1fb4c404b2efe68b03350a8dc24122,SP,electronics,45.0,1,4.0,15.23
ff1fb4c404b2efe68b03350a8dc24122,SP,health_beauty,160.0,2,4.75,7.4275
ff1fb4c404b2efe68b03350a8dc24122,SP,sports_leisure,260.0,1,5.0,26.66
ff1fb4c404b2efe68b03350a8dc24122,SP,toys,4296.0,31,4.125,17.0096875
ff4e2d38692ce827b1a4f4b8196e680d,SP,books_general_interest,273.9,4,4.75,15.455
ff4e2d38692ce827b1a4f4b8196e680d,SP,books_technical,245.0,7,4.0,12.637142857142859
ff4ea69c2a729e83e63c7579e4ef8170,SP,small_appliances,6368.0,8,5.0,19.9775
ff69aa92bb6b1bf9b8b7a51c2ed9cf8b,SP,baby,21341.8,19,3.6315789473684212,89.28421052631579
ff69aa92bb6b1bf9b8b7a51c2ed9cf8b,SP,cool_stuff,599.0,1,4.0,58.0
ff82e8873fba613f2261a9acc896fd84,MG,baby,54.699999999999996,3,3.0,14.563333333333333
ff82e8873fba613f2261a9acc896fd84,MG,cool_stuff,69.9,1,5.0,15.24
ffa6adafb71b807dc13159e26431354c,PR,auto,377.0,3,4.333333333333333,24.546666666666667
ffa6adafb71b807dc13159e26431354c,PR,cine_photo,576.0,4,3.75,22.6825
ffa6adafb71b807dc13159e26431354c,PR,cool_stuff,946.9,5,4.2,37.35
ffa6adafb71b807dc13159e26431354c,PR,garden_tools,274.0,2,4.0,21.275
ffa6adafb71b807dc13159e26431354c,PR,sports_leisure,327.0,3,3.3333333333333335,40.93666666666667
ffad1e7127fb622cb64a900751590acd,SP,baby,106.80000000000001,2,5.0,11.406666666666666
ffad1e7127fb622cb64a900751590acd,SP,furniture_decor,777.5,8,4.777777777777778,15.343333333333334
ffc470761de7d0232558ba5e786e57b7,SP,auto,29.88,1,5.0,19.32
ffc470761de7d0232558ba5e786e57b7,SP,construction_tools_construction,270.9,5,4.4,14.868
ffc470761de7d0232558ba5e786e57b7,SP,furniture_decor,25.9,1,5.0,19.09
ffc470761de7d0232558ba5e786e57b7,SP,garden_tools,391.13,4,5.0,14.512
ffc470761de7d0232558ba5e786e57b7,SP,housewares,410.40999999999997,9,3.8,11.523
ffc470761de7d0232558ba5e786e57b7,SP,signaling_and_security,169.98,1,3.0,24.72
ffc470761de7d0232558ba5e786e57b7,SP,sports_leisure,29.99,1,5.0,14.1
ffc470761de7d0232558ba5e786e57b7,SP,watches_gifts,200.94,5,4.6,11.402
ffdd9f82b9a447f6f8d4b91554cc7dd3,PR,furniture_decor,474.6,3,4.666666666666667,70.94
ffdd9f82b9a447f6f8d4b91554cc7dd3,PR,housewares,1626.6,15,4.176470588235294,30.27294117647059
ffeee66ac5d5a62fe688b9d26f83f534,SP,home_appliances,1839.8600000000001,14,4.214285714285714,29.977857142857143
fffd5413c0700ac820c7069d66d98c89,SP,furniture_decor,2068.2,11,3.8,40.35181818181818
fffd5413c0700ac820c7069d66d98c89,SP,furniture_living_room,66.3,1,1.0,42.52
fffd5413c0700ac820c7069d66d98c89,SP,housewares,6400.5,45,4.0,45.73717391304348
ffff564a4f9085cd26170f4732393726,SP,auto,267.0,5,2.2,16.298000000000002
ffff564a4f9085cd26170f4732393726,SP,electronics,23.0,2,5.0,10.96
ffff564a4f9085cd26170f4732393726,SP,market_place,69.0,1,5.0,11.94
